movieId,title,year,rating_promedio,total_votos
171011,Planet Earth II (2016),2016,4.45,1956
159817,Planet Earth (2006),2006,4.44,2948
170705,Band of Brothers (2001),2001,4.43,2811
318,"Shawshank Redemption, The (1994)",1994,4.4,102929
171495,Cosmos,,4.33,615
858,"Godfather, The (1972)",1972,4.32,66440
202439,Parasite (2019),2019,4.31,11670
179135,Blue Planet II (2017),2017,4.3,1163
198185,Twin Peaks (1989),1989,4.3,1140
220528,Twelve Angry Men (1954),1954,4.29,449
1203,12 Angry Men (1957),1957,4.27,21863
50,"Usual Suspects, The (1995)",1995,4.27,67750
1221,"Godfather: Part II, The (1974)",1974,4.26,43111
163809,Over the Garden Wall (2013),2013,4.26,1397
182723,Cosmos: A Spacetime Odissey,,4.25,594
2019,Seven Samurai (Shichinin no samurai) (1954),1954,4.25,16531
142115,The Blue Planet (2001),2001,4.25,1061
166024,Whiplash (2013),2013,4.24,3080
527,Schindler's List (1993),1993,4.24,73849
105250,"Century of the Self, The (2002)",2002,4.23,395
122282,Pride and Prejudice (1980),1980,4.23,54
2959,Fight Club (1999),1999,4.23,77332
904,Rear Window (1954),1954,4.23,24883
5618,Spirited Away (Sen to Chihiro no kamikakushi) (2001),2001,4.21,33333
286897,Spider-Man: Across the Spider-Verse (2023),2023,4.21,1133
1193,One Flew Over the Cuckoo's Nest (1975),1975,4.2,44592
176601,Black Mirror,,4.2,1027
750,Dr. Strangelove or: How I Learned to Stop Worrying and Love the Bomb (1964),1964,4.2,32830
44555,"Lives of Others, The (Das leben der Anderen) (2006)",2006,4.2,12273
296,Pulp Fiction (1994),1994,4.2,98409
922,Sunset Blvd. (a.k.a. Sunset Boulevard) (1950),1950,4.2,9072
912,Casablanca (1942),1942,4.19,32190
26082,Harakiri (Seppuku) (1962),1962,4.19,1270
1213,Goodfellas (1990),1990,4.19,42003
908,North by Northwest (1959),1959,4.19,20093
195159,Spider-Man: Into the Spider-Verse (2018),2018,4.19,10434
1212,"Third Man, The (1949)",1949,4.18,8823
3435,Double Indemnity (1944),1944,4.18,6586
157373,It's Such a Beautiful Day (2011),2011,4.18,330
6016,City of God (Cidade de Deus) (2002),2002,4.18,25688
1178,Paths of Glory (1957),1957,4.18,5490
228099,Firefly (2002),2002,4.18,922
6818,Come and See (Idi i smotri) (1985),1985,4.17,1498
100044,Human Planet (2011),2011,4.17,489
58559,"Dark Knight, The (2008)",2008,4.17,59334
3030,Yojimbo (1961),1961,4.17,5053
26587,"Decalogue, The (Dekalog) (1989)",1989,4.17,654
7926,High and Low (Tengoku to jigoku) (1963),1963,4.16,1260
3000,Princess Mononoke (Mononoke-hime) (1997),1997,4.16,17730
5971,My Neighbor Totoro (Tonari no Totoro) (1988),1988,4.16,13556
170777,There Once Was a Dog (1982),1982,4.16,428
926,All About Eve (1950),1950,4.16,6068
146327,Can't Change the Meeting Place (1979),1979,4.16,174
79132,Inception (2010),2010,4.16,57931
2571,"Matrix, The (1999)",1999,4.16,93808
112552,Whiplash (2014),2014,4.15,19477
1252,Chinatown (1974),1974,4.15,20730
160718,Piper (2016),2016,4.15,1918
1260,M (1931),1931,4.15,5728
1284,"Big Sleep, The (1946)",1946,4.15,6665
2324,Life Is Beautiful (La Vita è bella) (1997),1997,4.15,29819
593,"Silence of the Lambs, The (1991)",1991,4.15,90330
930,Notorious (1946),1946,4.15,5962
913,"Maltese Falcon, The (1941)",1941,4.15,14190
950,"Thin Man, The (1934)",1934,4.14,3837
163134,Your Name. (2016),2016,4.14,3764
1234,"Sting, The (1973)",1973,4.14,18416
4226,Memento (2000),2000,4.14,53658
1217,Ran (1985),1985,4.14,6350
2920,Children of Paradise (Les enfants du paradis) (1945),1945,4.14,1239
1136,Monty Python and the Holy Grail (1975),1975,4.14,46508
1207,To Kill a Mockingbird (1962),1962,4.13,18785
1204,Lawrence of Arabia (1962),1962,4.13,15772
1201,"Good, the Bad and the Ugly, The (Buono, il brutto, il cattivo, Il) (1966)",1966,4.13,22922
92475,All Watched Over by Machines of Loving Grace (2011),2011,4.13,235
109487,Interstellar (2014),2014,4.13,37157
171769,Isle of Flowers (1989),1989,4.13,87
898,"Philadelphia Story, The (1940)",1940,4.13,7445
48516,"Departed, The (2006)",2006,4.13,35236
131724,The Jinx: The Life and Deaths of Robert Durst (2015),2015,4.13,1285
2329,American History X (1998),1998,4.13,38967
1196,Star Wars: Episode V - The Empire Strikes Back (1980),1980,4.13,72151
93040,"Civil War, The (1990)",1990,4.13,545
90592,How to Die in Oregon (2011),2011,4.13,73
1172,Cinema Paradiso (Nuovo cinema Paradiso) (1989),1989,4.13,10982
1233,"Boot, Das (Boat, The) (1981)",1981,4.13,15804
170355,Mulholland Dr. (1999),1999,4.13,1481
231701,Kill Bill: The Whole Bloody Affair (2011),2011,4.13,254
169906,The Night Of (2016),2016,4.13,1137
1147,When We Were Kings (1996),1996,4.13,3998
1248,Touch of Evil (1958),1958,4.12,5718
134796,Bitter Lake (2015),2015,4.12,133
2859,Stop Making Sense (1984),1984,4.12,2622
147250,The Adventures of Sherlock Holmes and Doctor Watson,,4.12,180
1208,Apocalypse Now (1979),1979,4.12,32518
1197,"Princess Bride, The (1987)",1987,4.12,46957
173535,The Adventures of Sherlock Holmes and Doctor Watson: The Hunt for the Tiger (1980),1980,4.12,122
92259,Intouchables (2011),2011,4.12,18416
252710,Attack On Titan (2013),2013,4.12,283
48780,"Prestige, The (2006)",2006,4.12,32965
127052,Operation 'Y' & Other Shurik's Adventures (1965),1965,4.12,587
903,Vertigo (1958),1958,4.12,19529
608,Fargo (1996),1996,4.12,58031
3134,Grand Illusion (La grande illusion) (1937),1937,4.12,1963
1280,Raise the Red Lantern (Da hong deng long gao gao gua) (1991),1991,4.12,3664
905,It Happened One Night (1934),1934,4.11,5074
1254,"Treasure of the Sierra Madre, The (1948)",1948,4.11,6377
1209,Once Upon a Time in the West (C'era una volta il West) (1968),1968,4.11,7227
160289,O.J.: Made in America (2016),2016,4.11,658
6669,Ikiru (1952),1952,4.11,2069
31658,Howl's Moving Castle (Hauru no ugoku shiro) (2004),2004,4.11,16009
1198,Raiders of the Lost Ark (Indiana Jones and the Raiders of the Lost Ark) (1981),1981,4.11,67408
1148,Wallace & Gromit: The Wrong Trousers (1993),1993,4.11,17652
1945,On the Waterfront (1954),1954,4.11,6982
541,Blade Runner (1982),1982,4.11,46289
26073,"Human Condition III, The (Ningen no joken III) (1961)",1961,4.11,142
3089,Bicycle Thieves (a.k.a. The Bicycle Thief) (a.k.a. The Bicycle Thieves) (Ladri di biciclette) (1948),1948,4.11,4903
7099,Nausicaä of the Valley of the Wind (Kaze no tani no Naushika) (1984),1984,4.11,7392
116897,Wild Tales (2014),2014,4.11,2980
98491,Paperman (2012),2012,4.11,3725
5291,Rashomon (Rashômon) (1950),1950,4.11,6039
174703,I Am So Proud of You (2008),2008,4.1,101
147330,Sherlock Holmes and Dr. Watson: Acquaintance (1979),1979,4.1,207
1131,Jean de Florette (1986),1986,4.1,3524
2351,"Nights of Cabiria (Notti di Cabiria, Le) (1957)",1957,4.1,1631
670,"World of Apu, The (Apur Sansar) (1959)",1959,4.1,879
2186,Strangers on a Train (1951),1951,4.1,6568
2905,Sanjuro (Tsubaki Sanjûrô) (1962),1962,4.1,1788
1224,Henry V (1989),1989,4.1,4819
120807,John Mulaney: New In Town (2012),2012,4.1,678
158783,The Handmaiden (2016),2016,4.1,2710
260,Star Wars: Episode IV - A New Hope (1977),1977,4.1,85010
1949,"Man for All Seasons, A (1966)",1966,4.1,2374
174551,Obsession (1965),1965,4.1,56
5690,Grave of the Fireflies (Hotaru no haka) (1988),1988,4.1,6817
3307,City Lights (1931),1931,4.1,3995
127180,"Story of Film: An Odyssey, The (2011)",2011,4.1,129
1262,"Great Escape, The (1963)",1963,4.1,13217
745,Wallace & Gromit: A Close Shave (1995),1995,4.1,13944
720,Wallace & Gromit: The Best of Aardman Animation (1996),1996,4.09,8612
7153,"Lord of the Rings: The Return of the King, The (2003)",2003,4.09,67449
27423,"O Auto da Compadecida (Dog's Will, A) (2000)",2000,4.09,266
293,Léon: The Professional (a.k.a. The Professional) (Léon) (1994),1994,4.09,41846
96829,"Hunt, The (Jagten) (2012)",2012,4.09,5009
3429,Creature Comforts (1989),1989,4.09,2791
2858,American Beauty (1999),1999,4.09,65158
1189,"Thin Blue Line, The (1988)",1988,4.09,3126
1089,Reservoir Dogs (1992),1992,4.09,43730
4993,"Lord of the Rings: The Fellowship of the Ring, The (2001)",2001,4.09,73122
1704,Good Will Hunting (1997),1997,4.09,50824
1250,"Bridge on the River Kwai, The (1957)",1957,4.09,14726
2731,"400 Blows, The (Les quatre cents coups) (1959)",1959,4.09,4201
1267,"Manchurian Candidate, The (1962)",1962,4.09,10028
27773,Old Boy (2003),2003,4.09,17331
1276,Cool Hand Luke (1967),1967,4.09,13466
668,Song of the Little Road (Pather Panchali) (1955),1955,4.09,1074
192953,Ghost in the Shell: Stand Alone Complex - Individual Eleven (2006),2006,4.09,51
65188,Dear Zachary: A Letter to a Son About His Father (2008),2008,4.09,1312
7396,Scenes From a Marriage (Scener ur ett äktenskap) (1973),1973,4.09,806
136469,Larry David: Curb Your Enthusiasm (1999),1999,4.09,464
47,Seven (a.k.a. Se7en) (1995),1995,4.09,63298
3677,Baraka (1992),1992,4.09,2175
2203,Shadow of a Doubt (1943),1943,4.09,2785
114635,"Look of Silence, The (2014)",2014,4.09,261
5147,Wild Strawberries (Smultronstället) (1957),1957,4.09,2828
147290,Seventeen Moments in Spring (1973),1973,4.09,82
326,To Live (Huozhe) (1994),1994,4.08,1497
7327,Persona (1966),1966,4.08,2694
2357,Central Station (Central do Brasil) (1998),1998,4.08,2613
287699,Oppenheimer (2023),2023,4.08,1152
89985,"Trap: What Happened to Our Dream of Freedom, The (2007)",2007,4.08,85
4973,"Amelie (Fabuleux destin d'Amélie Poulain, Le) (2001)",2001,4.08,43459
7156,"Fog of War: Eleven Lessons from the Life of Robert S. McNamara, The (2003)",2003,4.08,3275
1232,Stalker (1979),1979,4.08,3905
6350,Laputa: Castle in the Sky (Tenkû no shiro Rapyuta) (1986),1986,4.08,7539
1237,"Seventh Seal, The (Sjunde inseglet, Det) (1957)",1957,4.08,6657
951,His Girl Friday (1940),1940,4.08,4897
3462,Modern Times (1936),1936,4.08,6051
1939,"Best Years of Our Lives, The (1946)",1946,4.08,2222
5008,Witness for the Prosecution (1957),1957,4.08,2641
1361,Paradise Lost: The Child Murders at Robin Hood Hills (1996),1996,4.08,1863
1256,Duck Soup (1933),1933,4.08,6391
111,Taxi Driver (1976),1976,4.08,36647
26699,Close-Up (Nema-ye Nazdik) (1990),1990,4.08,388
171749,Death Note: Desu nôto (2006–2007),,4.08,501
96606,Samsara (2011),2011,4.07,1393
135456,Ghost in the Shell: Stand Alone Complex - The Laughing Man (2005),2005,4.07,369
2360,"Celebration, The (Festen) (1998)",1998,4.07,3025
3022,"General, The (1926)",1926,4.07,3094
306,Three Colors: Red (Trois couleurs: Rouge) (1994),1994,4.07,8183
1225,Amadeus (1984),1984,4.07,24986
261955,The Rescue (2021),2021,4.07,152
5498,Red Beard (Akahige) (1965),1965,4.07,678
3077,42 Up (1998),1998,4.07,1225
5952,"Lord of the Rings: The Two Towers, The (2002)",2002,4.07,67463
142488,Spotlight (2015),2015,4.07,8867
923,Citizen Kane (1941),1941,4.07,22920
3196,Stalag 17 (1953),1953,4.07,3233
678,Some Folks Call It a Sling Blade (1993),1993,4.07,2739
6896,Shoah (1985),1985,4.07,352
99764,It's Such a Beautiful Day (2012),2012,4.07,706
2935,"Lady Eve, The (1941)",1941,4.07,1678
8684,"Man Escaped, A (Un  condamné à mort s'est échappé ou Le vent souffle où il veut) (1956)",1956,4.07,677
26003,Night and Fog (Nuit et brouillard) (1955),1955,4.07,591
1214,Alien (1979),1979,4.07,45211
1299,"Killing Fields, The (1984)",1984,4.07,7712
4011,Snatch (2000),2000,4.07,32509
3468,"Hustler, The (1961)",1961,4.07,4997
7361,Eternal Sunshine of the Spotless Mind (2004),2004,4.07,44430
928,Rebecca (1940),1940,4.06,5879
1132,Manon of the Spring (Manon des sources) (1986),1986,4.06,3233
1219,Psycho (1960),1960,4.06,27027
3819,Tampopo (1985),1985,4.06,2152
3224,Woman in the Dunes (Suna no onna) (1964),1964,4.06,1031
6643,Tokyo Story (Tôkyô monogatari) (1953),1953,4.06,1439
53883,"Power of Nightmares, The: The Rise of the Politics of Fear (2004)",2004,4.06,275
969,"African Queen, The (1951)",1951,4.06,11693
31545,"Trou, Le (Hole, The) (Night Watch, The) (1960)",1960,4.06,360
2330,Hands on a Hard Body (1996),1996,4.06,849
148626,"Big Short, The (2015)",2015,4.06,14997
179173,Rabbit of Seville (1950),1950,4.06,257
26131,"Battle of Algiers, The (La battaglia di Algeri) (1966)",1966,4.06,1883
202749,Portrait of a Lady on Fire (2019),2019,4.06,1586
1617,L.A. Confidential (1997),1997,4.06,32831
136447,George Carlin: You Are All Diseased (1999),1999,4.05,276
134849,Duck Amuck (1953),1953,4.05,406
800,Lone Star (1996),1996,4.05,7322
5782,"Professional, The (Le professionnel) (1981)",1981,4.05,4835
3090,Matewan (1987),1987,4.05,1196
4144,In the Mood For Love (Fa yeung nin wa) (2000),2000,4.05,4146
5995,"Pianist, The (2002)",2002,4.05,22683
143511,Human (2015),2015,4.05,161
356,Forrest Gump (1994),1994,4.05,100296
3469,Inherit the Wind (1960),1960,4.05,2230
102666,Ivan Vasilievich: Back to the Future (Ivan Vasilievich menyaet professiyu) (1973),1973,4.05,736
270698,Everything Everywhere All at Once (2022),2022,4.05,3989
55820,No Country for Old Men (2007),2007,4.05,27384
115969,Generation War (2013),2013,4.05,129
1222,Full Metal Jacket (1987),1987,4.05,32501
2028,Saving Private Ryan (1998),1998,4.05,58368
31364,Memories of Murder (Salinui chueok) (2003),2003,4.05,2860
147326,The Adventures of Sherlock Holmes and Doctor Watson: King of Blackmailers (1980),1980,4.05,155
942,Laura (1944),1944,4.05,3235
147328,The Adventures of Sherlock Holmes and Dr. Watson: Bloody Signature (1979),1979,4.05,198
910,Some Like It Hot (1959),1959,4.05,13608
1041,Secrets & Lies (1996),1996,4.05,5851
7766,Throne of Blood (Kumonosu jô) (1957),1957,4.05,1724
32657,"Man Who Planted Trees, The (Homme qui plantait des arbres, L') (1987)",1987,4.05,344
916,Roman Holiday (1953),1953,4.05,7573
116136,Olive Kitteridge (2014),2014,4.05,325
2066,Out of the Past (1947),1947,4.05,1486
196067,The Dawn Wall (2018),2018,4.05,340
86781,Incendies (2010),2010,4.05,2162
164179,Arrival (2016),2016,4.05,19742
32853,"Sorrow and the Pity, The (Le chagrin et la pitié) (1969)",1969,4.05,166
2208,"Lady Vanishes, The (1938)",1938,4.05,2760
146028,The Adventures of Sherlock Holmes and Dr. Watson: The Hound of the Baskervilles (1981),1981,4.04,256
899,Singin' in the Rain (1952),1952,4.04,12913
1223,"Grand Day Out with Wallace and Gromit, A (1989)",1989,4.04,8854
207313,Knives Out (2019),2019,4.04,10740
58425,Heima (2007),2007,4.04,320
111130,Powers of Ten (1977),1977,4.04,166
1304,Butch Cassidy and the Sundance Kid (1969),1969,4.04,17587
183423,AlphaGo (2017),2017,4.04,530
165969,HyperNormalisation (2016),2016,4.04,302
28,Persuasion (1995),1995,4.04,3310
167792,"What's Opera, Doc? (1957)",1957,4.04,199
26048,"Human Condition II, The (Ningen no joken II) (1959)",1959,4.04,150
953,It's a Wonderful Life (1946),1946,4.04,18374
1244,Manhattan (1979),1979,4.04,10130
208703,1917 (2019),2019,4.04,6884
104879,Prisoners (2013),2013,4.04,9541
68157,Inglourious Basterds (2009),2009,4.04,34888
1228,Raging Bull (1980),1980,4.04,13049
26662,Kiki's Delivery Service (Majo no takkyûbin) (1989),1989,4.04,6855
1258,"Shining, The (1980)",1980,4.04,38640
2937,"Palm Beach Story, The (1942)",1942,4.04,994
3091,Kagemusha (1980),1980,4.04,1708
26366,Harlan County U.S.A. (1976),1976,4.04,279
3147,"Green Mile, The (1999)",1999,4.04,38965
945,Top Hat (1935),1935,4.03,2308
1950,In the Heat of the Night (1967),1967,4.03,4151
214,Before the Rain (Pred dozhdot) (1994),1994,4.03,1000
911,Charade (1963),1963,4.03,5117
3470,Dersu Uzala (1975),1975,4.03,1294
148667,John Mulaney: The Comeback Kid (2015),2015,4.03,679
116845,Valley Uprising (2014),2014,4.03,74
1281,"Great Dictator, The (1940)",1940,4.03,5484
1230,Annie Hall (1977),1977,4.03,19323
3035,Mister Roberts (1955),1955,4.03,2644
1086,Dial M for Murder (1954),1954,4.03,7252
107412,"Kidnapping, Caucasian Style (Kavkazskaya plennitsa) (1967)",1967,4.03,384
56782,There Will Be Blood (2007),2007,4.03,15494
5932,Burden of Dreams (1982),1982,4.03,461
136445,George Carlin: Back in Town (1996),1996,4.03,191
187531,John Mulaney: Kid Gorgeous at Radio City (2018),2018,4.03,478
4427,"Lion in Winter, The (1968)",1968,4.03,1852
193950,Free Solo (2018),2018,4.03,2049
136449,Ghost in the Shell 2.0 (2008),2008,4.03,967
1283,High Noon (1952),1952,4.03,5840
3629,"Gold Rush, The (1925)",1925,4.03,2901
3038,"Face in the Crowd, A (1957)",1957,4.03,777
100556,"Act of Killing, The (2012)",2012,4.03,1124
232,Eat Drink Man Woman (Yin shi nan nu) (1994),1994,4.03,6295
109374,"Grand Budapest Hotel, The (2014)",2014,4.03,21554
909,"Apartment, The (1960)",1960,4.03,6921
2132,Who's Afraid of Virginia Woolf? (1966),1966,4.03,3721
6787,All the President's Men (1976),1976,4.03,6274
27156,"Neon Genesis Evangelion: The End of Evangelion (Shin seiki Evangelion Gekijô-ban: Air/Magokoro wo, kimi ni) (1997)",1997,4.03,1727
167832,The Invisible Guest (2016),2016,4.03,1343
2542,"Lock, Stock & Two Smoking Barrels (1998)",1998,4.03,24152
7256,Touching the Void (2003),2003,4.03,2851
183437,World of Tomorrow Episode Two: The Burden of Other People's Thoughts (2017),2017,4.03,167
99114,Django Unchained (2012),2012,4.03,32043
3983,You Can Count on Me (2000),2000,4.03,3164
1251,8 1/2 (8½) (1963),1963,4.03,4322
26150,Andrei Rublev (Andrey Rublyov) (1969),1969,4.03,1320
2843,"Black Cat, White Cat (Crna macka, beli macor) (1998)",1998,4.03,1859
246,Hoop Dreams (1994),1994,4.02,10852
134130,The Martian (2015),2015,4.02,28104
130970,George Carlin: Life Is Worth Losing (2005),2005,4.02,343
165069,Baseball (1994),1994,4.02,81
3730,"Conversation, The (1974)",1974,4.02,5693
4432,Sweet Smell of Success (1957),1957,4.02,1170
140265,George Carlin: Jammin' in New York (1992),1992,4.02,247
188773,Shoplifters (2018),2018,4.02,1346
7566,28 Up (1985),1985,4.02,897
1269,Arsenic and Old Lace (1944),1944,4.02,7650
96966,Laurence Anyways (2012),2012,4.02,273
1272,Patton (1970),1970,4.02,9065
178613,Dave Chappelle: Killin' Them Softly (2000),2000,4.02,343
947,My Man Godfrey (1936),1936,4.02,2097
1218,"Killer, The (Die xue shuang xiong) (1989)",1989,4.02,3132
8477,"Jetée, La (1962)",1962,4.02,1532
6433,"Man with the Movie Camera, The (Chelovek s kino-apparatom) (1929)",1929,4.02,859
3415,"Mirror, The (Zerkalo) (1975)",1975,4.02,1266
1247,"Graduate, The (1967)",1967,4.02,22319
166291,A Silent Voice (2016),2016,4.02,893
6985,"Passion of Joan of Arc, The (Passion de Jeanne d'Arc, La) (1928)",1928,4.02,1375
32460,Knockin' on Heaven's Door (1997),1997,4.02,1002
117444,Song of the Sea (2014),2014,4.02,1680
6650,Kind Hearts and Coronets (1949),1949,4.02,1216
97673,56 Up (2012),2012,4.02,236
152970,Hunt for the Wilderpeople (2016),2016,4.02,3244
3811,Breaker Morant (1980),1980,4.02,1877
177765,Coco (2017),2017,4.02,9638
50658,49 Up (2005),2005,4.02,513
225758,David Attenborough: A Life on Our Planet (2020),2020,4.02,384
4298,Rififi (Du rififi chez les hommes) (1955),1955,4.02,1135
2931,Time of the Gypsies (Dom za vesanje) (1989),1989,4.02,590
148881,World of Tomorrow (2015),2015,4.02,600
50740,Seven Up! (1964),1964,4.02,575
213,Burnt by the Sun (Utomlyonnye solntsem) (1994),1994,4.02,1994
5475,Z (1969),1969,4.02,893
7700,"Wages of Fear, The (Salaire de la peur, Le) (1953)",1953,4.02,1299
93988,North & South (2004),2004,4.01,463
8228,"Maltese Falcon, The (a.k.a. Dangerous Female) (1931)",1931,4.01,3323
2726,"Killing, The (1956)",1956,4.01,2876
46855,Army of Shadows (L'armée des ombres) (1969),1969,4.01,604
906,Gaslight (1944),1944,4.01,2475
7767,"Best of Youth, The (La meglio gioventù) (2003)",2003,4.01,600
2936,Sullivan's Travels (1941),1941,4.01,1743
3504,Network (1976),1976,4.01,6985
1211,"Wings of Desire (Himmel über Berlin, Der) (1987)",1987,4.01,4387
82,Antonia's Line (Antonia) (1995),1995,4.01,2555
115122,What We Do in the Shadows (2014),2014,4.01,4918
168282,George Carlin: Playin' with Your Head (1986),1986,4.01,51
6918,"Unvanquished, The (Aparajito) (1957)",1957,4.01,469
778,Trainspotting (1996),1996,4.01,35303
954,Mr. Smith Goes to Washington (1939),1939,4.01,6583
7938,Winter Light (Nattvardsgästerna) (1963),1963,4.01,659
74727,Gentlemen of Fortune (Dzhentlmeny udachi) (1972),1972,4.01,682
1288,This Is Spinal Tap (1984),1984,4.01,19492
60069,WALL·E (2008),2008,4.01,39993
1300,My Life as a Dog (Mitt liv som hund) (1985),1985,4.01,3690
1200,Aliens (1986),1986,4.01,38846
71033,"Secret in Their Eyes, The (El secreto de sus ojos) (2009)",2009,4.01,3143
1199,Brazil (1985),1985,4.01,18702
68237,Moon (2009),2009,4.01,15744
77846,12 Angry Men (1997),1997,4.01,1046
38159,"Short Film About Love, A (Krótki film o milosci) (1988)",1988,4.01,485
172587,Vacations in Prostokvashino (1980),1980,4.01,166
26903,Whisper of the Heart (Mimi wo sumaseba) (1995),1995,4.01,1745
955,Bringing Up Baby (1938),1938,4.01,5210
4325,"Night, The (Notte, La) (1960)",1960,4.01,498
97,"Hate (Haine, La) (1995)",1995,4.0,3509
2973,Crimes and Misdemeanors (1989),1989,4.0,4760
602,"Great Day in Harlem, A (1994)",1994,4.0,334
283577,Past Lives (2023),2023,4.0,125
8638,Before Sunset (2004),2004,4.0,6417
123,Chungking Express (Chung Hing sam lam) (1994),1994,4.0,3534
1303,"Man Who Would Be King, The (1975)",1975,4.0,3918
3801,Anatomy of a Murder (1959),1959,4.0,2368
3681,For a Few Dollars More (Per qualche dollaro in più) (1965),1965,4.0,6977
6123,Sunless (Sans Soleil) (1983),1983,4.0,439
1264,Diva (1981),1981,4.0,2701
2762,"Sixth Sense, The (1999)",1999,4.0,57010
90947,"Oslo, August 31st (Oslo, 31. august) (2011)",2011,4.0,319
126430,The Pacific (2010),2010,4.0,839
169252,Everything Will Be OK (2006),2006,4.0,201
8785,Early Summer (Bakushû) (1951),1951,4.0,228
7587,"Samouraï, Le (Godson, The) (1967)",1967,4.0,1506
1236,Trust (1990),1990,4.0,1054
8656,"Short Film About Killing, A (Krótki film o zabijaniu) (1988)",1988,4.0,733
8516,"Matter of Life and Death, A (Stairway to Heaven) (1946)",1946,4.0,564
3359,Breaking Away (1979),1979,4.0,3371
134252,That Munchhausen (1979),1979,4.0,154
256567,Flee (2021),2021,4.0,112
4806,"Shop on Main Street, The (Obchod na korze) (1965)",1965,4.0,255
168760,Cosy Dens (1999),1999,4.0,50
31410,"Downfall (Untergang, Der) (2004)",2004,4.0,7328
1446,Kolya (Kolja) (1996),1996,4.0,2315
1273,Down by Law (1986),1986,4.0,3267
1358,Sling Blade (1996),1996,4.0,14354
219994,The Father (2020),2020,4.0,1153
1900,"Children of Heaven, The (Bacheha-Ye Aseman) (1997)",1997,4.0,1046
66371,Departures (Okuribito) (2008),2008,4.0,1338
6611,Umberto D. (1952),1952,4.0,648
177593,"Three Billboards Outside Ebbing, Missouri (2017)",2017,4.0,7586
162,Crumb (1994),1994,4.0,6363
101962,Wolf Children (Okami kodomo no ame to yuki) (2012),2012,4.0,1192
6783,"Rules of the Game, The (La règle du jeu) (1939)",1939,4.0,1123
994,Big Night (1996),1996,4.0,5457
924,2001: A Space Odyssey (1968),1968,4.0,35934
8014,"Spring, Summer, Fall, Winter... and Spring (Bom yeoreum gaeul gyeoul geurigo bom) (2003)",2003,3.99,2678
32906,"Ascent, The (Voskhozhdeniye) (1977)",1977,3.99,184
50742,7 Plus Seven (1970),1970,3.99,362
1266,Unforgiven (1992),1992,3.99,17593
121374,Bill Burr: Why Do I Do This? (2008),2008,3.99,222
85774,Senna (2010),2010,3.99,2190
74458,Shutter Island (2010),2010,3.99,29096
80906,Inside Job (2010),2010,3.99,2912
4235,Amores Perros (Love's a Bitch) (2000),2000,3.99,7703
7215,To Have and Have Not (1944),1944,3.99,1214
1732,"Big Lebowski, The (1998)",1998,3.99,36349
116797,The Imitation Game (2014),2014,3.99,24460
175791,LA 92 (2017),2017,3.99,131
7234,"Strada, La (1954)",1954,3.99,1502
363,"Wonderful, Horrible Life of Leni Riefenstahl, The (Macht der Bilder: Leni Riefenstahl, Die) (1993)",1993,3.99,645
2131,Autumn Sonata (Höstsonaten) (1978),1978,3.99,823
139195,Jim Henson's The Storyteller (1989),1989,3.99,61
1210,Star Wars: Episode VI - Return of the Jedi (1983),1983,3.99,67496
126090,Hedgehog in the Fog (1975),1975,3.99,411
5912,Hit the Bank (Vabank) (1981),1981,3.99,115
168250,Get Out (2017),2017,3.99,11679
2502,Office Space (1999),1999,3.99,28330
118085,"Welcome, or No Trespassing (1964)",1964,3.99,111
145994,Formula of Love (1984),1984,3.99,107
3634,Seven Days in May (1964),1964,3.99,1013
26712,35 Up (1991),1991,3.99,474
104944,Short Term 12 (2013),2013,3.99,2180
275503,Aftersun (2022),2022,3.99,495
110,Braveheart (1995),1995,3.99,69482
96488,Searching for Sugar Man (2012),2012,3.99,1837
115713,Ex Machina (2015),2015,3.99,20588
42783,Shadows of Our Forgotten Ancestors (Tini zabutykh predkiv) (1964),1964,3.99,122
95604,The War (2007),2007,3.99,81
1080,Monty Python's Life of Brian (1979),1979,3.99,27292
137904,"I, Claudius (1976)",1976,3.99,117
42217,Late Spring (Banshun) (1949),1949,3.99,422
1291,Indiana Jones and the Last Crusade (1989),1989,3.99,46401
741,Ghost in the Shell (Kôkaku kidôtai) (1995),1995,3.99,10719
141818,Ordinary Miracle (1978),1978,3.99,150
1259,Stand by Me (1986),1986,3.99,27367
3789,"Pawnbroker, The (1964)",1964,3.99,711
7669,Pride and Prejudice (1995),1995,3.99,3088
7071,"Woman Under the Influence, A (1974)",1974,3.99,687
140737,The Lost Room (2006),2006,3.99,430
27033,"Kingdom II, The (Riget II) (1997)",1997,3.99,283
77854,"Work of Director Michel Gondry, The (2003)",2003,3.99,244
33779,Eddie Izzard: Dress to Kill (1999),1999,3.99,626
25954,Orpheus (Orphée) (1950),1950,3.99,380
1206,"Clockwork Orange, A (1971)",1971,3.99,36818
8188,Sansho the Bailiff (Sanshô dayû) (1954),1954,3.99,401
3095,"Grapes of Wrath, The (1940)",1940,3.98,4188
7013,"Night of the Hunter, The (1955)",1955,3.98,2474
3097,"Shop Around the Corner, The (1940)",1940,3.98,2052
3949,Requiem for a Dream (2000),2000,3.98,29235
2925,"Conformist, The (Conformista, Il) (1970)",1970,3.98,1239
176423,Icarus (2017),2017,3.98,883
120478,The Salt of the Earth (2014),2014,3.98,328
3683,Blood Simple (1984),1984,3.98,6467
49085,"Big City, The (Mahanagar) (1963)",1963,3.98,59
27344,Revolutionary Girl Utena: Adolescence of Utena (a.k.a. Revolutionary Girl Utena the Movie) (Shoujo kakumei Utena: Adolescence mokushiroku) (1999),1999,3.98,59
3741,Badlands (1973),1973,3.98,3182
166643,Hidden Figures (2016),2016,3.98,5669
5385,"Last Waltz, The (1978)",1978,3.98,1156
1104,"Streetcar Named Desire, A (1951)",1951,3.98,7208
307,Three Colors: Blue (Trois couleurs: Bleu) (1993),1993,3.98,7741
55721,Elite Squad (Tropa de Elite) (2007),2007,3.98,2174
172577,Last Year's Snow Was Falling (1983),1983,3.98,247
3088,Harvey (1950),1950,3.98,4082
2068,Fanny and Alexander (Fanny och Alexander) (1982),1982,3.98,2385
3152,"Last Picture Show, The (1971)",1971,3.98,3213
2788,Monty Python's And Now for Something Completely Different (1971),1971,3.98,6773
26578,"Sacrifice, The (Offret - Sacraficatio) (1986)",1986,3.98,604
7132,"Night at the Opera, A (1935)",1935,3.98,1989
52767,21 Up (1977),1977,3.98,542
936,Ninotchka (1939),1939,3.98,1601
85342,Elite Squad: The Enemy Within (Tropa de Elite 2 - O Inimigo Agora É Outro) (2010),2010,3.98,1987
1293,Gandhi (1982),1982,3.98,11078
259919,The Alpinist (2021),2021,3.98,122
290,Once Were Warriors (1994),1994,3.98,4199
3083,All About My Mother (Todo sobre mi madre) (1999),1999,3.98,5249
52104,"Moment of Innocence, A (Nun va Goldoon) (1996)",1996,3.98,72
1227,Once Upon a Time in America (1984),1984,3.98,5925
118166,Courier (1987),1987,3.98,139
41627,Samurai Rebellion (Jôi-uchi: Hairyô tsuma shimatsu) (1967),1967,3.98,272
147300,Adventures Of Sherlock Holmes And Dr. Watson: The Twentieth Century Approaches (1986),1986,3.98,135
1278,Young Frankenstein (1974),1974,3.98,18311
36363,Kin-Dza-Dza! (1986),1986,3.98,796
7096,Rivers and Tides (2001),2001,3.98,322
2810,Perfect Blue (1997),1997,3.98,2826
115569,Nightcrawler (2014),2014,3.98,13215
1952,Midnight Cowboy (1969),1969,3.98,7513
3334,Key Largo (1948),1948,3.98,3211
581,"Celluloid Closet, The (1995)",1995,3.98,1938
57183,Like Stars on Earth (Taare Zameen Par) (2007),2007,3.98,636
1263,"Deer Hunter, The (1978)",1978,3.98,13621
1719,"Sweet Hereafter, The (1997)",1997,3.98,3942
4422,Cries and Whispers (Viskningar och rop) (1972),1972,3.97,1037
7505,"Kingdom, The (Riget) (1994)",1994,3.97,504
26729,Hearts of Darkness: A Filmmakers Apocalypse (1991),1991,3.97,1287
1066,Shall We Dance (1937),1937,3.97,1477
2010,Metropolis (1927),1927,3.97,7290
8484,"Human Condition I, The (Ningen no joken I) (1959)",1959,3.97,226
82143,Alone in the Wilderness (2004),2004,3.97,410
2804,"Christmas Story, A (1983)",1983,3.97,15016
6509,Ali: Fear Eats the Soul (Angst essen Seele auf) (1974),1974,3.97,609
7939,Through a Glass Darkly (Såsom i en spegel) (1961),1961,3.97,732
59753,Memories of Matsuko (Kiraware Matsuko no isshô) (2006),2006,3.97,73
933,To Catch a Thief (1955),1955,3.97,5728
8125,Sunrise: A Song of Two Humans (1927),1927,3.97,868
6777,Judgment at Nuremberg (1961),1961,3.97,1289
73881,3 Idiots (2009),2009,3.97,2147
1289,Koyaanisqatsi (a.k.a. Koyaanisqatsi: Life Out of Balance) (1983),1983,3.97,3422
26090,"Easy Life, The (Il Sorpasso) (1962)",1962,3.97,137
104374,About Time (2013),2013,3.97,7969
1292,Being There (1979),1979,3.97,7154
457,"Fugitive, The (1993)",1993,3.97,57073
90341,Catching Hell (2011),2011,3.97,65
1270,Back to the Future (1985),1985,3.97,61879
195671,An Elephant Sitting Still (2018),2018,3.97,81
48394,"Pan's Labyrinth (Laberinto del fauno, El) (2006)",2006,3.97,26258
89759,"Separation, A (Jodaeiye Nader az Simin) (2011)",2011,3.97,2476
194448,Green Book (2018),2018,3.97,5577
1192,Paris Is Burning (1990),1990,3.97,1443
205156,Jojo Rabbit (2019),2019,3.97,6094
106889,Tim's Vermeer (2013),2013,3.97,358
1235,Harold and Maude (1971),1971,3.97,9462
58,"Postman, The (Postino, Il) (1994)",1994,3.97,11659
67504,Land of Silence and Darkness (Land des Schweigens und der Dunkelheit) (1971),1971,3.97,62
7063,"Aguirre: The Wrath of God (Aguirre, der Zorn Gottes) (1972)",1972,3.97,2313
30749,Hotel Rwanda (2004),2004,3.97,14276
85312,"House of Small Cubes, The (Tsumiki no ie) (2008)",2008,3.97,302
138835,Return to Treasure Island (1988),1988,3.97,181
4928,That Obscure Object of Desire (Cet obscur objet du désir) (1977),1977,3.97,884
8128,Au revoir les enfants (1987),1987,3.97,1063
129514,George Carlin: It's Bad for Ya! (2008),2008,3.97,665
69524,Raiders of the Lost Ark: The Adaptation (1989),1989,3.97,1312
965,"39 Steps, The (1935)",1935,3.97,4207
34405,Serenity (2005),2005,3.97,15364
7116,Diabolique (Les diaboliques) (1955),1955,3.96,1761
94959,Moonrise Kingdom (2012),2012,3.96,12136
3338,For All Mankind (1989),1989,3.96,401
93721,Jiro Dreams of Sushi (2011),2011,3.96,2357
100714,Before Midnight (2013),2013,3.96,3119
91529,"Dark Knight Rises, The (2012)",2012,3.96,30369
141946,Meru (2015),2015,3.96,247
163112,Winnie the Pooh Goes Visiting (1971),1971,3.96,191
51455,God Grew Tired of Us (2006),2006,3.96,68
2970,Fitzcarraldo (1982),1982,3.96,1791
665,Underground (1995),1995,3.96,1499
26094,"Eclisse, L' (Eclipse) (1962)",1962,3.96,467
171647,Pink Floyd: Live at Pompeii (1972),1972,3.96,120
3037,Little Big Man (1970),1970,3.96,4273
136477,One Froggy Evening (1955),1955,3.96,211
589,Terminator 2: Judgment Day (1991),1991,3.96,68383
556,"War Room, The (1993)",1993,3.96,1288
6331,Spellbound (2002),2002,3.96,3177
175397,"In the blue sea, in the white foam. (1984)",1984,3.96,78
3362,Dog Day Afternoon (1975),1975,3.96,9597
3578,Gladiator (2000),2000,3.96,57449
27834,"Return, The (Vozvrashcheniye) (2003)",2003,3.96,900
6660,"Red Shoes, The (1948)",1948,3.96,901
2692,Run Lola Run (Lola rennt) (1998),1998,3.96,22239
254726,Dune (2021),2021,3.96,5332
3989,One Day in September (1999),1999,3.96,620
30856,Rebels of the Neon God (Qing shao nian nuo zha) (1992),1992,3.96,97
4995,"Beautiful Mind, A (2001)",2001,3.96,41139
31437,Nobody Knows (Dare mo shiranai) (2004),2004,3.96,710
139106,You Don't Know Bo (2012),2012,3.96,72
8491,White Heat (1949),1949,3.96,875
111759,Edge of Tomorrow (2014),2014,3.96,19760
172589,Winter in Prostokvashino (1984),1984,3.96,131
8542,"Day at the Races, A (1937)",1937,3.96,1040
118302,The Pokrovsky Gates (1983),1983,3.96,118
1245,Miller's Crossing (1990),1990,3.96,7280
246604,Evangelion: 3.0+1.0 Thrice Upon a Time (2021),2021,3.96,141
5878,Talk to Her (Hable con Ella) (2002),2002,3.96,4476
1242,Glory (1989),1989,3.96,13152
3198,Papillon (1973),1973,3.96,5270
176371,Blade Runner 2049 (2017),2017,3.96,11094
26325,Hearts and Minds (1974),1974,3.96,128
7981,Infernal Affairs (Mou gaan dou) (2002),2002,3.96,3041
109889,Cranford (2007),2007,3.96,58
5017,"Big Heat, The (1953)",1953,3.96,880
5989,Catch Me If You Can (2002),2002,3.96,38652
164280,Endless Poetry (2016),2016,3.96,80
157318,Perfect Strangers (2016),2016,3.96,639
6273,In a Lonely Place (1950),1950,3.96,784
154358,The Barkley Marathons: The Race That Eats Its Young (2015),2015,3.96,203
1111,Microcosmos (Microcosmos: Le peuple de l'herbe) (1996),1996,3.96,1960
5319,Nine Queens (Nueve reinas) (2000),2000,3.96,1774
4783,"Endurance: Shackleton's Legendary Antarctic Expedition, The (2000)",2000,3.96,693
69761,Through the Olive Trees (Zire darakhatan zeyton) (1994),1994,3.96,89
3467,Hud (1963),1963,3.95,1711
4406,"Man Who Shot Liberty Valance, The (1962)",1962,3.95,2425
3645,Cleo from 5 to 7 (Cléo de 5 à 7) (1962),1962,3.95,637
2677,Buena Vista Social Club (1999),1999,3.95,2877
5304,"Rome, Open City (a.k.a. Open City) (Roma, città aperta) (1945)",1945,3.95,747
203375,Ford v. Ferrari (2019),2019,3.95,4908
112556,Gone Girl (2014),2014,3.95,20160
7925,"Hidden Fortress, The (Kakushi-toride no san-akunin) (1958)",1958,3.95,1463
5825,"Life and Death of Colonel Blimp, The (1943)",1943,3.95,487
1238,Local Hero (1983),1983,3.95,3342
86345,Louis C.K.: Hilarious (2010),2010,3.95,2158
185927,Wild Wild Country (2018),2018,3.95,725
5121,Stroszek (1977),1977,3.95,523
1046,Beautiful Thing (1996),1996,3.95,1415
101850,Death on the Staircase (Soupçons) (2004),2004,3.95,305
68954,Up (2009),2009,3.95,36382
197879,Apollo 11 (2019),2019,3.95,784
4334,Yi Yi (2000),2000,3.95,983
116975,Long Way Round (2004),2004,3.95,70
104072,The Count of Monte Cristo (1998),1998,3.95,50
2927,Brief Encounter (1946),1946,3.95,1309
30803,3-Iron (Bin-jip) (2004),2004,3.95,1644
68956,Late Autumn (Akibiyori) (1960),1960,3.95,98
118888,Dave Chappelle: For What it's Worth (2004),2004,3.95,448
8620,"Exterminating Angel, The (Ángel exterminador, El) (1962)",1962,3.95,868
4920,"Now, Voyager (1942)",1942,3.95,597
26326,"Holy Mountain, The (Montaña sagrada, La) (1973)",1973,3.95,1181
25850,Holiday (1938),1938,3.95,604
33264,Satan's Tango (Sátántangó) (1994),1994,3.95,182
1175,Delicatessen (1991),1991,3.95,8405
2070,Tender Mercies (1983),1983,3.95,1803
3814,Love and Death (1975),1975,3.95,2136
2951,"Fistful of Dollars, A (Per un pugno di dollari) (1964)",1964,3.95,9062
3736,"Ace in the Hole (Big Carnival, The) (1951)",1951,3.95,929
1927,All Quiet on the Western Front (1930),1930,3.95,2947
599,"Wild Bunch, The (1969)",1969,3.95,3824
104636,TT3D: Closer to the Edge (2011),2011,3.95,65
159849,Bo Burnham: Make Happy (2016),2016,3.95,491
76208,"Cremator, The (Spalovac mrtvol) (1969)",1969,3.95,176
2932,Days of Heaven (1978),1978,3.95,2098
32892,Ivan's Childhood (a.k.a. My Name is Ivan) (Ivanovo detstvo) (1962),1962,3.95,755
95654,Geri's Game (1997),1997,3.95,1385
7979,Monterey Pop (1968),1968,3.95,339
139100,Once Brothers (2010),2010,3.95,64
17,Sense and Sensibility (1995),1995,3.95,22251
33154,Enron: The Smartest Guys in the Room (2005),2005,3.95,1839
2624,After Life (Wandafuru raifu) (1998),1998,3.94,900
26550,Mishima: A Life in Four Chapters (1985),1985,3.94,272
6981,"Ordet (Word, The) (1955)",1955,3.94,371
170425,Monsieur & Madame Adelman (2017),2017,3.94,54
250010,Bo Burnham: Inside (2021),2021,3.94,1602
206399,For Sama (2019),2019,3.94,99
5022,"Servant, The (1963)",1963,3.94,350
61240,Let the Right One In (Låt den rätte komma in) (2008),2008,3.94,7318
7820,"Virgin Spring, The (Jungfrukällan) (1960)",1960,3.94,841
2819,Three Days of the Condor (3 Days of the Condor) (1975),1975,3.94,4117
69529,Home (2009),2009,3.94,498
116951,Bo Burnham: what. (2013),2013,3.94,480
5120,Sleuth (1972),1972,3.94,1730
86347,Louis C.K.: Chewed Up (2008),2008,3.94,1702
188829,Capernaum (2018),2018,3.94,460
3265,Hard-Boiled (Lat sau san taam) (1992),1992,3.94,3238
1734,My Life in Pink (Ma vie en rose) (1997),1997,3.94,1918
1036,Die Hard (1988),1988,3.94,45553
140174,Room (2015),2015,3.94,6391
55908,"Man from Earth, The (2007)",2007,3.94,4306
27366,Werckmeister Harmonies (Werckmeister harmóniák) (2000),2000,3.94,308
119153,Bill Burr: You People Are All the Same (2012),2012,3.94,280
37240,Why We Fight (2005),2005,3.94,872
27815,"Chorus, The (Choristes, Les) (2004)",2004,3.94,1949
1537,Shall We Dance? (Shall We Dansu?) (1996),1996,3.94,3981
224208,"Quo vadis, Aida? (2020)",2020,3.94,108
215,Before Sunrise (1995),1995,3.94,8476
2609,"King of Masks, The (Bian Lian) (1996)",1996,3.94,501
7478,Swimming to Cambodia (1987),1987,3.94,434
6791,Babette's Feast (Babettes gæstebud) (1987),1987,3.94,1432
1231,"Right Stuff, The (1983)",1983,3.94,8323
1246,Dead Poets Society (1989),1989,3.94,31035
143990,Little Dorrit (2008),2008,3.94,89
946,To Be or Not to Be (1942),1942,3.94,1730
4967,No Man's Land (2001),2001,3.94,2227
187717,Won't You Be My Neighbor? (2018),2018,3.94,1218
26171,Play Time (a.k.a. Playtime) (1967),1967,3.94,704
7091,Horse Feathers (1932),1932,3.94,1046
7560,Fail-Safe (1964),1964,3.94,1095
4262,Scarface (1983),1983,3.94,19546
114554,"Tale of Princess Kaguya, The (Kaguyahime no monogatari) (2013)",2013,3.94,1001
2288,"Thing, The (1982)",1982,3.94,14719
72356,Partly Cloudy (2009),2009,3.94,1369
126426,Solyaris (1968),1968,3.94,303
2289,"Player, The (1992)",1992,3.94,8255
4878,Donnie Darko (2001),2001,3.94,35452
65514,Ip Man (2008),2008,3.94,4227
26776,Porco Rosso (Crimson Pig) (Kurenai no buta) (1992),1992,3.93,4077
72035,Dimensions of Dialogue (Moznosti dialogu) (1982),1982,3.93,115
5373,"Cranes Are Flying, The (Letyat zhuravli) (1957)",1957,3.93,429
3739,Trouble in Paradise (1932),1932,3.93,566
5368,Ballad of a Soldier (Ballada o soldate) (1959),1959,3.93,214
7241,Kanal (1957),1957,3.93,221
106782,"Wolf of Wall Street, The (2013)",2013,3.93,26861
95858,For the Birds (2000),2000,3.93,1720
2575,"Dreamlife of Angels, The (Vie rêvée des anges, La) (1998)",1998,3.93,1385
2997,Being John Malkovich (1999),1999,3.93,36151
163909,Divines (2016),2016,3.93,68
5194,Who's Singin' Over There? (a.k.a. Who Sings Over There) (Ko to tamo peva) (1980),1980,3.93,68
25750,Sherlock Jr. (1924),1924,3.93,936
103984,"Great Beauty, The (Grande Bellezza, La) (2013)",2013,3.93,1296
95311,Presto (2008),2008,3.93,1023
4914,Breathless (À bout de souffle) (1960),1960,3.93,2802
104283,"Wind Rises, The (Kaze tachinu) (2013)",2013,3.93,2177
1274,Akira (1988),1988,3.93,11622
2966,"Straight Story, The (1999)",1999,3.93,4346
7786,Genghis Blues (1999),1999,3.93,214
7043,Vivre sa vie: Film en douze tableaux (My Life to Live) (1962),1962,3.93,751
66934,Dr. Horrible's Sing-Along Blog (2008),2008,3.93,5158
32179,Elevator to the Gallows (a.k.a. Frantic) (Ascenseur pour l'échafaud) (1958),1958,3.93,564
4037,House of Games (1987),1987,3.93,2204
55442,Persepolis (2007),2007,3.93,4278
27741,"Twilight Samurai, The (Tasogare Seibei) (2002)",2002,3.93,895
127441,Last Days in Vietnam (2014),2014,3.93,80
94024,Louis Theroux: The Most Hated Family in America in Crisis (2011),2011,3.93,123
84156,Happy People: A Year in the Taiga (2010),2010,3.93,310
6920,"Cercle Rouge, Le (Red Circle, The) (1970)",1970,3.93,698
7759,Nostalghia (1983),1983,3.93,603
26184,"Diamond Arm, The (Brilliantovaya ruka) (1968)",1968,3.93,344
29,"City of Lost Children, The (Cité des enfants perdus, La) (1995)",1995,3.93,9413
32649,"Special Day, A (Giornata particolare, Una) (1977)",1977,3.93,164
6235,Europa Europa (Hitlerjunge Salomon) (1990),1990,3.93,1062
214955,Better Days (2019),2019,3.93,64
116833,Son of the White Mare (1981),1981,3.93,64
134326,The Taming of the Scoundrel (1980),1980,3.93,177
7941,Smiles of a Summer Night (Sommarnattens leende) (1955),1955,3.93,474
1296,"Room with a View, A (1986)",1986,3.93,6778
6993,Hannah and Her Sisters (1986),1986,3.93,3168
8154,"Dolce Vita, La (1960)",1960,3.93,2178
86536,High School (1968),1968,3.93,56
3310,"Kid, The (1921)",1921,3.93,1805
927,"Women, The (1939)",1939,3.93,979
2732,Jules and Jim (Jules et Jim) (1961),1961,3.93,2244
2067,Doctor Zhivago (1965),1965,3.93,6381
1953,"French Connection, The (1971)",1971,3.93,9961
107130,"Adventure in Space and Time, An (2013)",2013,3.93,131
118930,Bill Burr: I'm Sorry You Feel That Way (2014),2014,3.93,390
117533,Citizenfour (2014),2014,3.93,2306
8235,Safety Last! (1923),1923,3.93,643
4187,Lilies of the Field (1963),1963,3.93,914
971,Cat on a Hot Tin Roof (1958),1958,3.93,3339
86377,Louis C.K.: Shameless (2007),2007,3.93,2134
8239,Viridiana (1961),1961,3.92,599
61406,John Adams (2008),2008,3.92,458
6639,Wait Until Dark (1967),1967,3.92,1439
6902,Interstate 60 (2002),2002,3.92,1244
26802,And Life Goes On (a.k.a. Life and Nothing More) (Zendegi va digar hich) (1992),1992,3.92,66
3347,Never Cry Wolf (1983),1983,3.92,1383
1069,"Murder, My Sweet (1944)",1944,3.92,876
208939,Klaus (2019),2019,3.92,1788
6380,Capturing the Friedmans (2003),2003,3.92,2135
52885,Paprika (Papurika) (2006),2006,3.92,3909
1449,Waiting for Guffman (1996),1996,3.92,6433
184257,Making a Murderer (2015),2015,3.92,909
190077,The Wild Pear Tree (2018),2018,3.92,116
7937,"Silence, The (Tystnaden) (1963)",1963,3.92,547
8582,Manufacturing Consent: Noam Chomsky and the Media (1992),1992,3.92,572
45192,"Nibelungen: Siegfried, Die (1924)",1924,3.92,77
281096,Puss in Boots: The Last Wish (2022),2022,3.92,1301
143309,"Liza, the Fox-Fairy (2015)",2015,3.92,83
1809,Fireworks (Hana-bi) (1997),1997,3.92,1348
32497,Love Letter (1995) ,1995,3.92,57
36,Dead Man Walking (1995),1995,3.92,21759
33794,Batman Begins (2005),2005,3.92,41686
1243,Rosencrantz and Guildenstern Are Dead (1990),1990,3.92,4477
130510,Berserk: The Golden Age Arc 3 - Descent (2013),2013,3.92,182
158966,Captain Fantastic (2016),2016,3.92,3109
8207,"Day of the Jackal, The (1973)",1973,3.92,2187
73344,"Prophet, A (Un Prophète) (2009)",2009,3.92,2074
166369,Sour Grapes (2016),2016,3.92,100
919,"Wizard of Oz, The (1939)",1939,3.92,29260
165551,Lion (2016),2016,3.92,2501
26318,"Phantom of Liberty, The (Fantôme de la liberté, Le) (1974)",1974,3.92,297
136204,The Second Mother (2015),2015,3.92,204
89090,Bill Cunningham New York (2011),2011,3.92,216
27727,Head-On (Gegen die Wand) (2004),2004,3.92,1010
5059,Little Dieter Needs to Fly (1997),1997,3.92,424
6104,Monty Python Live at the Hollywood Bowl (1982),1982,3.92,2793
2917,Body Heat (1981),1981,3.92,4122
265,Like Water for Chocolate (Como agua para chocolate) (1992),1992,3.92,12026
3365,"Searchers, The (1956)",1956,3.92,2887
907,"Gay Divorcee, The (1934)",1934,3.92,950
475,In the Name of the Father (1993),1993,3.92,9723
4546,"Vanishing, The (Spoorloos) (1988)",1988,3.92,1940
48774,Children of Men (2006),2006,3.92,20686
38304,No Direction Home: Bob Dylan (2005),2005,3.92,902
171179,George Carlin: Doin' it Again (1990),1990,3.92,84
114028,Pride (2014),2014,3.92,797
1944,From Here to Eternity (1953),1953,3.92,3181
4999,Dodsworth (1936),1936,3.92,257
167392,Dangal (2016),2016,3.92,548
120625,The Fool (2014),2014,3.92,351
8199,Ugetsu (Ugetsu monogatari) (1953),1953,3.92,666
47491,Adam's Apples (Adams æbler) (2005),2005,3.92,1058
3006,"Insider, The (1999)",1999,3.92,9981
3508,"Outlaw Josey Wales, The (1976)",1976,3.92,4066
97984,Wake in Fright (1971),1971,3.92,260
59387,"Fall, The (2006)",2006,3.92,3203
89774,Warrior (2011),2011,3.91,4486
236991,CODA (2021),2021,3.91,915
201861,Don't Hug Me I'm Scared 4 (2015),2015,3.91,158
7064,Beauty and the Beast (La belle et la bête) (1946),1946,3.91,1279
117364,Virunga (2014),2014,3.91,169
2612,Mildred Pierce (1945),1945,3.91,1327
632,Land and Freedom (Tierra y libertad) (1995),1995,3.91,424
156387,Sing Street (2016),2016,3.91,1646
168492,Call Me by Your Name (2017),2017,3.91,3190
32525,The Earrings of Madame de... (1953),1953,3.91,243
135867,Rabbit Fire (1951),1951,3.91,133
159811,The Bremen Town Musicians (1969),1969,3.91,161
49917,When the Levees Broke: A Requiem in Four Acts (2006),2006,3.91,155
2313,"Elephant Man, The (1980)",1980,3.91,7959
60201,"Color of Pomegranates, The (Sayat Nova) (1968)",1968,3.91,235
7706,Animal Crackers (1930),1930,3.91,1123
225173,Soul (2020),2020,3.91,4486
138702,Feast (2014),2014,3.91,806
7023,"Wedding Banquet, The (Xi yan) (1993)",1993,3.91,941
96075,Bleak House (2005),2005,3.91,102
6271,Day for Night (La Nuit Américaine) (1973),1973,3.91,696
71131,"Most Hated Family in America, The (2007)",2007,3.91,469
1305,"Paris, Texas (1984)",1984,3.91,3312
2176,Rope (1948),1948,3.91,4409
92904,We Were Here (2011),2011,3.91,67
8195,"Avventura, L' (Adventure, The) (1960)",1960,3.91,865
32,Twelve Monkeys (a.k.a. 12 Monkeys) (1995),1995,3.91,55275
112852,Guardians of the Galaxy (2014),2014,3.91,26482
134853,Inside Out (2015),2015,3.91,21483
25898,Day of Wrath (Vredens dag) (1943),1943,3.91,260
161582,Hell or High Water (2016),2016,3.91,4099
6982,Forbidden Games (Jeux interdits) (1952),1952,3.91,270
2919,"Year of Living Dangerously, The (1982)",1982,3.91,2927
57669,In Bruges (2008),2008,3.91,15472
25963,"Young and the Damned, The (Olvidados, Los) (1950)",1950,3.91,318
5288,"Atomic Cafe, The (1982)",1982,3.91,597
141844,12 Chairs (1971),1971,3.91,197
2918,Ferris Bueller's Day Off (1986),1986,3.91,33683
3735,Serpico (1973),1973,3.91,5250
275515,Close (2022),2022,3.91,76
168252,Logan (2017),2017,3.91,12727
8607,Tokyo Godfathers (2003),2003,3.91,1616
57504,"Girl Who Leapt Through Time, The (Toki o kakeru shôjo) (2006)",2006,3.91,2752
126106,Beastie Boys: Sabotage (1994),1994,3.91,111
27803,"Sea Inside, The (Mar adentro) (2004)",2004,3.91,2166
1090,Platoon (1986),1986,3.91,19876
1253,"Day the Earth Stood Still, The (1951)",1951,3.91,6897
7088,Black Orpheus (Orfeu Negro) (1959),1959,3.91,575
3007,American Movie (1999),1999,3.9,2298
7836,Woodstock (1970),1970,3.9,1196
6299,"Winged Migration (Peuple migrateur, Le) (2001)",2001,3.9,1446
446,Farewell My Concubine (Ba wang bie ji) (1993),1993,3.9,3887
1265,Groundhog Day (1993),1993,3.9,46512
224052,Wolfwalkers (2020),2020,3.9,626
6852,In Cold Blood (1967),1967,3.9,1098
7075,"Court Jester, The (1956)",1956,3.9,900
106100,Dallas Buyers Club (2013),2013,3.9,10511
44191,V for Vendetta (2006),2006,3.9,35173
5418,"Bourne Identity, The (2002)",2002,3.9,37489
81845,"King's Speech, The (2010)",2010,3.9,20274
116,Anne Frank Remembered (1995),1995,3.9,967
118896,Mommy (2014),2014,3.9,791
89492,Moneyball (2011),2011,3.9,11259
58303,"Counterfeiters, The (Die Fälscher) (2007)",2007,3.9,1416
3096,My Man Godfrey (1957),1957,3.9,696
5603,"Lavender Hill Mob, The (1951)",1951,3.9,788
127152,Going Clear: Scientology and the Prison of Belief (2015),2015,3.9,1197
1240,"Terminator, The (1984)",1984,3.9,47131
7135,Shoot the Piano Player (Tirez sur le pianiste) (1960),1960,3.9,674
204698,Joker (2019),2019,3.9,11635
6269,Stevie (2002),2002,3.9,377
4857,Fiddler on the Roof (1971),1971,3.9,3576
158092,Magnetic Rose (1995),1995,3.9,117
308,Three Colors: White (Trzy kolory: Bialy) (1994),1994,3.9,5896
106920,Her (2013),2013,3.9,17110
1963,Take the Money and Run (1969),1969,3.9,2581
1961,Rain Man (1988),1988,3.9,33284
164917,13th (2016),2016,3.9,608
129032,Sense & Sensibility (2008),2008,3.9,101
133712,Office Romance (1977),1977,3.9,323
3062,"Longest Day, The (1962)",1962,3.9,3093
89554,Zindagi Na Milegi Dobara (2011),2011,3.9,282
4312,Himalaya (Himalaya - l'enfance d'un chef) (1999),1999,3.9,332
73808,"Chaser, The (Chugyeogja) (2008)",2008,3.9,960
8261,3 Women (Three Women) (1977),1977,3.9,586
4194,I Know Where I'm Going! (1945),1945,3.9,305
8033,How to Steal a Million (1966),1966,3.9,1028
76093,How to Train Your Dragon (2010),2010,3.9,20142
32387,"Sword of Doom, The (Dai-bosatsu tôge) (1966)",1966,3.9,344
97393,"House I Live In, The (2012)",2012,3.9,164
54286,"Bourne Ultimatum, The (2007)",2007,3.9,26934
26064,"Bad Sleep Well, The (Warui yatsu hodo yoku nemuru) (1960)",1960,3.9,367
6935,"Revolution Will Not Be Televised, The (a.k.a. Chavez: Inside the Coup) (2003)",2003,3.9,271
192109,Minding the Gap (2018),2018,3.9,202
4327,"Magnificent Seven, The (1960)",1960,3.9,4723
56372,Tokyo Twilight (Tôkyô boshoku) (1957),1957,3.9,59
7122,King of Hearts (1966),1966,3.9,358
6283,Cowboy Bebop: The Movie (Cowboy Bebop: Tengoku no Tobira) (2001),2001,3.9,4342
8197,Hiroshima Mon Amour (1959),1959,3.9,818
4117,Hope and Glory (1987),1987,3.9,1312
34482,"Browning Version, The (1951)",1951,3.9,176
1,Toy Story (1995),1995,3.9,68997
4179,Pixote (1981),1981,3.9,224
8132,Gladiator (1992),1992,3.9,3654
100511,"House Is Black, The (1963)",1963,3.9,68
122912,Avengers: Infinity War - Part I (2018),2018,3.9,14645
6668,"Road Home, The (Wo de fu qin mu qin) (1999)",1999,3.9,421
7486,Happy Together (a.k.a. Buenos Aires Affair) (Chun gwong cha sit) (1997),1997,3.9,658
1096,Sophie's Choice (1982),1982,3.9,4042
154474,Palmeras en la nieve (2015),2015,3.9,58
26524,"Times of Harvey Milk, The (1984)",1984,3.9,333
151763,Death Note Rewrite: Genshisuru Kami (2007),2007,3.9,164
51573,Meshes of the Afternoon (1943),1943,3.9,318
118854,The Dust Bowl (2012),2012,3.9,53
5839,My Father's Glory (La gloire de mon père) (1990),1990,3.9,394
7090,Hero (Ying xiong) (2002),2002,3.9,9744
31309,Rocco and His Brothers (Rocco e i suoi fratelli) (1960),1960,3.9,297
3548,Auntie Mame (1958),1958,3.9,1432
1934,You Can't Take It with You (1938),1938,3.9,1038
915,Sabrina (1954),1954,3.9,5858
25941,Letter from an Unknown Woman (1948),1948,3.9,181
44199,Inside Man (2006),2006,3.89,11559
914,My Fair Lady (1964),1964,3.89,11077
515,"Remains of the Day, The (1993)",1993,3.89,11206
7924,Stray Dog (Nora inu) (1949),1949,3.89,602
163386,Winnie the Pooh and the Day of Concern (1972),1972,3.89,161
2303,Nashville (1975),1975,3.89,2562
31522,"Marriage of Maria Braun, The (Ehe der Maria Braun, Die) (1979)",1979,3.89,307
148036,Winter on Fire: Ukraine's Fight for Freedom (2015),2015,3.89,170
3507,"Odd Couple, The (1968)",1968,3.89,3414
6724,Paper Moon (1973),1973,3.89,1699
7206,Mon Oncle (My Uncle) (1958),1958,3.89,770
164260,Horace and Pete (2016),2016,3.89,122
64614,Gran Torino (2008),2008,3.89,18810
1931,Mutiny on the Bounty (1935),1935,3.89,2030
151113,A Man Called Ove (2015),2015,3.89,617
78903,State of Siege (État de siège) (1972),1972,3.89,56
107408,Only Old Men Are Going to Battle (V boy idut odni stariki) (1973),1973,3.89,140
1757,Fallen Angels (Duo luo tian shi) (1995),1995,3.89,955
1682,"Truman Show, The (1998)",1998,3.89,44140
27846,"Corporation, The (2003)",2003,3.89,1941
88125,Harry Potter and the Deathly Hallows: Part 2 (2011),2011,3.89,20227
2730,Barry Lyndon (1975),1975,3.89,3870
72226,Fantastic Mr. Fox (2009),2009,3.89,9818
59976,"Posto, Il (1961)",1961,3.89,119
163645,Hacksaw Ridge (2016),2016,3.89,5127
1946,Marty (1955),1955,3.89,1480
949,East of Eden (1955),1955,3.89,2436
534,Shadowlands (1993),1993,3.89,4908
2686,"Red Violin, The (Violon rouge, Le) (1998)",1998,3.89,6145
77455,Exit Through the Gift Shop (2010),2010,3.89,3785
26111,Becket (1964),1964,3.89,472
1150,"Return of Martin Guerre, The (Retour de Martin Guerre, Le) (1982)",1982,3.89,1664
6270,Akira Kurosawa's Dreams (Dreams) (1990),1990,3.89,961
8670,"Testament of Dr. Mabuse, The (Das Testament des Dr. Mabuse) (1933)",1933,3.89,397
6713,Millennium Actress (Sennen joyû) (2001),2001,3.89,1194
71462,"Cove, The (2009)",2009,3.89,1072
42584,We All Loved Each Other So Much (C'eravamo tanto amati) (1974),1974,3.89,72
6666,"Discreet Charm of the Bourgeoisie, The (Charme discret de la bourgeoisie, Le) (1972)",1972,3.89,1498
3067,Women on the Verge of a Nervous Breakdown (Mujeres al borde de un ataque de nervios) (1988),1988,3.89,3157
3182,"Mr. Death: The Rise and Fall of Fred A. Leuchter, Jr. (1999)",1999,3.89,992
3306,"Circus, The (1928)",1928,3.89,609
3456,"Color of Paradise, The (Rang-e khoda) (1999)",1999,3.89,452
205303,Sherlock: The Abominable Bride (2016),2016,3.89,528
1176,"Double Life of Veronique, The (Double Vie de Véronique, La) (1991)",1991,3.89,2187
87660,Too Big to Fail (2011),2011,3.89,379
3201,Five Easy Pieces (1970),1970,3.89,2527
2761,"Iron Giant, The (1999)",1999,3.89,12381
113741,Coherence (2013),2013,3.89,3379
68099,Apollo 13: To the Edge and Back (1994),1994,3.89,329
147196,The Girls (1961),1961,3.89,120
549,Thirty-Two Short Films About Glenn Gould (1993),1993,3.89,1453
2972,Red Sorghum (Hong gao liang) (1987),1987,3.89,579
173735,The Farthest (2017),2017,3.89,75
7834,After the Thin Man (1936),1936,3.89,656
2300,"Producers, The (1968)",1968,3.89,7088
105844,12 Years a Slave (2013),2013,3.89,8469
169218,God's Own Country (2017),2017,3.89,277
8337,"Caine Mutiny, The (1954)",1954,3.89,1207
127098,Louis C.K.: Live at The Comedy Store (2015),2015,3.89,1342
136497,Khosla Ka Ghosla! (2006),2006,3.89,57
3521,Mystery Train (1989),1989,3.89,1787
8253,Lupin III: The Castle Of Cagliostro (Rupan sansei: Kariosutoro no shiro) (1979),1979,3.89,1644
2594,Open Your Eyes (Abre los ojos) (1997),1997,3.89,3107
27879,DiG! (2004),2004,3.89,458
25975,"Life of Oharu, The (Saikaku ichidai onna) (1952)",1952,3.89,87
1942,All the King's Men (1949),1949,3.88,998
139644,Sicario (2015),2015,3.88,7983
4778,Children Underground (2001),2001,3.88,78
2940,Gilda (1946),1946,3.88,1281
58874,Marketa Lazarová (1967),1967,3.88,108
2670,Run Silent Run Deep (1958),1958,3.88,1371
208108,Dark Waters (2019),2019,3.88,948
45194,"Nibelungen: Kriemhild's Revenge, Die (Die Nibelungen: Kriemhilds Rache) (1924)",1924,3.88,56
173619,Fugitives (1986),1986,3.88,56
177651,The Florida Project (2017),2017,3.88,1910
5056,"Enigma of Kaspar Hauser, The (a.k.a. Mystery of Kaspar Hauser, The) (Jeder für sich und Gott Gegen Alle) (1974)",1974,3.88,670
6987,"Cabinet of Dr. Caligari, The (Cabinet des Dr. Caligari., Das) (1920)",1920,3.88,2283
5398,Requiem for a Heavyweight (1962),1962,3.88,296
107883,The Lunchbox (2013),2013,3.88,570
128360,The Hateful Eight (2015),2015,3.88,11400
197379,Don't Hug Me I'm Scared 6 (2016),2016,3.88,183
61236,Waltz with Bashir (Vals im Bashir) (2008),2008,3.88,1975
5888,Brother (Brat) (1997),1997,3.88,716
7936,Shame (Skammen) (1968),1968,3.88,292
55814,"Diving Bell and the Butterfly, The (Scaphandre et le papillon, Le) (2007)",2007,3.88,2627
497,Much Ado About Nothing (1993),1993,3.88,14593
1956,Ordinary People (1980),1980,3.88,4707
8530,Dear Frankie (2004),2004,3.88,1002
218537,Palm Springs (2020),2020,3.88,3024
6612,Brother's Keeper (1992),1992,3.88,422
34548,"Tree of Wooden Clogs, The (L'albero degli zoccoli) (1978)",1978,3.88,59
4970,"Blue Angel, The (Blaue Engel, Der) (1930)",1930,3.88,1144
3808,"Two Women (Ciociara, La) (1960)",1960,3.88,286
1226,"Quiet Man, The (1952)",1952,3.88,2453
5060,M*A*S*H (a.k.a. MASH) (1970),1970,3.88,13455
26059,When a Woman Ascends the Stairs (Onna ga kaidan wo agaru toki) (1960),1960,3.88,67
4263,Days of Wine and Roses (1962),1962,3.88,699
714,Dead Man (1995),1995,3.88,4642
163066,Rabbit Seasoning (1952),1952,3.88,121
7139,In America (2002),2002,3.88,2603
79357,Mr. Nobody (2009),2009,3.88,4606
1185,My Left Foot (1989),1989,3.88,5936
142020,Oscar (1967),1967,3.88,54
2020,Dangerous Liaisons (1988),1988,3.88,8039
169294,Becoming Warren Buffett (2017),2017,3.88,58
7089,Amarcord (1973),1973,3.88,1110
6945,My Architect: A Son's Journey (2003),2003,3.88,248
1797,Everest (1998),1998,3.88,1934
152284,War and Peace (2016),2016,3.88,136
122916,Thor: Ragnarok (2017),2017,3.88,13286
2938,Man Facing Southeast (1986),1986,3.88,313
6867,"Station Agent, The (2003)",2003,3.88,4334
170635,Rejected (2000),2000,3.88,304
150,Apollo 13 (1995),1995,3.88,55940
33119,Miracle in Milan (Miracolo a Milano) (1951),1951,3.88,78
3160,Magnolia (1999),1999,3.88,15557
108977,Paranoia Agent (2004),2004,3.88,328
8874,Shaun of the Dead (2004),2004,3.88,26914
88810,"Help, The (2011)",2011,3.88,8509
26350,"Passenger, The (Professione: reporter) (1975)",1975,3.88,544
7238,Ashes and Diamonds (Popiól i diament) (1958),1958,3.88,392
7323,"Good bye, Lenin! (2003)",2003,3.88,6905
82848,One Week (1920),1920,3.88,167
5772,My Dinner with André (1981),1981,3.88,1181
50851,Cocaine Cowboys (2006),2006,3.88,733
55176,In the Shadow of the Moon (2007),2007,3.88,374
104913,Rush (2013),2013,3.88,5429
3503,Solaris (Solyaris) (1972),1972,3.88,3616
4424,"Garden of the Finzi-Continis, The (Giardino dei Finzi-Contini, Il) (1970)",1970,3.88,1159
4338,Twelve O'Clock High (1949),1949,3.88,726
130978,Love and Pigeons (1985),1985,3.88,181
6023,Band of Outsiders (Bande à part) (1964),1964,3.88,792
170697,Gifted (2017),2017,3.88,1407
2501,October Sky (1999),1999,3.88,8433
8724,"Leopard, The (Gattopardo, Il) (1963)",1963,3.88,468
96868,Shut Up and Play the Hits (2012),2012,3.88,52
2194,"Untouchables, The (1987)",1987,3.87,18929
1625,"Game, The (1997)",1997,3.87,23310
116411,Tangerines (2013),2013,3.87,338
151769,Three from Prostokvashino (1978),1978,3.87,159
4027,"O Brother, Where Art Thou? (2000)",2000,3.87,29593
931,Spellbound (1945),1945,3.87,2628
111235,Jodorowsky's Dune (2013),2013,3.87,741
8998,That's Entertainment (1974),1974,3.87,402
3498,Midnight Express (1978),1978,3.87,3451
152065,Embrace of the Serpent (2016),2016,3.87,299
175569,Wind River (2017),2017,3.87,3304
7218,"Ox-Bow Incident, The (1943)",1943,3.87,615
2064,Roger & Me (1989),1989,3.87,7692
1169,American Dream (1990),1990,3.87,309
8772,"Spy Who Came in from the Cold, The (1965)",1965,3.87,700
7832,"Thin Man Goes Home, The (1945)",1945,3.87,262
3364,"Asphalt Jungle, The (1950)",1950,3.87,1247
67255,"Girl with the Dragon Tattoo, The (Män som hatar kvinnor) (2009)",2009,3.87,7580
59547,"Ron Clark Story, The (2006)",2006,3.87,78
108983,La Luna (2011),2011,3.87,678
64241,"Lonely Wife, The (Charulata) (1964)",1964,3.87,74
228881,In & Of Itself (2020),2020,3.87,70
6216,Nowhere in Africa (Nirgendwo in Afrika) (2001),2001,3.87,719
163072,Winnie Pooh (1969),1969,3.87,237
3637,Vagabond (Sans toit ni loi) (1985),1985,3.87,303
2206,Suspicion (1941),1941,3.87,1705
4190,Elmer Gantry (1960),1960,3.87,613
1610,"Hunt for Red October, The (1990)",1990,3.87,26219
76091,Mother (Madeo) (2009),2009,3.87,1051
203922,Sherlock: The Blind Banker,,3.87,93
84187,Evangelion: 2.0 You Can (Not) Advance (Evangerion shin gekijôban: Ha) (2009),2009,3.87,786
122914,Avengers: Infinity War - Part II (2019),2019,3.87,11811
3424,Do the Right Thing (1989),1989,3.87,7226
2336,Elizabeth (1998),1998,3.87,9604
940,"Adventures of Robin Hood, The (1938)",1938,3.87,4299
8754,"Prime of Miss Jean Brodie, The (1969)",1969,3.87,419
102602,Mimino (1977),1977,3.87,192
51255,Hot Fuzz (2007),2007,3.87,20655
274053,Top Gun: Maverick (2022),2022,3.87,3115
167234,Life+1 Day (2016),2016,3.87,69
5225,And Your Mother Too (Y tu mamá también) (2001),2001,3.87,6719
71438,Still Walking (Aruitemo aruitemo) (2008),2008,3.87,287
8580,Into the Woods (1991),1991,3.87,574
69699,Love Streams (1984),1984,3.87,88
44421,"Personal Journey with Martin Scorsese Through American Movies, A (1995)",1995,3.87,65
111732,"Dance of Reality, The (Danza de la realidad, La) (2013)",2013,3.87,149
3350,"Raisin in the Sun, A (1961)",1961,3.87,907
122882,Mad Max: Fury Road (2015),2015,3.87,21315
1394,Raising Arizona (1987),1987,3.87,18065
6,Heat (1995),1995,3.87,29490
32840,Vincent (1982),1982,3.87,799
3543,Diner (1982),1982,3.87,3769
105340,Miracle in Cell No. 7 (2013),2013,3.87,102
1084,Bonnie and Clyde (1967),1967,3.87,10610
121372,Bill Burr: Let It Go (2010),2010,3.87,274
6001,"King of Comedy, The (1983)",1983,3.87,2814
3545,Cabaret (1972),1972,3.87,3712
27871,Something the Lord Made (2004),2004,3.87,347
3068,"Verdict, The (1982)",1982,3.87,2728
175277,"Faces, Places (2017)",2017,3.87,193
33288,Kes (1969),1969,3.87,334
79333,Watch Out for the Automobile (Beregis avtomobilya) (1966),1966,3.87,126
174727,Good Time (2017),2017,3.86,1883
44633,"Devil and Daniel Johnston, The (2005)",2005,3.86,558
40870,C.R.A.Z.Y. (2005),2005,3.86,827
1834,"Spanish Prisoner, The (1997)",1997,3.86,4733
3671,Blazing Saddles (1974),1974,3.86,13664
53123,Once (2006),2006,3.86,3760
2467,"Name of the Rose, The (Name der Rose, Der) (1986)",1986,3.86,6320
45412,"Hidden Blade, The (Kakushi ken oni no tsume) (2004)",2004,3.86,81
206939,Undone (2019),2019,3.86,265
3475,"Place in the Sun, A (1951)",1951,3.86,904
7748,Pierrot le fou (1965),1965,3.86,856
183869,Hereditary (2018),2018,3.86,4596
151759,Requiem for the American Dream (2015),2015,3.86,334
7371,Dogville (2003),2003,3.86,4850
1249,"Femme Nikita, La (Nikita) (1990)",1990,3.86,9868
25805,"Atalante, L' (1934)",1934,3.86,468
1348,"Nosferatu (Nosferatu, eine Symphonie des Grauens) (1922)",1922,3.86,4805
210861,The Gentlemen (2020),2020,3.86,3526
61967,"Autumn Afternoon, An (Sanma no aji) (1962)",1962,3.86,190
223876,My Octopus Teacher (2020),2020,3.86,788
112334,"Internet's Own Boy: The Story of Aaron Swartz, The (2014)",2014,3.86,434
1649,"Fast, Cheap & Out of Control (1997)",1997,3.86,1478
7485,Good Morning (Ohayô) (1959),1959,3.86,265
4419,All That Heaven Allows (1955),1955,3.86,446
68522,Earth (2007),2007,3.86,504
3679,"Decline of Western Civilization, The (1981)",1981,3.86,493
759,Maya Lin: A Strong Clear Vision (1994),1994,3.86,366
25777,Monkey Business (1931),1931,3.86,518
60333,Encounters at the End of the World (2008),2008,3.86,728
8797,Salesman (1969),1969,3.86,257
141810,Autumn Marathon (1979),1979,3.86,76
31116,Sergeant York (1941),1941,3.86,484
1357,Shine (1996),1996,3.86,8341
46578,Little Miss Sunshine (2006),2006,3.86,25057
121316,The Attorney (2013),2013,3.86,54
7619,"Miracle Worker, The (1962)",1962,3.86,824
206208,Bill Burr: Paper Tiger (2019),2019,3.86,205
155968,The Night Manager (2016),2016,3.86,710
8739,Mamma Roma (1962),1962,3.86,258
1279,Night on Earth (1991),1991,3.86,3064
6970,Desk Set (1957),1957,3.86,603
2076,Blue Velvet (1986),1986,3.86,12303
615,Bread and Chocolate (Pane e cioccolata) (1973),1973,3.86,632
7572,Wit (2001),2001,3.86,659
198611,I Want to Eat Your Pancreas (2018),2018,3.86,124
105343,Special 26 (2013),2013,3.86,131
115617,Big Hero 6 (2014),2014,3.86,15680
7564,Kwaidan (Kaidan) (1964),1964,3.86,577
6461,"Unforgiven, The (1960)",1960,3.86,1203
6807,Monty Python's The Meaning of Life (1983),1983,3.86,11412
26208,My Night At Maud's (Ma Nuit Chez Maud) (1969),1969,3.86,293
7121,Adam's Rib (1949),1949,3.86,1181
25764,"Cameraman, The (1928)",1928,3.86,289
126008,Signs (2008),2008,3.86,74
3329,The Year My Voice Broke (1987),1987,3.86,243
4329,Rio Bravo (1959),1959,3.86,1753
189885,The Guilty (2018),2018,3.86,746
3360,Hoosiers (a.k.a. Best Shot) (1986),1986,3.86,5061
1095,Glengarry Glen Ross (1992),1992,3.86,7205
62511,"Synecdoche, New York (2008)",2008,3.86,2745
7210,My Darling Clementine (1946),1946,3.86,595
120130,Into the Forest of Fireflies' Light (2011),2011,3.86,259
69849,Roots (1977),1977,3.86,546
159195,"I, Daniel Blake (2016)",2016,3.86,563
3929,"Bank Dick, The (1940)",1940,3.86,741
5840,"My Mother's Castle (Château de ma mère, Le) (1990)",1990,3.86,370
8827,"Bill Cosby, Himself (1983)",1983,3.86,1246
277028,Thirteen Lives (2022),2022,3.86,289
7070,Red River (1948),1948,3.86,724
5137,Scratch (2001),2001,3.86,442
109953,"Cat Concerto, The (1947)",1947,3.86,80
8459,"Heiress, The (1949)",1949,3.86,365
33435,Los Angeles Plays Itself (2003),2003,3.86,73
3275,"Boondock Saints, The (2000)",2000,3.86,12878
84844,Brother 2 (Brat 2) (2000),2000,3.86,471
1177,Enchanted April (1992),1992,3.86,1874
6244,Salaam Bombay! (1988),1988,3.86,366
8794,"Unfinished Piece for a Player Piano, An (Neokonchennaya pyesa dlya mekhanicheskogo pianino) (1977)",1977,3.85,62
33639,Mad Hot Ballroom (2005),2005,3.85,623
26471,Eddie Murphy Delirious (1983),1983,3.85,881
3787,Shower (Xizao) (1999),1999,3.85,523
6579,"One, Two, Three (1961)",1961,3.85,478
92643,Monsieur Lazhar (2011),2011,3.85,361
3200,"Last Detail, The (1973)",1973,3.85,1358
2395,Rushmore (1998),1998,3.85,17715
47721,"Red Balloon, The (Ballon rouge, Le) (1956)",1956,3.85,576
52170,Philanthropy (Filantropica) (2002),2002,3.85,89
4969,And Then There Were None (1945),1945,3.85,931
27178,In July (Im Juli) (2000),2000,3.85,260
86892,The Man from Nowhere (2010),2010,3.85,1074
165549,Manchester by the Sea (2016),2016,3.85,3452
132555,Winning Time: Reggie Miller vs. The New York Knicks (2010),2010,3.85,82
6874,Kill Bill: Vol. 1 (2003),2003,3.85,45135
55069,"4 Months, 3 Weeks and 2 Days (4 luni, 3 saptamâni si 2 zile) (2007)",2007,3.85,1224
4426,Kiss Me Deadly (1955),1955,3.85,659
34542,Grizzly Man (2005),2005,3.85,2666
1643,"Mrs. Brown (a.k.a. Her Majesty, Mrs. Brown) (1997)",1997,3.85,2716
141816,12 Chairs (1976),1976,3.85,132
7136,Stolen Kisses (Baisers volés) (1968),1968,3.85,335
175293,Gena the Crocodile (1969),1969,3.85,71
55555,"Edge of Heaven, The (Auf der anderen Seite) (2007)",2007,3.85,497
4801,"Little Foxes, The (1941)",1941,3.85,375
177939,"The Night Is Short, Walk on Girl (2017)",2017,3.85,206
1419,Walkabout (1971),1971,3.85,1598
84116,Poetry (Shi) (2010),2010,3.85,219
97194,"Thing: Terror Takes Shape, The (1998)",1998,3.85,202
3606,On the Town (1949),1949,3.85,1062
2511,"Long Goodbye, The (1973)",1973,3.85,1438
194664,They Shall Not Grow Old (2018),2018,3.85,682
5525,Mostly Martha (Bella Martha) (2001),2001,3.85,705
26012,Samurai III: Duel on Ganryu Island (a.k.a. Bushido) (Miyamoto Musashi kanketsuhen: kettô Ganryûjima) (1956),1956,3.85,151
60992,"Moment to Remember, A (Nae meorisokui jiwoogae) (2004)",2004,3.85,151
53024,Jonestown: The Life and Death of Peoples Temple (2006),2006,3.85,406
7584,Woman of the Year (1942),1942,3.85,473
3002,My Best Fiend (Mein liebster Feind) (1999),1999,3.85,530
109687,Particle Fever (2013),2013,3.85,228
4848,Mulholland Drive (2001),2001,3.85,16635
128620,Victoria (2015),2015,3.85,937
3925,Stranger Than Paradise (1984),1984,3.85,1519
152081,Zootopia (2016),2016,3.85,14431
122904,Deadpool (2016),2016,3.85,23147
177951,Happy! (2017),2017,3.85,100
1545,Ponette (1996),1996,3.85,643
7943,"Killers, The (1946)",1946,3.85,629
27882,Riding Giants (2004),2004,3.85,369
6375,Gigantic (A Tale of Two Johns) (2002),2002,3.85,226
5114,"Bad and the Beautiful, The (1952)",1952,3.85,365
164949,The Salesman (2016),2016,3.85,544
88129,Drive (2011),2011,3.85,14327
55247,Into the Wild (2007),2007,3.85,14477
139620,Everything's Gonna Be Great (1998),1998,3.85,63
48193,Lisbon Story (1994),1994,3.85,53
6254,"Awful Truth, The (1937)",1937,3.85,778
6780,"Brief History of Time, A (1991)",1991,3.85,585
6858,Knife in the Water (Nóz w wodzie) (1962),1962,3.85,729
8961,"Incredibles, The (2004)",2004,3.85,41463
47084,"Live and Become (Va, vis et deviens) (2005)",2005,3.85,56
87004,Pina (2011),2011,3.85,253
6772,To Be and to Have (Être et avoir) (2002),2002,3.85,450
1354,Breaking the Waves (1996),1996,3.85,4354
65261,Ponyo (Gake no ue no Ponyo) (2008),2008,3.85,5236
162578,Kubo and the Two Strings (2016),2016,3.85,3312
5902,Adaptation (2002),2002,3.85,13719
183837,The Favourite,,3.85,3189
78344,"Song of Sparrows, The (Avaze gonjeshk-ha) (2008)",2008,3.85,72
314,"Secret of Roan Inish, The (1994)",1994,3.85,4179
174489,"Don't Hug Me, I'm Scared II: Time (2014)",2014,3.85,229
3341,Born Yesterday (1950),1950,3.85,1010
142184,Silenced (2011),2011,3.85,98
141806,Station for Two (1982),1982,3.85,62
49530,Blood Diamond (2006),2006,3.85,16325
4873,Waking Life (2001),2001,3.85,4544
33340,Kids Return (Kizzu ritân) (1996),1996,3.85,75
114627,Angel's Egg (Tenshi no tamago) (1985),1985,3.85,264
25769,"Steamboat Bill, Jr. (1928)",1928,3.85,518
115149,John Wick (2014),2014,3.85,13055
5608,"Das Experiment (Experiment, The) (2001)",2001,3.85,2740
92954,Prayers for Bobby (2009),2009,3.85,143
3551,Marathon Man (1976),1976,3.85,4091
7484,Gimme Shelter (1970),1970,3.85,646
176,Living in Oblivion (1995),1995,3.85,2497
8665,"Bourne Supremacy, The (2004)",2004,3.85,25836
6776,Lagaan: Once Upon a Time in India (2001),2001,3.85,949
94969,Kahaani (2012),2012,3.84,332
3910,Dancer in the Dark (2000),2000,3.84,5070
51277,"36th Chamber of Shaolin, The (Shao Lin san shi liu fang) (Master Killer) (1978)",1978,3.84,448
1301,Forbidden Planet (1956),1956,3.84,4273
1960,"Last Emperor, The (1987)",1987,3.84,7721
2248,Say Anything... (1989),1989,3.84,10045
4326,Mississippi Burning (1988),1988,3.84,4685
226270,The Trial of the Chicago 7 (2020),2020,3.84,2122
74508,Persuasion (2007),2007,3.84,408
39768,Life is a Miracle (Zivot je cudo) (2004),2004,3.84,167
2183,"Man Who Knew Too Much, The (1956)",1956,3.84,2896
2969,"Man and a Woman, A (Un homme et une femme) (1966)",1966,3.84,699
26865,Fist of Legend (Jing wu ying xiong) (1994),1994,3.84,782
27878,Born into Brothels (2004),2004,3.84,826
263403,A Hero (2021),2021,3.84,80
54881,"King of Kong, The (2007)",2007,3.84,2191
194696,Andhadhun (2018),2018,3.84,243
194,Smoke (1995),1995,3.84,6060
50583,Linda Linda Linda (2005),2005,3.84,102
51312,"Consequences of Love, The (Conseguenze dell'amore, Le) (2004)",2004,3.84,207
43333,Water (2005),2005,3.84,385
40629,Pride & Prejudice (2005),2005,3.84,8196
7072,Stagecoach (1939),1939,3.84,1286
6385,Whale Rider (2002),2002,3.84,4111
7419,After Hours (1985),1985,3.84,2281
49359,Celine and Julie Go Boating (Celine et Julie vont en bateau) (1974),1974,3.84,111
43376,Sophie Scholl: The Final Days (Sophie Scholl - Die letzten Tage) (2005),2005,3.84,853
98056,Amour (2012),2012,3.84,1239
2202,Lifeboat (1944),1944,3.84,1736
120853,Fresh Guacamole (2012),2012,3.84,114
529,Searching for Bobby Fischer (1993),1993,3.84,11176
174141,Belladonna of Sadness (1973),1973,3.84,136
33660,Cinderella Man (2005),2005,3.84,7134
3019,Drugstore Cowboy (1989),1989,3.84,4047
47099,"Pursuit of Happyness, The (2006)",2006,3.84,14319
26347,"Irony of Fate, or Enjoy Your Bath! (Ironiya sudby, ili S legkim parom!) (1975)",1975,3.84,331
151781,Ghost in the Shell: Solid State Society (2006),2006,3.84,208
33270,"Taste of Tea, The (Cha no aji) (2004)",2004,3.84,170
8873,"Motorcycle Diaries, The (Diarios de motocicleta) (2004)",2004,3.84,5413
3405,"Night to Remember, A (1958)",1958,3.84,807
62801,Lone Wolf and Cub: Baby Cart to Hades (Kozure Ôkami: Shinikazeni mukau ubaguruma) (1972),1972,3.84,160
4788,Moscow Does Not Believe in Tears (Moskva slezam ne verit) (1979),1979,3.84,529
47274,Murmur of the Heart (Le souffle au coeur) (1971),1971,3.84,197
5820,Standing in the Shadows of Motown (2002),2002,3.84,494
2944,"Dirty Dozen, The (1967)",1967,3.84,7858
223,Clerks (1994),1994,3.84,27906
100509,Tale of Tales (Skazka skazok) (1979),1979,3.84,103
7086,Pygmalion (1938),1938,3.84,365
26163,Don't Look Back (1967),1967,3.84,365
6542,"Cuckoo, The (Kukushka) (2002)",2002,3.84,524
104272,Blackfish (2013),2013,3.84,1212
3996,"Crouching Tiger, Hidden Dragon (Wo hu cang long) (2000)",2000,3.84,33343
183897,Isle of Dogs (2018),2018,3.84,4541
7084,"Play It Again, Sam (1972)",1972,3.84,1229
84152,Limitless (2011),2011,3.84,15946
162414,Moonlight,,3.84,4155
127202,Me and Earl and the Dying Girl (2015),2015,3.84,2300
48738,"Last King of Scotland, The (2006)",2006,3.84,7130
5747,Gallipoli (1981),1981,3.84,2093
74553,"Secret of Kells, The (2009)",2009,3.84,1167
173939,On Body and Soul (2017),2017,3.84,304
112399,Finding Vivian Maier (2013),2013,3.84,245
212361,Sound of Metal (2019),2019,3.84,1234
4395,Big Deal on Madonna Street (I Soliti Ignoti) (1958),1958,3.84,217
95218,First Position (2011),2011,3.84,96
83293,Waste Land (2010),2010,3.84,161
2610,Three Seasons (1999),1999,3.84,390
38061,Kiss Kiss Bang Bang (2005),2005,3.84,9284
16,Casino (1995),1995,3.84,22298
5224,Promises (2001),2001,3.84,145
182637,The Second Renaissance Part I (2003),2003,3.84,317
4886,"Monsters, Inc. (2001)",2001,3.84,46036
3451,Guess Who's Coming to Dinner (1967),1967,3.84,3014
173351,Wow! A Talking Fish! (1983),1983,3.84,89
2611,"Winslow Boy, The (1999)",1999,3.84,1252
3788,Blow-Up (Blowup) (1966),1966,3.84,2543
127226,Stations of the Cross (2014),2014,3.84,52
44665,Lucky Number Slevin (2006),2006,3.84,11593
2618,"Castle, The (1997)",1997,3.84,1384
97639,How to Survive a Plague (2012),2012,3.84,113
2585,"Lovers of the Arctic Circle, The (Los Amantes del Círculo Polar) (1998)",1998,3.84,684
41,Richard III (1995),1995,3.84,4760
162082,Train to Busan (2016),2016,3.84,3201
175813,Force Majeure (2014),2014,3.84,433
44694,Volver (2006),2006,3.84,3081
129713,Assa (1987),1987,3.84,67
1307,When Harry Met Sally... (1989),1989,3.84,27362
32792,"Red Desert (Deserto rosso, Il) (1964)",1964,3.84,280
49272,Casino Royale (2006),2006,3.84,27689
214612,Miracle in Cell No. 7 (2019),2019,3.84,76
8712,My Favorite Wife (1940),1940,3.84,401
25753,Greed (1924),1924,3.84,252
1674,Witness (1985),1985,3.84,12332
1860,Character (Karakter) (1997),1997,3.84,534
112488,"Gunfighter, The (2014)",2014,3.84,91
105429,Inequality for All (2013),2013,3.84,188
214320,Doctor Who: The Day of the Doctor (2013),2013,3.84,100
4769,Into the Arms of Strangers: Stories of the Kindertransport (2000),2000,3.83,239
2238,Seven Beauties (Pasqualino Settebellezze) (1976),1976,3.83,616
52319,Inglorious Bastards (Quel maledetto treno blindato) (1978),1978,3.83,1455
47404,Mind Game (2004),2004,3.83,416
501,Naked (1993),1993,3.83,2363
6178,"Patch of Blue, A (1965)",1965,3.83,277
8012,Kikujiro (Kikujirô no natsu) (1999),1999,3.83,731
83134,Tucker & Dale vs Evil (2010),2010,3.83,5032
169488,Oklahoma City (2017),2017,3.83,57
90266,Buck (2011),2011,3.83,132
229773,Adventure Time: Islands (2017),2017,3.83,54
58422,"Island, The (a.k.a. Naked Island) (Hadaka no shima) (1960)",1960,3.83,57
132561,Bad Boys (2014),2014,3.83,63
31435,Rory O'Shea Was Here (Inside I'm Dancing) (2004),2004,3.83,450
364,"Lion King, The (1994)",1994,3.83,51518
6291,Lilya 4-Ever (Lilja 4-ever) (2002),2002,3.83,1428
5890,Elling (2001),2001,3.83,817
6440,Barton Fink (1991),1991,3.83,5617
113240,Winter Sleep (Kis Uykusu) (2014),2014,3.83,394
5446,Rabbit-Proof Fence (2002),2002,3.83,2673
41828,Don't Look Now: We're Being Shot At (La grande vadrouille) (1966),1966,3.83,173
50872,Ratatouille (2007),2007,3.83,28187
6530,"Tenant, The (Locataire, Le) (1976)",1976,3.83,1051
7489,"Nasty Girl, The (schreckliche Mädchen, Das) (1990)",1990,3.83,241
3135,"Great Santini, The (1979)",1979,3.83,1499
128093,"Bo Burnham: Words, Words, Words (2010)",2010,3.83,101
1968,"Breakfast Club, The (1985)",1985,3.83,29669
2268,"Few Good Men, A (1992)",1992,3.83,19616
71108,"White Ribbon, The (Das weiße Band) (2009)",2009,3.83,1260
129362,Merchants of Doubt (2014),2014,3.83,77
81834,Harry Potter and the Deathly Hallows: Part 1 (2010),2010,3.83,20969
229951,Sherlock: The Final Problem (2017),2017,3.83,68
3897,Almost Famous (2000),2000,3.83,24024
6773,"Triplets of Belleville, The (Les triplettes de Belleville) (2003)",2003,3.83,4399
2696,"Dinner Game, The (Dîner de cons, Le) (1998)",1998,3.83,1595
66019,"Great Ecstasy of Woodcarver Steiner, The (Große Ekstase des Bildschnitzers Steiner, Die) (1974)",1974,3.83,59
176887,Murder on the Orient Express (2010),2010,3.83,118
26431,Opening Night (1977),1977,3.83,177
1938,"Lost Weekend, The (1945)",1945,3.83,1348
197009,Struggle: The Life and Lost Art of Szukalski (2018),2018,3.83,50
94410,Hamlet (2009),2009,3.83,97
49265,Shooting Dogs (a.k.a. Beyond the Gates) (2005),2005,3.83,138
25886,Random Harvest (1942),1942,3.83,179
6460,"Trial, The (Procès, Le) (1962)",1962,3.83,712
26151,Au Hasard Balthazar (1966),1966,3.83,529
1077,Sleeper (1973),1973,3.83,7594
278446,The Banshees of Inisherin (2022),2022,3.83,1602
1257,Better Off Dead... (1985),1985,3.83,5784
8456,Investigation of a Citizen Above Suspicion (Indagine su un cittadino al di sopra di ogni sospetto) (1970),1970,3.83,239
26840,Sonatine (Sonachine) (1993),1993,3.83,687
7068,Last Year at Marienbad (L'Année dernière à Marienbad) (1961),1961,3.83,678
3742,Battleship Potemkin (1925),1925,3.83,2386
100060,Sunny (Sseo-ni) (2011),2011,3.83,61
78499,Toy Story 3 (2010),2010,3.83,20327
428,"Bronx Tale, A (1993)",1993,3.83,5543
55071,No End in Sight (2007),2007,3.83,374
96563,Paradise Lost 3: Purgatory (2011),2011,3.83,200
6306,I Am Trying to Break Your Heart (2002),2002,3.83,307
2728,Spartacus (1960),1960,3.83,6033
5119,Saturday Night and Sunday Morning (1960),1960,3.83,228
139757,Best of Enemies (2015),2015,3.83,199
134041,Afonya (1975),1975,3.83,121
86668,Louis Theroux: Law & Disorder (2008),2008,3.83,72
456,Fresh (1994),1994,3.83,1016
4741,Together (Tillsammans) (2000),2000,3.83,1108
196073,Tumbbad (2018),2018,3.83,115
1060,Swingers (1996),1996,3.83,10519
107410,Guest from the Future (Gostya iz buduschego) (1985),1985,3.83,158
1079,"Fish Called Wanda, A (1988)",1988,3.83,22610
50011,"Bothersome Man, The (Brysomme mannen, Den) (2006)",2006,3.83,453
1099,"Christmas Carol, A (1938)",1938,3.83,2185
7831,Another Thin Man (1939),1939,3.83,446
5607,"Son of the Bride (Hijo de la novia, El) (2001)",2001,3.83,363
1287,Ben-Hur (1959),1959,3.83,10165
146006,High Rollers (1976),1976,3.82,60
172585,Karlson Returns (1970),1970,3.82,120
1365,Ridicule (1996),1996,3.82,1173
2318,Happiness (1998),1998,3.82,5179
86237,Connections (1978),1978,3.82,57
142969,Virgin Mountain (2015),2015,3.82,57
7438,Kill Bill: Vol. 2 (2004),2004,3.82,37301
5177,"Magnificent Ambersons, The (1942)",1942,3.82,897
6672,War Photographer (2001),2001,3.82,242
6667,Waco: The Rules of Engagement (1997),1997,3.82,384
164411,My Life as a Courgette (2016),2016,3.82,426
37495,Survive Style 5+ (2004),2004,3.82,292
81932,"Fighter, The (2010)",2010,3.82,6318
49225,Street Fight (2005),2005,3.82,170
98604,From Up on Poppy Hill (Kokuriko-zaka kara) (2011),2011,3.82,765
5515,Songs From the Second Floor (Sånger från andra våningen) (2000),2000,3.82,575
1188,Strictly Ballroom (1992),1992,3.82,7902
1423,Hearts and Minds (1996),1996,3.82,181
8094,Bad Day at Black Rock (1955),1955,3.82,720
1653,Gattaca (1997),1997,3.82,26958
73323,"Girl Who Kicked the Hornet's Nest, The (Luftslottet som sprängdes) (2009)",2009,3.82,2161
63082,Slumdog Millionaire (2008),2008,3.82,25745
67997,In the Loop (2009),2009,3.82,1844
111255,"Wednesday!, A (2008)",2008,3.82,222
7073,"Shot in the Dark, A (1964)",1964,3.82,1334
334,Vanya on 42nd Street (1994),1994,3.82,1645
8338,Black Narcissus (1947),1947,3.82,679
1202,Withnail & I (1987),1987,3.82,2077
3075,Repulsion (1965),1965,3.82,1720
6286,"Man Without a Past, The (Mies vailla menneisyyttä) (2002)",2002,3.82,1448
1076,"Innocents, The (1961)",1961,3.82,745
58554,"Class, The (Klass) (2007)",2007,3.82,224
30707,Million Dollar Baby (2004),2004,3.82,18458
6954,"Barbarian Invasions, The (Les invasions barbares) (2003)",2003,3.82,1374
6869,Bus 174 (Ônibus 174) (2002),2002,3.82,430
46850,Wordplay (2006),2006,3.82,720
188623,Burning (2018),2018,3.82,1132
203322,The Peanut Butter Falcon (2019),2019,3.82,1129
8011,"Weather Underground, The (2002)",2002,3.82,482
7301,Diary of a Country Priest (Journal d'un curé de campagne) (1951),1951,3.82,303
209315,Little Women (2019),2019,3.82,2648
247,Heavenly Creatures (1994),1994,3.82,8030
103057,Still Mine (2012),2012,3.82,50
3737,Lonely Are the Brave (1962),1962,3.82,236
3822,"Girl on the Bridge, The (Fille sur le pont, La) (1999)",1999,3.82,713
210235,Corpus Christi (2019),2019,3.82,158
62644,"Wave, The (Welle, Die) (2008)",2008,3.82,1492
141890,Beasts of No Nation (2015),2015,3.82,1049
60766,Man on Wire (2008),2008,3.82,2485
265534,14 Peaks: Nothing Is Impossible (2021),2021,3.82,83
132362,Patlabor 2: The Movie (1993),1993,3.82,94
68347,Sin Nombre (2009),2009,3.82,763
197883,The Farewell (2019),2019,3.82,1172
43497,Love in the Afternoon (Chloe in the Afternoon)  (L'amour l'après-midi) (1972),1972,3.82,157
1216,"Big Blue, The (Grand bleu, Le) (1988)",1988,3.82,2040
159917,Weiner (2016),2016,3.82,355
9010,Love Me If You Dare (Jeux d'enfants) (2003),2003,3.82,1127
8368,Harry Potter and the Prisoner of Azkaban (2004),2004,3.82,31427
96821,"Perks of Being a Wallflower, The (2012)",2012,3.82,9680
2648,Frankenstein (1931),1931,3.82,4175
7333,"Corbeau, Le (Raven, The) (1943)",1943,3.82,268
112473,Stuart: A Life Backward (2007),2007,3.82,82
3093,McCabe & Mrs. Miller (1971),1971,3.82,1697
44195,Thank You for Smoking (2006),2006,3.82,13226
6870,Mystic River (2003),2003,3.82,14774
69844,Harry Potter and the Half-Blood Prince (2009),2009,3.82,21033
208469,Just Mercy (2019),2019,3.82,644
6377,Finding Nemo (2003),2003,3.82,46128
7067,Juliet of the Spirits (Giulietta degli spiriti) (1965),1965,3.82,444
166461,Moana (2016),2016,3.82,8278
1466,Donnie Brasco (1997),1997,3.82,13390
3911,Best in Show (2000),2000,3.82,12835
2921,High Plains Drifter (1973),1973,3.82,3144
902,Breakfast at Tiffany's (1961),1961,3.82,11835
93838,The Raid: Redemption (2011),2011,3.82,3511
555,True Romance (1993),1993,3.82,17743
8492,"Christmas Carol, A (Scrooge) (1951)",1951,3.82,843
143389,Les Misérables in Concert - The 25th Anniversary (2010),2010,3.82,84
278578,All Quiet on the Western Front (2022),2022,3.82,1276
133357,The Seven Five (2014),2014,3.82,65
59315,Iron Man (2008),2008,3.82,36468
8914,Primer (2004),2004,3.82,6111
26122,Onibaba (1964),1964,3.82,465
4458,Africa: The Serengeti (1994),1994,3.82,200
8264,Grey Gardens (1975),1975,3.81,529
131050,Stargate SG-1 Children of the Gods - Final Cut (2009),2009,3.81,286
26939,Drifting Clouds (Kauas pilvet karkaavat) (1996),1996,3.81,375
77233,"Union: The Business Behind Getting High, The (2007)",2007,3.81,113
973,Meet John Doe (1941),1941,3.81,1036
5135,Monsoon Wedding (2001),2001,3.81,3011
4963,Ocean's Eleven (2001),2001,3.81,41217
7932,Dark Days (2000),2000,3.81,567
168248,John Wick: Chapter Two (2017),2017,3.81,7037
26644,Landscape in the Mist (Topio stin omichli) (1988),1988,3.81,131
43396,"World's Fastest Indian, The (2005)",2005,3.81,1906
122918,Guardians of the Galaxy 2 (2017),2017,3.81,13115
5899,Zulu (1964),1964,3.81,1240
204388,Honeyland (2019),2019,3.81,160
52952,This Is England (2006),2006,3.81,2089
26133,"Charlie Brown Christmas, A (1965)",1965,3.81,1649
4095,Cry Freedom (1987),1987,3.81,692
3114,Toy Story 2 (1999),1999,3.81,32683
76111,About Elly (Darbareye Elly) (2009),2009,3.81,481
48698,Deliver Us from Evil (2006),2006,3.81,425
27592,Sympathy for Mr. Vengeance (Boksuneun naui geot) (2002),2002,3.81,1901
7493,"Three Faces of Eve, The (1957)",1957,3.81,430
91658,"Girl with the Dragon Tattoo, The (2011)",2011,3.81,12307
42632,Lady Vengeance (Sympathy for Lady Vengeance) (Chinjeolhan geumjassi) (2005),2005,3.81,1983
231291,The Bee Gees: How Can You Mend a Broken Heart (2020),2020,3.81,53
108220,"Square, The (Al Midan) (2013)",2013,3.81,106
5417,"Fast Runner, The (Atanarjuat) (2001)",2001,3.81,675
2863,"Hard Day's Night, A (1964)",1964,3.81,4671
3171,Room at the Top (1959),1959,3.81,193
8327,Dolls (2002),2002,3.81,502
8950,The Machinist (2004),2004,3.81,12200
6808,Where Eagles Dare (1968),1968,3.81,1574
7445,Man on Fire (2004),2004,3.81,9935
231413,Demon Slayer the Movie: Mugen Train (2020),2020,3.81,195
4103,Empire of the Sun (1987),1987,3.81,4026
113066,Food (Jídlo) (1993),1993,3.81,71
99468,"Central Park Five, The (2012)",2012,3.81,184
84952,Confessions (Kokuhaku) (2010),2010,3.81,552
55118,Eastern Promises (2007),2007,3.81,6228
33564,Divorce - Italian Style (Divorzio all'italiana) (1961),1961,3.81,302
944,Lost Horizon (1937),1937,3.81,1137
929,Foreign Correspondent (1940),1940,3.81,1121
7311,"Goodbye, Mr. Chips (1939)",1939,3.81,546
57069,Equinox Flower (Higanbana) (1958),1958,3.81,63
31903,Zelary (2003),2003,3.81,168
1935,How Green Was My Valley (1941),1941,3.81,1068
171763,Baby Driver (2017),2017,3.81,9259
210539,Don't F**k With Cats: Hunting an Internet Killer (2019),2019,3.81,262
7055,Swing Time (1936),1936,3.81,448
8645,"Maria Full of Grace (Maria, Llena eres de gracia) (2004)",2004,3.81,2585
256369,Untold: Malice at the Palace (2021),2021,3.81,55
2130,Atlantic City (1980),1980,3.81,2149
27397,Joint Security Area (Gongdong gyeongbi guyeok JSA) (2000),2000,3.81,780
55765,American Gangster (2007),2007,3.81,9697
102753,"Past, The (Le passé) (2013)",2013,3.81,471
6122,Richard Pryor Live on the Sunset Strip (1982),1982,3.81,607
5339,Husbands and Wives (1992),1992,3.81,1308
163136,Psiconautas (2015),2015,3.81,68
6644,"Green Ray, The (Rayon vert, Le) (1986)",1986,3.81,204
6400,Murder on a Sunday Morning (Un coupable idéal) (2001),2001,3.81,196
932,"Affair to Remember, An (1957)",1957,3.81,2380
27857,As it is in Heaven (Så som i himmelen) (2004),2004,3.81,287
6144,"Traviata, La (1982)",1982,3.81,73
88911,My Afternoons with Margueritte (La tête en friche) (2010),2010,3.81,99
8167,Captain Blood (1935),1935,3.81,560
6467,Quai des Orfèvres (Jenny Lamour) (1947),1947,3.81,151
7335,Pickup on South Street (1953),1953,3.81,393
68874,"Jeanne Dielman, 23 Quai du Commerce, 1080 Bruxelles (1975)",1975,3.81,216
8930,"Five Obstructions, The (Fem benspænd, De) (2003)",2003,3.81,424
59018,"Visitor, The (2007)",2007,3.81,1248
146024,A Man from Boulevard des Capucines (1987),1987,3.81,104
3654,"Guns of Navarone, The (1961)",1961,3.81,3844
5470,The Importance of Being Earnest (1952),1952,3.81,740
6126,"Veronika Voss (Sehnsucht der Veronika Voss, Die) (1982)",1982,3.81,205
2924,Drunken Master (Jui kuen) (1978),1978,3.81,2460
55290,Gone Baby Gone (2007),2007,3.81,5987
26055,Floating Weeds (Ukigusa) (1959),1959,3.81,241
1035,"Sound of Music, The (1965)",1965,3.81,18122
31770,Night and the City (1950),1950,3.81,272
2791,Airplane! (1980),1980,3.81,24936
26049,Fires on the Plain (Nobi) (1959),1959,3.81,75
100436,"Gatekeepers, The (2012)",2012,3.81,137
89896,"Turin Horse, The (A Torinói ló) (2011)",2011,3.81,261
4183,"Unbelievable Truth, The (1989)",1989,3.81,323
2069,"Trip to Bountiful, The (1985)",1985,3.81,1129
5062,Seconds (1966),1966,3.81,682
61100,Still Life (Sanxia haoren) (2006),2006,3.81,80
63676,"Face of Another, The (Tanin no kao) (1966)",1966,3.81,209
161024,Jim Jefferies: Freedumb (2016),2016,3.81,129
7833,Shadow of the Thin Man (1941),1941,3.81,356
70286,District 9 (2009),2009,3.81,24808
1844,Live Flesh (Carne trémula) (1997),1997,3.81,753
9018,Control Room (2004),2004,3.81,758
77177,Wild China (2008),2008,3.81,116
201444,Knock Down the House (2019),2019,3.81,183
183197,Dave Chappelle: Equanimity (2017),2017,3.81,268
106332,Muscle Shoals (2013),2013,3.81,103
174487,"Don't Hug Me, I'm Scared (2011)",2011,3.81,309
225984,Another Round (2020),2020,3.81,1375
1914,Smoke Signals (1998),1998,3.81,2792
80586,Flipped (2010),2010,3.81,849
165503,Mr. Church (2016),2016,3.81,277
47610,"Illusionist, The (2006)",2006,3.8,15298
79798,I Killed My Mother (J'ai tué ma mère) (2009),2009,3.8,343
40414,Joyeux Noël (Merry Christmas) (2005),2005,3.8,668
4404,Faust (1926),1926,3.8,422
1748,Dark City (1998),1998,3.8,14404
7919,Drunken Angel (Yoidore tenshi) (1948),1948,3.8,253
508,Philadelphia (1993),1993,3.8,22912
2160,Rosemary's Baby (1968),1968,3.8,10690
107117,"Armstrong Lie, The (2013)",2013,3.8,97
5954,25th Hour (2002),2002,3.8,6332
3104,Midnight Run (1988),1988,3.8,5860
920,Gone with the Wind (1939),1939,3.8,16824
175693,Rick and Morty: State of Georgia Vs. Denver Fenton Allen (2016),2016,3.8,107
728,Cold Comfort Farm (1995),1995,3.8,3555
162344,Tom Segura: Mostly Stories (2016),2016,3.8,117
2333,Gods and Monsters (1998),1998,3.8,4638
98198,OMG Oh My God! (2012),2012,3.8,155
55444,Control (2007),2007,3.8,1428
55098,Paint It Yellow (Rang De Basanti) (2006),2006,3.8,353
288311,Nimona (2023),2023,3.8,198
218803,Collective (2019),2019,3.8,71
96473,Prime Suspect: Inner Circles (1995),1995,3.8,71
27728,Ghost in the Shell 2: Innocence (a.k.a. Innocence) (Inosensu) (2004),2004,3.8,2124
164107,Tower (2016),2016,3.8,152
8044,I Am a Fugitive from a Chain Gang (1932),1932,3.8,377
119145,Kingsman: The Secret Service (2015),2015,3.8,15392
116855,The Way He Looks (2014),2014,3.8,369
4217,4 Little Girls (1997),1997,3.8,341
7034,Show Me Love (Fucking Åmål) (1998),1998,3.8,2104
8786,Port of Shadows (Quai des brumes) (1938),1938,3.8,197
3481,High Fidelity (2000),2000,3.8,20240
3384,"Taking of Pelham One Two Three, The (1974)",1974,3.8,2007
3733,"Paper Chase, The (1973)",1973,3.8,1622
82667,I Saw the Devil (Akmareul boatda) (2010),2010,3.8,1829
3246,Malcolm X (1992),1992,3.8,5026
140106,Our Little Sister (2015),2015,3.8,176
54372,Tell No One (Ne le dis à personne) (2006),2006,3.8,1234
1220,"Blues Brothers, The (1980)",1980,3.8,24039
196931,The Biggest Little Farm (2018),2018,3.8,118
2359,Waking Ned Devine (a.k.a. Waking Ned) (1998),1998,3.8,6807
2871,Deliverance (1972),1972,3.8,9488
68358,Star Trek (2009),2009,3.8,21229
205425,Dave Chappelle: Sticks & Stones (2019),2019,3.8,438
5604,"Man in the White Suit, The (1951)",1951,3.8,533
130347,Bill Hicks: Sane Man (1989),1989,3.8,65
117438,When Marnie Was There (2014),2014,3.8,740
95973,"Classe américaine, La (a.k.a. Le grand détournement) (1993)",1993,3.8,60
57550,Kings of the Road (Im Lauf der Zeit) (1976),1976,3.8,70
60198,"Sandglass, The (Sanatorium pod klepsydra) (1973)",1973,3.8,100
68472,Cherry Blossoms (Kirschblüten - Hanami) (2008),2008,3.8,105
6118,Blind Chance (Przypadek) (1981),1981,3.8,205
8973,Bad Education (La mala educación) (2004),2004,3.8,2010
70533,Evangelion: 1.0 You Are (Not) Alone (Evangerion shin gekijôban: Jo) (2007),2007,3.8,866
201646,Midsommar (2019),2019,3.8,4402
128099,Jim Jefferies: BARE (2014),2014,3.8,142
60295,Up the Yangtze (2007),2007,3.8,117
2745,"Mission, The (1986)",1986,3.8,2703
3816,"Official Story, The (La historia oficial) (1985)",1985,3.8,336
31952,Control (Kontroll) (2003),2003,3.8,647
943,"Ghost and Mrs. Muir, The (1947)",1947,3.8,1846
33451,"Ugly, Dirty and Bad (Brutti sporchi e cattivi) (1976)",1976,3.8,189
7387,Dawn of the Dead (1978),1978,3.8,4559
54259,Stardust (2007),2007,3.8,8800
5644,"Pride of the Yankees, The (1942)",1942,3.8,519
70649,A City of Sadness (1989),1989,3.8,62
113275,The Hundred-Foot Journey (2014),2014,3.8,930
33903,"Edukators, The (Die Fetten Jahre sind vorbei) (2004)",2004,3.8,1200
98607,Redline (2009),2009,3.8,451
7147,Big Fish (2003),2003,3.8,22072
50068,Letters from Iwo Jima (2006),2006,3.8,3646
25826,Libeled Lady (1936),1936,3.8,225
824,Kaspar Hauser (1993),1993,3.8,393
135875,Queen (2014),2014,3.8,163
226678,David Byrne's American Utopia (2020),2020,3.8,79
179779,A Taxi Driver (2017),2017,3.8,232
81817,Carlos (2010),2010,3.8,296
64278,"Pervert's Guide to Cinema, The (2006)",2006,3.8,291
103639,Bhaag Milka Bhaag (2013),2013,3.8,143
165527,Before the Flood (2016),2016,3.8,244
73,"Misérables, Les (1995)",1995,3.8,2982
32582,"Wild Parrots of Telegraph Hill, The (2003)",2003,3.8,295
141251,Demetri Martin: Live (At The Time) (2015),2015,3.8,86
168326,The Big Sick (2017),2017,3.8,2810
27722,Last Life in the Universe (Ruang rak noi nid mahasan) (2003),2003,3.8,417
6984,"Tale of Two Cities, A (1935)",1935,3.8,255
81591,Black Swan (2010),2010,3.8,19149
4380,"Princess and the Warrior, The (Krieger und die Kaiserin, Der) (2000)",2000,3.8,1140
57502,Cat Soup (Nekojiru-so) (2001),2001,3.8,384
178827,Paddington 2 (2017),2017,3.8,1191
3061,Holiday Inn (1942),1942,3.8,1868
205441,Marriage Story (2019),2019,3.8,3561
33171,Mysterious Skin (2004),2004,3.8,1630
3653,"Endless Summer, The (1966)",1966,3.8,782
38095,"Bittersweet Life, A (Dalkomhan insaeng) (2005)",2005,3.8,664
90600,Headhunters (Hodejegerne) (2011),2011,3.8,1654
6864,"Concert for George, The (2003)",2003,3.79,178
5064,The Count of Monte Cristo (2002),2002,3.79,7844
5333,Bob le Flambeur (1955),1955,3.79,468
7578,Midnight (1939),1939,3.79,117
154,Beauty of the Day (Belle de jour) (1967),1967,3.79,3382
1277,Cyrano de Bergerac (1990),1990,3.79,4196
3098,"Natural, The (1984)",1984,3.79,5278
6591,"Magdalene Sisters, The (2002)",2002,3.79,1180
189333,Mission: Impossible - Fallout (2018),2018,3.79,4002
64839,"Wrestler, The (2008)",2008,3.79,8689
2983,"Ipcress File, The (1965)",1965,3.79,865
2607,Get Real (1998),1998,3.79,665
2071,And the Band Played On (1993),1993,3.79,1439
6711,Lost in Translation (2003),2003,3.79,26273
5767,Teddy Bear (Mis) (1981),1981,3.79,109
180095,Wonder (2017),2017,3.79,1626
189203,Upgrade (2018),2018,3.79,2958
8752,"Set-Up, The (1949)",1949,3.79,191
142452,Puella Magi Madoka Magica the Movie Part II: Eternal (2012),2012,3.79,116
26694,Ju Dou (1990),1990,3.79,268
175387,On the Trail of the Bremen Town Musicians (1973),1973,3.79,70
239254,Mass (2021),2021,3.79,70
166568,Miss Sloane (2016),2016,3.79,811
172699,Mommy Dead and Dearest (2017),2017,3.79,111
64695,Sword of the Stranger (Sutorejia: Mukô hadan) (2007),2007,3.79,234
59684,Lake of Fire (2006),2006,3.79,123
5169,Scarlet Street (1945),1945,3.79,388
92606,"Black Power Mixtape 1967-1975, The (2011)",2011,3.79,53
136463,Jim Gaffigan: Beyond the Pale (2006),2006,3.79,171
201340,The Lighthouse (2019),2019,3.79,3193
1261,Evil Dead II (Dead by Dawn) (1987),1987,3.79,9858
117176,The Theory of Everything (2014),2014,3.79,8124
27518,D.C.H. (Dil Chahta Hai) (2001),2001,3.79,202
5289,Body and Soul (1947),1947,3.79,149
143385,Bridge of Spies (2015),2015,3.79,5785
7022,Battle Royale (Batoru rowaiaru) (2000),2000,3.79,7535
26052,Pickpocket (1959),1959,3.79,540
133361,The Golden Calf (1968),1968,3.79,60
56715,Wristcutters: A Love Story (2006),2006,3.79,1765
5404,84 Charing Cross Road (1987),1987,3.79,561
51471,Amazing Grace (2006),2006,3.79,700
100106,"Pervert's Guide to Ideology, The (2012)",2012,3.79,345
49772,"Painted Veil, The (2006)",2006,3.79,1399
141702,Drishyam (2015),2015,3.79,194
26158,Closely Watched Trains (Ostre sledované vlaky) (1966),1966,3.79,273
183959,Tom Segura: Disgraceful (2018),2018,3.79,67
73064,In a Year with 13 Moons (In einem Jahr mit 13 Monden) (1978),1978,3.79,55
27843,Machuca (2004),2004,3.79,165
74148,More Than a Game (2008),2008,3.79,55
2682,Limbo (1999),1999,3.79,784
4642,Hedwig and the Angry Inch (2000),2000,3.79,3000
50594,Daisies (Sedmikrasky) (1966),1966,3.79,322
110501,The Raid 2: Berandal (2014),2014,3.79,1637
183641,Bombshell: The Hedy Lamarr Story (2017),2017,3.79,50
51540,Zodiac (2007),2007,3.79,12549
3546,What Ever Happened to Baby Jane? (1962),1962,3.79,1901
103606,Stuck in Love (2012),2012,3.79,735
31374,Hobson's Choice (1954),1954,3.79,145
6370,"Spanish Apartment, The (L'auberge espagnole) (2002)",2002,3.79,1433
3245,I Am Cuba (Soy Cuba/Ya Kuba) (1964),1964,3.79,259
132952,Sarfarosh (1999),1999,3.79,57
127294,Estomago: A Gastronomic Story (2007),2007,3.79,57
112290,Boyhood (2014),2014,3.79,5513
6598,Step Into Liquid (2002),2002,3.79,363
174055,Dunkirk (2017),2017,3.79,8681
114935,Predestination (2014),2014,3.79,6103
131237,What Men Talk About (2010),2010,3.79,211
1161,"Tin Drum, The (Blechtrommel, Die) (1979)",1979,3.79,1613
7577,"Magic Flute, The (Trollflöjten) (1975)",1975,3.79,222
2729,Lolita (1962),1962,3.79,3913
96811,End of Watch (2012),2012,3.79,3137
56869,Drained (O cheiro do Ralo) (2006),2006,3.79,59
26393,Sorcerer (1977),1977,3.79,387
1635,"Ice Storm, The (1997)",1997,3.79,5915
127108,Brooklyn (2015),2015,3.79,1714
128854,Chris Rock: Bring the Pain (1996),1996,3.79,66
8848,"Vitelloni, I (a.k.a. The Young and the Passionate) (1953)",1953,3.79,370
1966,Metropolitan (1990),1990,3.79,1830
177615,Lady Bird (2017),2017,3.79,5054
172637,Priklyucheniya Kapitana Vrungelya (1979),1979,3.79,73
81981,"Toy, The (Le jouet) (1976)",1976,3.79,113
105504,Captain Phillips (2013),2013,3.79,7505
116839,Gett: The Trial of Viviane Amsalem (2014),2014,3.79,94
4978,Lantana (2001),2001,3.79,1527
3252,Scent of a Woman (1992),1992,3.79,11254
73290,Hachiko: A Dog's Story (a.k.a. Hachi: A Dog's Tale) (2009),2009,3.79,1780
257037,Drive My Car (2021),2021,3.79,533
64993,5 Centimeters per Second (Byôsoku 5 senchimêtoru) (2007),2007,3.79,1410
42094,"Spirit of the Beehive, The (Espíritu de la colmena, El) (1973)",1973,3.79,457
146309,The Boy and the Beast (2015),2015,3.79,457
109633,"Garden of Words, The (Koto no ha no niwa) (2013)",2013,3.79,820
191941,Robin Williams: Come Inside My Mind (2018),2018,3.79,82
146002,D'Artagnan and Three Musketeers (1979),1979,3.79,89
2908,Boys Don't Cry (1999),1999,3.79,8653
6939,Gloomy Sunday (Ein Lied von Liebe und Tod) (1999),1999,3.79,152
8335,Make Way for Tomorrow (1937),1937,3.79,187
3728,One False Move (1992),1992,3.79,911
27721,"Very Long Engagement, A (Un long dimanche de fiançailles) (2004)",2004,3.79,2464
1527,"Fifth Element, The (1997)",1997,3.79,40550
93324,Undefeated (2011),2011,3.79,98
160980,Sully (2016),2016,3.79,3433
3296,To Sir with Love (1967),1967,3.79,1858
73513,"Swades: We, the People (Our Country) (2004)",2004,3.79,254
2847,Only Angels Have Wings (1939),1939,3.79,487
4034,Traffic (2000),2000,3.79,19788
1103,Rebel Without a Cause (1955),1955,3.79,6659
3105,Awakenings (1990),1990,3.79,8505
1387,Jaws (1975),1975,3.79,29265
4047,Gettysburg (1993),1993,3.78,1783
34153,Murderball (2005),2005,3.78,1064
179817,Darkest Hour (2017),2017,3.78,2121
3421,Animal House (1978),1978,3.78,13334
3094,Maurice (1987),1987,3.78,820
3289,Not One Less (Yi ge dou bu neng shao) (1999),1999,3.78,425
4555,Torch Song Trilogy (1988),1988,3.78,469
1344,Cape Fear (1962),1962,3.78,4553
43897,"White Diamond, The (2004)",2004,3.78,130
217655,Hamilton (2020),2020,3.78,1908
88235,"Guard, The (2011)",2011,3.78,1608
202497,Les Misérables (2019),2019,3.78,174
93700,Corman's World: Exploits of a Hollywood Rebel (2011),2011,3.78,58
4979,"Royal Tenenbaums, The (2001)",2001,3.78,20357
97744,"Ambassador, The (Ambassadøren) (2011)",2011,3.78,102
83193,Early Spring (Soshun) (1956),1956,3.78,51
3783,Croupier (1998),1998,3.78,2277
6857,Ninja Scroll (Jûbei ninpûchô) (1995),1995,3.78,2316
118244,Wanderers (2014),2014,3.78,88
82459,True Grit (2010),2010,3.78,10677
2488,Peeping Tom (1960),1960,3.78,1421
52435,How the Grinch Stole Christmas! (1966),1966,3.78,2285
64034,"Boy in the Striped Pajamas, The (Boy in the Striped Pyjamas, The) (2008)",2008,3.78,4132
159061,The Wailing (2016),2016,3.78,983
1411,Hamlet (1996),1996,3.78,6151
50641,House (Hausu) (1977),1977,3.78,684
187593,Deadpool 2 (2018),2018,3.78,9815
128912,Mike Birbiglia: My Girlfriend's Boyfriend (2013),2013,3.78,99
27329,Paradise Lost 2: Revelations (2000),2000,3.78,283
168090,Kizumonogatari II: Passionate Blood (2016),2016,3.78,69
217629,Crip Camp: A Disability Revolution (2020),2020,3.78,108
5721,"Chosen, The (1981)",1981,3.78,255
139385,The Revenant (2015),2015,3.78,11873
3746,Butterfly (La lengua de las mariposas) (1999),1999,3.78,397
32844,Waterloo Bridge (1940),1940,3.78,78
26259,"Emigrants, The (Utvandrarna) (1971)",1971,3.78,78
128914,Tom Segura: Completely Normal (2014),2014,3.78,78
4405,"Last Laugh, The (Letzte Mann, Der) (1924)",1924,3.78,406
3342,Birdy (1984),1984,3.78,1472
166788,20th Century Women (2016),2016,3.78,727
129437,Ugly (2013),2013,3.78,64
7620,Monster in a Box (1992),1992,3.78,217
89900,Once Upon a Time in Anatolia (Bir zamanlar Anadolu'da) (2011),2011,3.78,354
90439,Margin Call (2011),2011,3.78,2676
3967,Billy Elliot (2000),2000,3.78,10736
276151,Marcel the Shell with Shoes On (2022),2022,3.78,260
1162,"Ruling Class, The (1972)",1972,3.78,846
199,"Umbrellas of Cherbourg, The (Parapluies de Cherbourg, Les) (1964)",1964,3.78,1837
83132,"Secret World of Arrietty, The (Kari-gurashi no Arietti) (2010)",2010,3.78,2482
562,Welcome to the Dollhouse (1995),1995,3.78,6559
46976,Stranger than Fiction (2006),2006,3.78,11865
6539,Pirates of the Caribbean: The Curse of the Black Pearl (2003),2003,3.78,48722
4454,More (1998),1998,3.78,321
80463,"Social Network, The (2010)",2010,3.78,21335
126953,The Fabulous Baron Munchausen (1962),1962,3.78,50
3499,Misery (1990),1990,3.78,12018
199350,Kitbull (2019),2019,3.78,93
5914,"Vernon, Florida (1981)",1981,3.78,254
116138,Leviathan (2014),2014,3.78,923
26241,The Devils (1971),1971,3.78,288
25940,"Lady from Shanghai, The (1947)",1947,3.78,700
6971,Europa (Zentropa) (1991),1991,3.78,564
26547,Police Story (Ging chaat goo si) (1985),1985,3.78,752
263007,Spider-Man: No Way Home (2021),2021,3.78,3971
900,"American in Paris, An (1951)",1951,3.78,3332
3471,Close Encounters of the Third Kind (1977),1977,3.78,17834
6786,Kiss of the Spider Woman (1985),1985,3.78,869
40412,Dead Man's Shoes (2004),2004,3.78,724
193065,Roma (2018),2018,3.78,1918
49817,"Plague Dogs, The (1982)",1982,3.78,147
143547,The Phantom of the Opera at the Royal Albert Hall (2011),2011,3.78,104
70465,Jerusalema (Gangster's Paradise: Jerusalema) (2008),2008,3.78,52
3916,Remember the Titans (2000),2000,3.78,11927
55167,Tekkonkinkreet (Tekkon kinkurîto) (2006),2006,3.78,592
199095,Gully Boy (2019),2019,3.78,70
8340,Escape from Alcatraz (1979),1979,3.78,3364
114692,"Overnighters, The (2014)",2014,3.78,79
3675,White Christmas (1954),1954,3.78,2216
8958,Ray (2004),2004,3.78,6152
4178,Of Mice and Men (1939),1939,3.78,1015
81257,In a Better World (Hævnen) (2010),2010,3.78,403
278824,"Argentina, 1985 (2022)",2022,3.78,117
159185,"Extraordinary Voyage, The (2011)",2011,3.78,54
6620,American Splendor (2003),2003,3.78,4488
26078,Advise and Consent (1962),1962,3.78,220
25923,Great Expectations (1946),1946,3.78,588
170799,Twin Peaks: The Missing Pieces (2014),2014,3.78,175
170597,A Plasticine Crow (1981),1981,3.78,74
44761,Brick (2005),2005,3.78,3396
86723,"Parking Lot Movie, The (2010)",2010,3.78,65
98973,Chasing Ice (2012),2012,3.78,130
27376,"Tunnel, The (Tunnel, Der) (2001)",2001,3.78,242
162864,Louis C.K.: One Night Stand (2005),2005,3.78,94
3836,Kelly's Heroes (1970),1970,3.78,2430
141826,The Garage (1979),1979,3.78,105
46322,Jet Li's Fearless (Huo Yuan Jia) (2006),2006,3.78,1786
103017,The Body (2012),2012,3.78,442
108566,"Man Who Sleeps, The (Un homme qui dort) (1974)",1974,3.78,116
158238,The Nice Guys (2016),2016,3.78,6303
8844,Camera Buff (Amator) (1979),1979,3.78,185
88022,Hot Coffee (2011),2011,3.78,127
103849,New World (Shin-sae-gye) (2013),2013,3.78,325
535,Short Cuts (1993),1993,3.78,5818
69394,"Stoning of Soraya M., The (2008)",2008,3.78,227
5965,"Duellists, The (1977)",1977,3.78,534
41712,"Room for Romeo Brass, A (1999)",1999,3.78,80
8749,"Beautiful Troublemaker, The (La belle noiseuse) (1991)",1991,3.78,140
4046,Friendly Persuasion (1956),1956,3.77,351
4297,Pelle the Conqueror (Pelle erobreren) (1987),1987,3.77,393
39292,"Good Night, and Good Luck. (2005)",2005,3.77,4890
7920,Desperate Living (1977),1977,3.77,204
91902,Elena (2011),2011,3.77,195
2495,"Fantastic Planet, The (Planète sauvage, La) (1973)",1973,3.77,1560
3713,"Long Walk Home, The (1990)",1990,3.77,421
6300,Flickering Lights (Blinkende lygter) (2000),2000,3.77,385
46664,"Fallen Idol, The (1948)",1948,3.77,199
2396,Shakespeare in Love (1998),1998,3.77,27514
183227,Dave Chappelle: The Bird Revelation (2017),2017,3.77,232
72360,Rocks (Das Rad) (2003),2003,3.77,53
1180,Hear My Song (1991),1991,3.77,477
8609,Our Hospitality (1923),1923,3.77,340
31878,Kung Fu Hustle (Gong fu) (2004),2004,3.77,6335
373,Red Rock West (1992),1992,3.77,3660
148058,Talvar (2015),2015,3.77,97
26472,"Norte, El (1984)",1984,3.77,205
110586,Calvary (2014),2014,3.77,1112
3363,American Graffiti (1973),1973,3.77,8424
253690,The Worst Person in the World (2021),2021,3.77,678
25841,Stage Door (1937),1937,3.77,209
64197,Hunger (2008),2008,3.77,1069
1788,Men with Guns (1997),1997,3.77,673
26258,"Topo, El (1970)",1970,3.77,758
4785,"Great Silence, The (Grande silenzio, Il) (1969)",1969,3.77,279
921,My Favorite Year (1982),1982,3.77,2487
6502,28 Days Later (2002),2002,3.77,21390
180045,Molly's Game (2017),2017,3.77,2227
90863,George Harrison: Living in the Material World (2011),2011,3.77,217
56141,Blame it on Fidel! (La faute à Fidel!) (2006),2006,3.77,103
202237,Pain and Glory (2019),2019,3.77,497
1784,As Good as It Gets (1997),1997,3.77,27176
6032,"Little Romance, A (1979)",1979,3.77,267
202429,Once Upon a Time in Hollywood (2019),2019,3.77,7035
26009,"Burmese Harp, The (Biruma no tategoto) (1956)",1956,3.77,94
25926,Shoeshine (Sciuscià) (1946),1946,3.77,59
26400,Gates of Heaven (1978),1978,3.77,249
201993,And Then We Danced (2019),2019,3.77,85
40819,Walk the Line (2005),2005,3.77,11478
79702,Scott Pilgrim vs. the World (2010),2010,3.77,14772
107334,"Sucker, The (Corniaud, Le) (1965)",1965,3.77,61
838,Emma (1996),1996,3.77,8314
5937,Danton (1983),1983,3.77,196
86000,Boy (2010),2010,3.77,494
96020,Sidewalls (Medianeras) (2011),2011,3.77,248
4271,Eureka (Yurîka) (2000),2000,3.77,124
4515,Imagine: John Lennon (1988),1988,3.77,461
36086,Dilwale Dulhania Le Jayenge (1995),1995,3.77,237
4795,Father Goose (1964),1964,3.77,687
36535,Everything Is Illuminated (2005),2005,3.77,1993
8042,Mean Streets (1973),1973,3.77,2305
8650,Long Day's Journey Into Night (1962),1962,3.77,165
83803,Day & Night (2010),2010,3.77,838
47894,"Wind That Shakes the Barley, The (2006)",2006,3.77,915
79553,Ip Man 2 (2010),2010,3.77,1831
171603,Kill the Dragon (1988),1988,3.77,52
101070,Wadjda (2012),2012,3.77,221
93939,Café de Flore (2011),2011,3.77,117
56331,As Far As My Feet Will Carry Me (So weit die Füße tragen) (2001),2001,3.77,52
8405,Hour of the Wolf (Vargtimmen) (1968),1968,3.77,511
86882,Midnight in Paris (2011),2011,3.77,10003
1572,"Contempt (Mépris, Le) (1963)",1963,3.77,974
156369,Zero Days (2016),2016,3.77,303
89337,"Interrupters, The (2011)",2011,3.77,119
288265,Mission: Impossible - Dead Reckoning Part One (2023),2023,3.77,424
262,"Little Princess, A (1995)",1995,3.77,4507
6796,Boyz N the Hood (1991),1991,3.77,4731
319,Shallow Grave (1994),1994,3.77,7586
3060,"Commitments, The (1991)",1991,3.77,5373
628,Primal Fear (1996),1996,3.77,12797
164921,Validation (2007),2007,3.77,54
45928,Who Killed the Electric Car? (2006),2006,3.77,1028
36529,Lord of War (2005),2005,3.77,12859
171013,In This Corner of the World (2016),2016,3.77,151
5752,Gregory's Girl (1981),1981,3.77,522
166183,Junior and Karlson (1968),1968,3.77,110
82976,"Scarecrow, The (1920)",1920,3.77,69
4855,Dirty Harry (1971),1971,3.77,7827
102800,Frances Ha (2012),2012,3.77,1551
4347,Divided We Fall (Musíme si pomáhat) (2000),2000,3.77,245
54503,Superbad (2007),2007,3.77,19565
3074,Jeremiah Johnson (1972),1972,3.77,1703
120311,Drishyam (2013),2013,3.77,88
204158,Weathering with You (2019),2019,3.77,553
41336,Nazarin (Nazarín) (1959),1959,3.77,75
27095,"Hole, The (Dong) (1998)",1998,3.77,75
136495,Dev.D (2009),2009,3.77,60
162982,Steins;Gate the Movie: The Burden of Déjà vu (2013),2013,3.77,122
32943,Life Is Sweet (1990),1990,3.77,244
2599,Election (1999),1999,3.77,15290
6859,"Devil and Daniel Webster, The (All That Money Can Buy) (1941)",1941,3.77,184
2971,All That Jazz (1979),1979,3.77,2487
52042,Black Book (Zwartboek) (2006),2006,3.77,1257
7934,Zelig (1983),1983,3.77,1633
5198,"Long Good Friday, The (1980)",1980,3.77,607
102993,"Way, Way Back, The (2013)",2013,3.77,2047
6975,Funny Games (1997),1997,3.77,1888
7217,Dark Passage (1947),1947,3.77,491
181315,Phantom Thread (2017),2017,3.77,1816
184399,Eighth Grade (2018),2018,3.77,1614
200818,John Wick: Chapter 3 – Parabellum (2019),2019,3.77,4009
483,King of the Hill (1993),1993,3.77,618
97304,Argo (2012),2012,3.77,11926
175143,Chasing Coral (2017),2017,3.77,66
4211,Reversal of Fortune (1990),1990,3.77,1337
64511,Dean Spanley (2008),2008,3.76,68
167470,George Carlin: Complaints & Grievances (2001),2001,3.76,85
118202,Cowspiracy: The Sustainability Secret (2014),2014,3.76,257
3260,Howards End (1992),1992,3.76,3099
7940,The Magician (1958),1958,3.76,261
4644,Bread and Tulips (Pane e tulipani) (2000),2000,3.76,647
8254,Arizona Dream (1993),1993,3.76,831
1907,Mulan (1998),1998,3.76,14851
190555,Searching (2018),2018,3.76,2005
1533,"Promise, The (La promesse) (1996)",1996,3.76,358
57772,World on a Wire (Welt am Draht) (1973),1973,3.76,197
321,Strawberry and Chocolate (Fresa y chocolate) (1993),1993,3.76,932
5602,"Ladykillers, The (1955)",1955,3.76,1237
96413,Funeral Parade of Roses (Bara no sôretsu) (1969),1969,3.76,108
120138,PK (2014),2014,3.76,673
4705,"Cage aux Folles, La (1978)",1978,3.76,952
8191,Anne of the Thousand Days (1969),1969,3.76,330
172909,Cheburashka (1971),1971,3.76,74
26270,Lone Wolf and Cub: Baby Cart at the River Styx (Kozure Ôkami: Sanzu no kawa no ubaguruma) (1972),1972,3.76,167
75983,North Face (Nordwand) (2008),2008,3.76,186
6101,Missing (1982),1982,3.76,577
179451,Saturday Night Live: The Best of Will Ferrell (2002),2002,3.76,57
73824,Abigail's Party (1977),1977,3.76,57
139090,The U (2009),2009,3.76,95
122926,Untitled Spider-Man Reboot (2017),2017,3.76,9028
106011,"Blue Umbrella, The (2013)",2013,3.76,325
4711,Theremin: An Electronic Odyssey (1993),1993,3.76,255
2716,Ghostbusters (a.k.a. Ghost Busters) (1984),1984,3.76,38267
71282,"Food, Inc. (2008)",2008,3.76,1602
40815,Harry Potter and the Goblet of Fire (2005),2005,3.76,26211
3232,Seven Chances (1925),1925,3.76,290
46803,Young Mr. Lincoln (1939),1939,3.76,229
2852,"Soldier's Story, A (1984)",1984,3.76,1130
104920,Vizontele (2001),2001,3.76,63
74510,"Girl Who Played with Fire, The (Flickan som lekte med elden) (2009)",2009,3.76,2123
74791,"Town Called Panic, A (Panique au village) (2009)",2009,3.76,235
109596,Wrinkles (Arrugas) (2011),2011,3.76,65
4612,Jesus of Montreal (Jésus de Montréal) (1989),1989,3.76,605
100843,Oh Boy (A Coffee in Berlin) (2012),2012,3.76,247
281188,Suzume (2022),2022,3.76,113
702,Faces (1968),1968,3.76,498
25865,"Letter, The (1940)",1940,3.76,249
7074,"Navigator, The (1924)",1924,3.76,318
84392,"Lincoln Lawyer, The (2011)",2011,3.76,4094
140267,The Witch (2015),2015,3.76,4060
8738,"Woman Is a Woman, A (femme est une femme, Une) (1961)",1961,3.76,393
111913,Lilting (2014),2014,3.76,71
4119,Housekeeping (1987),1987,3.76,240
4423,"Entertainer, The (1960)",1960,3.76,144
1884,Fear and Loathing in Las Vegas (1998),1998,3.76,13214
89118,"Skin I Live In, The (La piel que habito) (2011)",2011,3.76,2175
128924,The 'High Sign' (1921),1921,3.76,50
70295,"Beaches of Agnes, The (Plages d'Agnès, Les) (2008)",2008,3.76,75
5034,"Truly, Madly, Deeply (1991)",1991,3.76,983
72720,"Single Man, A (2009)",2009,3.76,2047
6609,"Gospel According to St. Matthew, The (Vangelo secondo Matteo, Il) (1964)",1964,3.76,304
64622,"Reader, The (2008)",2008,3.76,3092
137337,Amy (2015),2015,3.76,905
228157,The Friend (2019),2019,3.76,52
31359,Moolaadé (2004),2004,3.76,104
193041,One Cut of the Dead (2017),2017,3.76,393
181751,Lagaan: Once Upon a Time in India (2001),2001,3.76,160
3368,"Big Country, The (1958)",1958,3.76,434
159717,The Fundamentals of Caring (2016),2016,3.76,915
6452,"Long, Hot Summer, The (1958)",1958,3.76,278
210825,Duck Dodgers in the 24½th Century (1953),1953,3.76,56
32587,Sin City (2005),2005,3.76,28015
659,Purple Noon (Plein soleil) (1960),1960,3.76,562
58709,Tropical Malady (Sud pralad) (2004),2004,3.76,114
130628,Boys (2014),2014,3.76,172
50066,Sweet Land (2005),2005,3.76,201
78895,When Father Was Away on Business (Otac na sluzbenom putu) (1985),1985,3.76,58
1050,Looking for Richard (1996),1996,3.76,1772
2795,National Lampoon's Vacation (1983),1983,3.76,7643
3872,"Suddenly, Last Summer (1959)",1959,3.76,554
179983,Werk ohne Autor (2017),2017,3.76,155
1964,Klute (1971),1971,3.76,2513
60291,Gonzo: The Life and Work of Dr. Hunter S. Thompson (2008),2008,3.76,481
102588,Stories We Tell (2012),2012,3.76,258
1997,"Exorcist, The (1973)",1973,3.76,18245
85763,Beneath Hill 60 (2010),2010,3.76,66
202443,The Invisible Life of Eurídice Gusmão (2019),2019,3.76,66
7482,Enter the Dragon (1973),1973,3.76,3677
64620,Frost/Nixon (2008),2008,3.76,3471
2664,Invasion of the Body Snatchers (1956),1956,3.76,5343
72386,Broken Embraces (Los abrazos rotos) (2009),2009,3.76,599
59995,Boy A (2007),2007,3.76,703
92210,"Disappearance of Haruhi Suzumiya, The (Suzumiya Haruhi no shôshitsu) (2010)",2010,3.76,265
2565,"King and I, The (1956)",1956,3.76,4166
5637,Flirting (1991),1991,3.76,493
3539,"Filth and the Fury, The (2000)",2000,3.76,456
93420,"Art of Flight, The (2011)",2011,3.76,78
5632,Bloody Sunday (2002),2002,3.76,712
42163,Richard Pryor: Live in Concert (1979),1979,3.76,254
178061,"I, Tonya (2017)",2017,3.76,2587
166528,Rogue One: A Star Wars Story (2016),2016,3.76,12513
5496,Ossessione (1943),1943,3.76,129
4216,Longtime Companion (1990),1990,3.76,489
91844,Chak De India! (2007),2007,3.76,231
27869,Tae Guk Gi: The Brotherhood of War (Taegukgi hwinalrimyeo) (2004),2004,3.76,603
6828,"Sunday in the Country, A (Un dimanche à la campagne) (1984)",1984,3.76,94
118466,"Kingdom of Dreams and Madness, The (2013)",2013,3.76,143
5605,Ratcatcher (1999),1999,3.76,300
54001,Harry Potter and the Order of the Phoenix (2007),2007,3.75,21073
8507,Freaks (1932),1932,3.75,1749
97866,"Imposter, The (2012)",2012,3.75,925
92118,"Terrorizers, The (Kong bu fen zi) (1986)",1986,3.75,55
1285,Heathers (1989),1989,3.75,12600
166946,The Founder (2016),2016,3.75,2653
111622,Begin Again (2013),2013,3.75,1981
26188,"Heart Is a Lonely Hunter, The (1968)",1968,3.75,59
126927,The Heart of the World (2000),2000,3.75,61
27820,"Story of the Weeping Camel, The (Geschichte vom weinenden Kamel, Die) (2003)",2003,3.75,311
58808,"Last Hangman, The (Pierrepoint) (2005)",2005,3.75,63
269786,Navalny (2022),2022,3.75,67
5434,"Sorry, Wrong Number (1948)",1948,3.75,432
85179,Summer Wars (Samâ wôzu) (2009),2009,3.75,1024
4237,"Gleaners & I, The (Les glaneurs et la glaneuse) (2000)",2000,3.75,367
26340,"Twelve Tasks of Asterix, The (Les douze travaux d'Astérix) (1976)",1976,3.75,385
302,"Queen Margot (Reine Margot, La) (1994)",1994,3.75,1645
3079,Mansfield Park (1999),1999,3.75,1551
84775,Submarino (2010),2010,3.75,166
39381,"Proposition, The (2005)",2005,3.75,1518
77307,Dogtooth (Kynodontas) (2009),2009,3.75,1817
152290,The Fear of 13 (2015),2015,3.75,89
55052,Atonement (2007),2007,3.75,4374
6676,Incident at Oglala (1992),1992,3.75,95
190551,Blindspotting (2018),2018,3.75,481
117881,Still Alice (2014),2014,3.75,1471
33649,Saving Face (2004),2004,3.75,402
4881,"Man Who Wasn't There, The (2001)",2001,3.75,5237
38384,Hail the Conquering Hero (1944),1944,3.75,107
25825,Fury (1936),1936,3.75,228
8370,"Blind Swordsman: Zatoichi, The (Zatôichi) (2003)",2003,3.75,2176
133001,The Spy Who Loved Flowers (1966),1966,3.75,125
115667,"Love, Rosie (2014)",2014,3.75,1054
6228,"Talk of the Town, The (1942)",1942,3.75,268
209965,Uncut Gems (2019),2019,3.75,3624
844,"Story of Xinghua, The (Xinghua san yue tian) (1994)",1994,3.75,167
1936,Mrs. Miniver (1942),1942,3.75,822
33072,F for Fake (Vérités et mensonges) (1973),1973,3.75,478
7209,"M. Hulot’s Holiday (Mr. Hulot's Holiday) (Vacances de Monsieur Hulot, Les) (1953)",1953,3.75,739
272417,RRR (2022),2022,3.75,494
56607,"Kite Runner, The (2007)",2007,3.75,1337
1023,Winnie the Pooh and the Blustery Day (1968),1968,3.75,3464
101,Bottle Rocket (1996),1996,3.75,5211
3330,Splendor in the Grass (1961),1961,3.75,794
122922,Doctor Strange (2016),2016,3.75,12404
4322,Eight Men Out (1988),1988,3.75,1905
78836,Enter the Void (2009),2009,3.75,1574
85414,Source Code (2011),2011,3.75,13580
26084,"Music Man, The (1962)",1962,3.75,965
189713,BlacKkKlansman (2018),2018,3.75,4002
109364,"King and the Mockingbird, The (Le roi et l'oiseau) (1980)",1980,3.75,80
47152,Cria Cuervos (1976),1976,3.75,168
193843,Raazi (2018),2018,3.75,54
185013,The Place (2017),2017,3.75,112
173955,Bully for Bugs (1953),1953,3.75,68
205128,Sherlock: The Empty Hearse (2013),2013,3.75,70
31628,"Taxing Woman, A (Marusa no onna) (1987)",1987,3.75,58
26581,Sherman's March (1985),1985,3.75,60
70849,"Doulos, Le (1962)",1962,3.75,200
73713,"Butterfly, The (Papillon, Le) (2002)",2002,3.75,84
129739,Bogowie (2014),2014,3.75,76
121171,Red Army (2014),2014,3.75,136
57946,Noriko's Dinner Table (Noriko no shokutaku) (2005),2005,3.75,66
3039,Trading Places (1983),1983,3.75,12106
88163,"Crazy, Stupid, Love. (2011)",2011,3.75,8538
7382,I'm Not Scared (Io non ho paura) (2003),2003,3.75,477
57243,"Band's Visit, The (Bikur Ha-Tizmoret) (2007)",2007,3.75,413
115210,Fury (2014),2014,3.75,7009
116905,Patema Inverted (2013),2013,3.75,321
172009,Loveless (2017),2017,3.75,301
3008,Last Night (1998),1998,3.75,785
164899,Blue Jay (2016),2016,3.75,215
3871,Shane (1953),1953,3.75,2060
5341,Lenny (1974),1974,3.75,736
71838,Law Abiding Citizen (2009),2009,3.75,4117
1464,Lost Highway (1997),1997,3.75,5798
25868,Ball of Fire (1941),1941,3.75,304
1759,"Four Days in September (O Que É Isso, Companheiro?) (1997)",1997,3.75,397
3505,No Way Out (1987),1987,3.75,2975
212833,Don't Hug Me I'm Scared 3 (2014),2014,3.75,127
55901,"You, the Living (Du levande) (2007)",2007,3.75,373
51127,loudQUIETloud: A Film About the Pixies (2006),2006,3.75,123
1941,Hamlet (1948),1948,3.75,900
100272,Snow White (Blancanieves) (2012),2012,3.75,111
66097,Coraline (2009),2009,3.75,9671
3632,Monsieur Verdoux (1947),1947,3.75,503
6412,Destry Rides Again (1939),1939,3.75,400
337,What's Eating Gilbert Grape (1993),1993,3.75,19510
26148,"Train, The (1964)",1964,3.75,285
175667,Columbus (2017),2017,3.75,368
157361,Tickled (2016),2016,3.75,431
1271,Fried Green Tomatoes (1991),1991,3.75,9797
32025,Walk on Water (2004),2004,3.75,237
26109,Crooks in Clover (a.k.a. Monsieur Gangster) (Les tontons flingueurs) (1963),1963,3.75,77
55253,"Lust, Caution (Se, jie) (2007)",2007,3.75,864
6552,Dirty Pretty Things (2002),2002,3.75,2613
141822,Carnival Night (1956),1956,3.75,67
106452,Ida (2013),2013,3.75,725
48696,Little Children (2006),2006,3.75,2029
8951,Vera Drake (2004),2004,3.75,957
289193,The Wonderful Story of Henry Sugar,,3.75,63
145064,Suburra (2015),2015,3.75,126
85259,Winnie the Pooh and the Honey Tree (1966),1966,3.75,187
1184,Mediterraneo (1991),1991,3.75,1084
117109,Too Many Cooks (2014),2014,3.75,342
147831,Anthony Jeselnik: Thoughts and Prayers (2015),2015,3.75,114
70871,"Day in the Country, A (Partie de campagne) (1936)",1936,3.75,114
81158,Restrepo (2010),2010,3.75,682
4641,Ghost World (2001),2001,3.75,8228
74327,"First Day of the Rest of Your Life, The (Le premier jour du reste de ta vie) (2008)",2008,3.75,108
43899,Tony Takitani (2004),2004,3.75,102
7944,"Night of the Iguana, The (1964)",1964,3.75,304
272,"Madness of King George, The (1994)",1994,3.75,7935
161,Crimson Tide (1995),1995,3.74,25270
138210,13 Hours (2016),2016,3.74,1536
25834,Captains Courageous (1937),1937,3.74,192
5145,Loves of a Blonde (Lásky jedné plavovlásky) (1965),1965,3.74,233
50514,After the Wedding (Efter brylluppet) (2006),2006,3.74,579
31590,Hands Off the Loot (Touchez pas au grisbi) (1954),1954,3.74,178
196417,How to Train Your Dragon: The Hidden World (2019),2019,3.74,1590
184721,First Reformed (2017),2017,3.74,1052
236995,"Summer Of Soul (…Or, When The Revolution Could Not Be Televised) (2021)",2021,3.74,129
172877,Beyond (2003),2003,3.74,170
139721,X+Y (2014),2014,3.74,281
2947,Goldfinger (1964),1964,3.74,14422
69241,Berlin Alexanderplatz (1980),1980,3.74,78
2691,"Legend of 1900, The (a.k.a. The Legend of the Pianist on the Ocean) (Leggenda del pianista sull'oceano) (1998)",1998,3.74,1033
119565,The Missing (2014),2014,3.74,76
6195,Stone Reader (2002),2002,3.74,150
134109,Radio Day (2008),2008,3.74,187
7042,Betty Blue (37°2 le matin) (1986),1986,3.74,594
7574,Maborosi (Maboroshi no hikari) (1995),1995,3.74,148
2690,"Ideal Husband, An (1999)",1999,3.74,2987
156944,Land of Mine (2015),2015,3.74,294
33880,Me and You and Everyone We Know (2005),2005,3.74,1598
1954,Rocky (1976),1976,3.74,20682
7338,Richard III (1955),1955,3.74,212
7771,Zorba the Greek (Alexis Zorbas) (1964),1964,3.74,523
27831,Layer Cake (2004),2004,3.74,5254
1947,West Side Story (1961),1961,3.74,9813
135442,The Skeleton Dance (1929),1929,3.74,169
4798,Indiscreet (1958),1958,3.74,404
109968,Why Don't You Play In Hell? (Jigoku de naze warui) (2013),2013,3.74,167
106438,Philomena (2013),2013,3.74,1361
34246,Family Resemblances (Un air de famille) (1996),1996,3.74,66
3680,"Decline of Western Civilization Part II: The Metal Years, The (1988)",1988,3.74,357
2212,"Man Who Knew Too Much, The (1934)",1934,3.74,1439
551,"Nightmare Before Christmas, The (1993)",1993,3.74,26081
65642,"Timecrimes (Cronocrímenes, Los) (2007)",2007,3.74,1958
96520,Prime Suspect: The Lost Child (1995),1995,3.74,62
4776,Training Day (2001),2001,3.74,14680
2848,"Othello (Tragedy of Othello: The Moor of Venice, The) (1952)",1952,3.74,455
6775,Life and Debt (2001),2001,3.74,91
7263,Miracle (2004),2004,3.74,2759
8485,Samsara (2001),2001,3.74,265
935,"Band Wagon, The (1953)",1953,3.74,702
158414,East Side Sushi (2014),2014,3.74,58
25788,Scarface (1932),1932,3.74,951
83827,Marwencol (2010),2010,3.74,141
4283,Fellini's Roma (Roma) (1972),1972,3.74,303
4998,"Defiant Ones, The (1958)",1958,3.74,384
84663,Elizabeth I (2005),2005,3.74,81
170357,Dave Chappelle: The Age of Spin (2017),2017,3.74,403
4306,Shrek (2001),2001,3.74,54844
4381,"Closet, The (Placard, Le) (2001)",2001,3.74,813
8765,This Gun for Hire (1942),1942,3.74,283
129659,"McFarland, USA (2015)",2015,3.74,462
91199,Weekend (2011),2011,3.74,408
49394,Simon of the Desert (Simón del desierto) (1965),1965,3.74,227
32799,Maidens in Uniform (Mädchen in Uniform) (1931),1931,3.74,50
68194,"Damned United, The (2009)",2009,3.74,669
6753,Secondhand Lions (2003),2003,3.74,3077
97395,West of Memphis (2012),2012,3.74,196
1859,Taste of Cherry (Ta'm e guilass) (1997),1997,3.74,651
80489,"Town, The (2010)",2010,3.74,6877
2398,Miracle on 34th Street (1947),1947,3.74,5321
80,"White Balloon, The (Badkonake sefid) (1995)",1995,3.74,595
1340,"Bride of Frankenstein, The (Bride of Frankenstein) (1935)",1935,3.74,2683
26197,War and Peace (Voyna i mir) (1967),1967,3.74,69
3111,Places in the Heart (1984),1984,3.74,1313
114342,Force Majeure (Turist) (2014),2014,3.74,689
2739,"Color Purple, The (1985)",1985,3.74,6158
58191,Taxi to the Dark Side (2007),2007,3.74,329
106766,Inside Llewyn Davis (2013),2013,3.74,2765
140038,Madly in Love (1981),1981,3.74,65
26282,"Mad Adventures of Rabbi Jacob, the (Les Aventures de Rabbi Jacob) (1973)",1973,3.74,130
26236,"White Sun of the Desert, The (Beloe solntse pustyni) (1970)",1970,3.74,191
4500,Drowning by Numbers (1988),1988,3.74,424
96079,Skyfall (2012),2012,3.74,15512
73017,Sherlock Holmes (2009),2009,3.74,20352
3071,Stand and Deliver (1988),1988,3.74,2768
31547,Lessons of Darkness (Lektionen in Finsternis) (1992),1992,3.74,204
3178,"Hurricane, The (1999)",1999,3.74,4860
25771,"Andalusian Dog, An (Chien andalou, Un) (1929)",1929,3.74,1435
64701,I've Loved You So Long (Il y a longtemps que je t'aime) (2008),2008,3.74,402
2579,Following (1998),1998,3.74,2080
72104,Balance (1989),1989,3.74,200
3044,Dead Again (1991),1991,3.74,3998
7705,Pat and Mike (1952),1952,3.74,297
25852,Gaslight (1940),1940,3.74,137
2984,On Any Sunday (1971),1971,3.74,156
52604,Fracture (2007),2007,3.74,3898
3559,Limelight (1952),1952,3.74,485
186983,Three Identical Strangers (2018),2018,3.74,698
48045,Fear City: A Family-Style Comedy (La cité de la peur) (1994),1994,3.74,173
87234,Submarine (2010),2010,3.74,1882
26631,Alice (Neco z Alenky) (1988),1988,3.74,363
2075,Mephisto (1981),1981,3.74,623
25766,"Crowd, The (1928)",1928,3.74,150
55063,My Winnipeg (2007),2007,3.74,243
27800,Interstella 5555: The 5tory of the 5ecret 5tar 5ystem (2003),2003,3.74,486
105197,Nebraska (2013),2013,3.74,1621
7061,Dark Victory (1939),1939,3.74,298
1333,"Birds, The (1963)",1963,3.74,13793
71535,Zombieland (2009),2009,3.74,19908
168172,Jim Gaffigan: King Baby (2009),2009,3.74,74
197771,Long-Haired Hare (1949),1949,3.74,74
7115,Deep Red (Profondo rosso) (1975),1975,3.74,825
26758,All the Mornings of the World (Tous les matins du monde) (1991),1991,3.74,180
8010,"Power of One, The (1992)",1992,3.74,504
44655,"Trial of Joan of Arc, The (Procès de Jeanne d'Arc) (1962)",1962,3.74,72
649,Cold Fever (Á köldum klaka) (1995),1995,3.74,138
5791,Frida (2002),2002,3.74,3859
271136,Fire of Love (2022),2022,3.74,100
180591,Jane (2017),2017,3.73,66
33312,"Cocoanuts, The (1929)",1929,3.73,313
32898,"Trip to the Moon, A (Voyage dans la lune, Le) (1902)",1902,3.73,1069
34811,Pusher II: With Blood on My Hands (2004),2004,3.73,311
203048,Diego Maradona (2019),2019,3.73,98
210175,Togo (2019),2019,3.73,309
52528,Tristana (1970),1970,3.73,162
134204,A Hard Day (2014),2014,3.73,162
190089,Hannah Gadsby: Nanette (2018),2018,3.73,420
113089,Maidentrip (2014),2014,3.73,64
58649,Napoléon (1927),1927,3.73,64
209433,How to Train Your Dragon: Homecoming (2019),2019,3.73,96
5004,"Party, The (1968)",1968,3.73,1068
121,"Boys of St. Vincent, The (1992)",1992,3.73,846
7079,"Hunchback of Notre Dame, The (1939)",1939,3.73,470
79073,When You're Strange (2009),2009,3.73,218
8232,I Love You Again (1940),1940,3.73,92
7647,Noises Off... (1992),1992,3.73,398
56719,Vitus (2006),2006,3.73,107
89745,"Avengers, The (2012)",2012,3.73,26315
242204,Riders of Justice (2020),2020,3.73,401
3357,East-West (Est-ouest) (1999),1999,3.73,530
1500,Grosse Pointe Blank (1997),1997,3.73,15667
48165,"Seventh Continent, The (Der siebente Kontinent) (1989)",1989,3.73,292
188189,Sorry to Bother You (2018),2018,3.73,2455
5660,Seance on a Wet Afternoon (1964),1964,3.73,159
7062,Birdman of Alcatraz (1962),1962,3.73,679
172667,First They Killed My Father (2017),2017,3.73,101
68269,"Young Victoria, The (2009)",2009,3.73,895
219812,Dating Amber (2020),2020,3.73,56
175431,Bobik Visiting Barbos (1977),1977,3.73,56
69088,"War Game, The (1965)",1965,3.73,125
167248,Kedi (2016),2016,3.73,194
162606,The Accountant (2016),2016,3.73,4370
3972,"Legend of Drunken Master, The (Jui kuen II) (1994)",1994,3.73,3410
1215,Army of Darkness (1993),1993,3.73,14379
27523,My Sassy Girl (Yeopgijeogin geunyeo) (2001),2001,3.73,617
27716,"Green Butchers, The (Grønne slagtere, De) (2003)",2003,3.73,287
125,Flirting With Disaster (1996),1996,3.73,3625
111384,Blue Ruin (2013),2013,3.73,1450
133716,Bootleggers (1961),1961,3.73,134
193942,Instant Family (2018),2018,3.73,822
4239,Blow (2001),2001,3.73,11146
7302,"Thief of Bagdad, The (1924)",1924,3.73,221
787,"Gate of Heavenly Peace, The (1995)",1995,3.73,91
72726,Morphia (Morfiy) (2008),2008,3.73,65
152077,10 Cloverfield Lane (2016),2016,3.73,6665
1948,Tom Jones (1963),1963,3.73,1379
1412,Some Mother's Son (1996),1996,3.73,282
60487,"It's the Great Pumpkin, Charlie Brown (1966)",1966,3.73,1072
27797,"Man Who Copied, The (Homem Que Copiava, O) (2003)",2003,3.73,165
263,Ladybird Ladybird (1994),1994,3.73,406
45942,"Mother and the Whore, The (Maman et la putain, La) (1973)",1973,3.73,76
1955,Kramer vs. Kramer (1979),1979,3.73,5859
27302,"Debt, The (Dlug) (1999)",1999,3.73,50
5489,Nosferatu the Vampyre (Nosferatu: Phantom der Nacht) (1979),1979,3.73,1179
106441,"Book Thief, The (2013)",2013,3.73,1501
4754,"Wicker Man, The (1973)",1973,3.73,2654
6967,Dead of Night (1945),1945,3.73,285
1921,Pi (1998),1998,3.73,11543
5570,Thesis (Tesis) (1996),1996,3.73,886
2839,West Beirut (West Beyrouth) (1998),1998,3.73,209
1913,Picnic at Hanging Rock (1975),1975,3.73,2101
139553,Always (2011),2011,3.73,61
25918,"Tree Grows in Brooklyn, A (1945)",1945,3.73,122
45503,Peaceful Warrior (2006),2006,3.73,427
164909,La La Land (2016),2016,3.73,7231
8121,"Seducing Doctor Lewis (Grande séduction, La) (2003)",2003,3.73,255
81788,"Next Three Days, The (2010)",2010,3.73,2217
1940,Gentleman's Agreement (1947),1947,3.73,763
70670,Second Wind (Le deuxième souffle) (Second Breath) (1966),1966,3.73,72
1097,E.T. the Extra-Terrestrial (1982),1982,3.73,40585
5325,Dogtown and Z-Boyz (2001),2001,3.73,1183
26713,Days of Being Wild (A Fei jingjyuhn) (1990),1990,3.73,500
590,Dances with Wolves (1990),1990,3.73,46771
105355,Blue Is the Warmest Color (La vie d'Adèle) (2013),2013,3.73,2272
27646,Soldier's Girl (2003),2003,3.73,59
5903,Equilibrium (2002),2002,3.73,13539
4535,"Man from Snowy River, The (1982)",1982,3.73,1161
285593,Guardians of the Galaxy Volume 3 (2023),2023,3.73,980
73614,"Devil, Probably, The (Diable probablement, Le) (1977)",1977,3.73,70
112183,Birdman: Or (The Unexpected Virtue of Ignorance) (2014),2014,3.73,11268
1450,Prisoner of the Mountains (Kavkazsky plennik) (1996),1996,3.73,302
2285,If.... (1968),1968,3.73,832
1028,Mary Poppins (1964),1964,3.73,17710
189873,Bao (2018),2018,3.73,559
4433,Written on the Wind (1956),1956,3.73,285
26425,"In-Laws, The (1979)",1979,3.73,410
2493,"Harmonists, The (1997)",1997,3.73,272
213668,Taylor Tomlinson: Quarter-Life Crisis (2020),2020,3.73,79
47999,Jesus Camp (2006),2006,3.73,1932
148671,Saw (2003),2003,3.73,1634
45000,"Chinoise, La (1967)",1967,3.73,134
76738,Steam of Life (Miesten vuoro) (2010),2010,3.73,178
4350,Forgotten Silver (1996),1996,3.73,409
70342,Séraphine (2008),2008,3.73,99
7423,Hitman Hart: Wrestling with Shadows (1998),1998,3.73,55
96471,Prime Suspect 3 (1993),1993,3.73,55
62803,Lone Wolf and Cub: Baby Cart in Peril (Kozure Ôkami: Oya no kokoro ko no kokoro) (1972),1972,3.73,143
2632,"Saragossa Manuscript, The (Rekopis znaleziony w Saragossie) (1965)",1965,3.73,187
4708,Marat/Sade (1966),1966,3.73,209
948,Giant (1956),1956,3.73,1861
5279,Impromptu (1991),1991,3.73,346
2933,"Fire Within, The (Feu follet, Le) (1963)",1963,3.73,216
5244,Shogun Assassin (1980),1980,3.73,386
58123,Il Mare (Siworae) (2000),2000,3.73,75
142210,The Beauty Inside (2015),2015,3.73,75
3621,Possession (1981),1981,3.73,691
60384,Z Channel: A Magnificent Obsession (2004),2004,3.73,53
77800,Four Lions (2010),2010,3.73,1586
2139,"Secret of NIMH, The (1982)",1982,3.73,5326
64575,Doubt (2008),2008,3.73,2946
141060,Fly Away Solo (2015),2015,3.73,73
76054,Oceans (Océans) (2009),2009,3.73,197
2291,Edward Scissorhands (1990),1990,3.73,28689
72159,"Grave Decisions (Wer früher stirbt, ist länger tot) (2006)",2006,3.73,62
174933,Firebase (2017),2017,3.73,82
112582,Life Itself (2014),2014,3.73,430
25763,"Pandora's Box (Büchse der Pandora, Die) (1929)",1929,3.73,275
200054,The Inventor: Out for Blood in Silicon Valley (2019),2019,3.73,275
26797,Visions of Light: The Art of Cinematography (1992),1992,3.73,71
149334,Nocturnal Animals,,3.73,3263
3549,Guys and Dolls (1955),1955,3.73,1798
112175,How to Train Your Dragon 2 (2014),2014,3.73,7656
7076,Bullitt (1968),1968,3.73,2233
89356,Chinese Take-Out (Chinese Take-Away) (Un cuento chino) (2011),2011,3.72,209
2349,Mona Lisa (1986),1986,3.72,1532
59369,Taken (2008),2008,3.72,16133
7141,My Flesh and Blood (2003),2003,3.72,89
8600,Angels with Dirty Faces (1938),1938,3.72,550
107771,Only Lovers Left Alive (2013),2013,3.72,1686
8755,My Voyage to Italy (Il mio viaggio in Italia) (1999),1999,3.72,98
2401,Pale Rider (1985),1985,3.72,3163
205545,Official Secrets (2019),2019,3.72,421
7815,True Stories (1986),1986,3.72,312
6599,Accattone (1961),1961,3.72,165
26007,"Unknown Soldier, The (Tuntematon sotilas) (1955)",1955,3.72,377
3328,Ghost Dog: The Way of the Samurai (1999),1999,3.72,5186
2352,"Big Chill, The (1983)",1983,3.72,7050
62049,1984 (1956),1956,3.72,558
54997,3:10 to Yuma (2007),2007,3.72,8614
98122,Indie Game: The Movie (2012),2012,3.72,576
165239,Supersonic (2016),2016,3.72,96
25947,Unfaithfully Yours (1948),1948,3.72,163
56339,"Orphanage, The (Orfanato, El) (2007)",2007,3.72,2904
1673,Boogie Nights (1997),1997,3.72,16652
8260,"Crazy Stranger, The (Gadjo Dilo) (1997)",1997,3.72,123
33750,Innocent Voices (Voces inocentes) (2004),2004,3.72,132
6770,My Life Without Me (2003),2003,3.72,754
81847,Tangled (2010),2010,3.72,11492
4007,Wall Street (1987),1987,3.72,6409
69483,"Not on Your Life (Verdugo, El) (Executioner, The) (1963)",1963,3.72,74
179331,Only the Brave (2017),2017,3.72,525
170907,Betting on Zero (2016),2016,3.72,110
6671,"Angel at My Table, An (1990)",1990,3.72,238
6963,Devil's Playground (2002),2002,3.72,465
26527,What Have I Done to Deserve This? (¿Qué he hecho yo para merecer esto!!) (1984),1984,3.72,191
67801,Revanche (2008),2008,3.72,245
71106,Frequently Asked Questions About Time Travel (2009),2009,3.72,958
8573,Reconstruction (2003),2003,3.72,225
4184,"Bishop's Wife, The (1947)",1947,3.72,743
6448,"Flight of the Phoenix, The (1965)",1965,3.72,734
107069,Lone Survivor (2013),2013,3.72,2430
892,Twelfth Night (1996),1996,3.72,1406
55156,"Unreasonable Man, An (2006)",2006,3.72,115
86142,13 Assassins (Jûsan-nin no shikaku) (2010),2010,3.72,1114
123571,Jim Jefferies: Alcoholocaust (2010),2010,3.72,97
31973,Germany Year Zero (Germania anno zero) (Deutschland im Jahre Null) (1948),1948,3.72,185
69481,"Hurt Locker, The (2008)",2008,3.72,11402
74677,"Yes Men Fix the World, The (2009)",2009,3.72,316
91929,Nostalgia for the Light (Nostalgia de la luz) (2010),2010,3.72,79
299,Priest (1994),1994,3.72,2632
41226,Sounder (1972),1972,3.72,140
1827,"Big One, The (1997)",1997,3.72,1075
196707,Badhaai Ho (2018),2018,3.72,61
8784,Garden State (2004),2004,3.72,13860
116002,History of the Eagles (2013),2013,3.72,52
226626,Nine Days (2020),2020,3.72,104
55269,"Darjeeling Limited, The (2007)",2007,3.72,7174
85213,"Sunset Limited, The (2011)",2011,3.72,464
179119,The Death of Stalin (2017),2017,3.72,1716
25961,"Gunfighter, The (1950)",1950,3.72,163
7328,"Passion of Anna, The (Passion, En) (1969)",1969,3.72,197
26113,"Best Man, The (1964)",1964,3.72,77
2231,Rounders (1998),1998,3.72,7855
77316,City of Life and Death (Nanjing! Nanjing!) (2009),2009,3.72,102
65133,Blackadder Back & Forth (1999),1999,3.72,442
866,Bound (1996),1996,3.72,6640
68486,Red Cliff Part II (Chi Bi Xia: Jue Zhan Tian Xia) (2009),2009,3.72,395
474,In the Line of Fire (1993),1993,3.72,20399
4902,"Devil's Backbone, The (Espinazo del diablo, El) (2001)",2001,3.72,2032
5643,Powaqqatsi (1988),1988,3.72,445
4225,"Dish, The (2001)",2001,3.72,1926
86884,"Kid With a Bike, The (Le gamin au vélo) (2011)",2011,3.72,293
431,Carlito's Way (1993),1993,3.72,10266
278176,TÁR (2022),2022,3.72,648
746,Force of Evil (1948),1948,3.72,357
85438,Jane Eyre (2011),2011,3.72,1078
179345,Arrhythmia (2017),2017,3.72,98
206419,The Two Popes (2019),2019,3.72,1389
215499,Sincerely Louis C.K. (2020),2020,3.72,73
918,Meet Me in St. Louis (1944),1944,3.72,2118
7983,Broadway Danny Rose (1984),1984,3.72,918
69757,(500) Days of Summer (2009),2009,3.72,15977
6051,"Harder They Come, The (1973)",1973,3.72,304
48001,"Bow, The (Hwal) (2005)",2005,3.72,112
30810,"Life Aquatic with Steve Zissou, The (2004)",2004,3.72,10482
4863,Female Trouble (1975),1975,3.72,350
32562,Harvie Krumpet (2003),2003,3.72,222
67665,Anvil! The Story of Anvil (2008),2008,3.72,634
1408,"Last of the Mohicans, The (1992)",1992,3.72,13630
129820,Spare Parts (2015),2015,3.72,87
117849,La Belle Verte (1996),1996,3.72,71
5893,"Last Seduction, The (1994)",1994,3.72,1104
208429,The Banker (2019),2019,3.72,197
135166,Curfew (2012),2012,3.72,55
215353,Minari (2020),2020,3.72,965
101106,Sound City (2013),2013,3.72,243
26225,"Claire's Knee (Genou de Claire, Le) (1970)",1970,3.72,195
27731,"Cat Returns, The (Neko no ongaeshi) (2002)",2002,3.72,1859
27866,In My Father's Den (2004),2004,3.72,202
1957,Chariots of Fire (1981),1981,3.72,7013
51545,Pusher III: I'm the Angel of Death (2005),2005,3.72,230
113315,Zero Motivation (Efes beyahasei enosh) (2014),2014,3.72,92
25827,Mr. Deeds Goes to Town (1936),1936,3.72,536
127164,"What Happened, Miss Simone? (2015)",2015,3.72,191
193449,Mid90s (2018),2018,3.72,923
5876,"Quiet American, The (2002)",2002,3.72,1925
27469,Millennium Mambo (2001),2001,3.72,76
5516,Read My Lips (Sur mes lèvres) (2001),2001,3.72,380
2284,Bandit Queen (1994),1994,3.72,364
2312,Children of a Lesser God (1986),1986,3.72,2836
48082,"Science of Sleep, The (La science des rêves) (2006)",2006,3.72,3222
52967,Away from Her (2006),2006,3.72,597
33166,Crash (2004),2004,3.72,13969
6151,Yol (a.k.a. The Way) (1982),1982,3.72,83
7980,"Bridge Too Far, A (1977)",1977,3.72,1476
283873,John Wick: Chapter 4 (2023),2023,3.72,861
90474,Polisse (2011),2011,3.72,157
89864,50/50 (2011),2011,3.72,6724
41997,Munich (2005),2005,3.72,7477
44653,Money (L'argent) (1983),1983,3.72,192
269208,Living (2022),2022,3.72,132
3379,On the Beach (1959),1959,3.72,630
1298,Pink Floyd: The Wall (1982),1982,3.72,7199
158972,Toni Erdmann (2016),2016,3.72,658
8131,Pursuit of Happiness (2001),2001,3.72,730
2750,Radio Days (1987),1987,3.72,2496
83332,Who Is Harry Nilsson (And Why Is Everybody Talkin' About Him?) (2010),2010,3.72,102
1073,Willy Wonka & the Chocolate Factory (1971),1971,3.72,32575
26947,Pusher (1996),1996,3.72,589
33316,"Bridge, The (Brücke, Die) (1959)",1959,3.72,58
76151,Zizek! (2005),2005,3.72,58
8983,House of Flying Daggers (Shi mian mai fu) (2004),2004,3.72,5665
3317,Wonder Boys (2000),2000,3.72,7169
4616,Lean on Me (1989),1989,3.72,1837
4021,Before Night Falls (2000),2000,3.72,1080
112804,I Origins (2014),2014,3.72,1703
4223,Enemy at the Gates (2001),2001,3.72,11246
5794,Good Work (Beau travail) (1999),1999,3.72,279
27700,Evil (Ondskan) (2003),2003,3.71,714
6031,Imitation of Life (1959),1959,3.71,414
280,Murder in the First (1995),1995,3.71,5164
40033,"Adventures of Prince Achmed, The (Abenteuer des Prinzen Achmed, Die) (1926)",1926,3.71,128
91542,Sherlock Holmes: A Game of Shadows (2011),2011,3.71,12627
134680,Taxi (2015),2015,3.71,135
3447,"Good Earth, The (1937)",1937,3.71,382
167064,I Am Not Your Negro (2017),2017,3.71,345
144532,Cold Eyes (2013),2013,3.71,63
73885,Troubled Water (DeUsynlige) (2008),2008,3.71,63
181671,The Breadwinner (2017),2017,3.71,322
52495,Straight Time (1978),1978,3.71,126
3222,Carmen (1984),1984,3.71,168
3266,Man Bites Dog (C'est arrivé près de chez vous) (1992),1992,3.71,1847
4537,Running on Empty (1988),1988,3.71,612
41285,Match Point (2005),2005,3.71,5892
2323,"Cruise, The (1998)",1998,3.71,264
133185,The Bélier Family (2014),2014,3.71,152
89904,The Artist (2011),2011,3.71,3725
26788,"Story of Qiu Ju, The (Qiu Ju da guan si) (1992)",1992,3.71,171
27162,He Died With a Felafel in His Hand (2001),2001,3.71,82
4938,"Aviator's Wife, The (La femme de l'aviateur) (1981)",1981,3.71,82
199992,Extreme Job (2019),2019,3.71,75
31148,Day of the Wacko (Dzien swira) (2002),2002,3.71,150
8379,"Dresser, The (1983)",1983,3.71,286
63876,Milk (2008),2008,3.71,4949
90809,Tomboy (2011),2011,3.71,279
7728,"Postman Always Rings Twice, The (1946)",1946,3.71,753
172887,Kid's Story (2003),2003,3.71,162
174829,Ghost in the Shell Arise - Border 5: Pyrophoric Cult (2015),2015,3.71,54
2391,"Simple Plan, A (1998)",1998,3.71,7098
1282,Fantasia (1940),1940,3.71,14154
27729,Kal Ho Naa Ho (2003),2003,3.71,174
134881,Love & Mercy (2014),2014,3.71,546
7056,"Public Enemy, The (1931)",1931,3.71,612
6774,Videodrome (1983),1983,3.71,3371
78332,"Beautiful Person, The (La belle personne) (2008)",2008,3.71,73
1241,Dead Alive (Braindead) (1992),1992,3.71,3413
89846,Bobby Fischer Against the World (2011),2011,3.71,172
89678,Northanger Abbey (2007),2007,3.71,264
73608,Heat (1972),1972,3.71,99
156605,Paterson,,3.71,1148
8589,Winter War (Talvisota) (1989),1989,3.71,613
62,Mr. Holland's Opus (1995),1995,3.71,20596
276433,Girl in the Picture (2022),2022,3.71,52
73772,"Long Day Closes, The (1992)",1992,3.71,52
160892,"Right Now, Wrong Then (2015)",2015,3.71,78
7365,Noi the Albino (Nói albinói) (2003),2003,3.71,303
6533,"What's Up, Doc? (1972)",1972,3.71,831
85316,Winnie the Pooh and Tigger Too (1974),1974,3.71,206
171253,Brigsby Bear (2017),2017,3.71,341
64930,"More the Merrier, The (1943)",1943,3.71,90
100344,No (2012),2012,3.71,282
1873,"Misérables, Les (1998)",1998,3.71,3093
196937,Dragon Ball Super: Broly (2018),2018,3.71,192
49688,"Dam Busters, The (1955)",1955,3.71,147
33019,Barefoot (Barfuss) (2005),2005,3.71,147
2946,Help! (1965),1965,3.71,2191
25855,"Roaring Twenties, The (1939)",1939,3.71,249
4846,Iron Monkey (Siu nin Wong Fei-hung ji: Tit Ma Lau) (1993),1993,3.71,1457
7223,D.O.A. (1950),1950,3.71,439
5617,Secretary (2002),2002,3.71,5981
4407,Salvador (1986),1986,3.71,877
6382,Together (Han ni Zai Yiki) (2002),2002,3.71,164
5642,"Onion Field, The (1979)",1979,3.71,397
4720,"Others, The (2001)",2001,3.71,16578
167794,Frantz (2016),2016,3.71,157
129779,Ghost in the Shell Arise - Border 1: Ghost Pain (2013),2013,3.71,188
7126,"Killing of a Chinese Bookie, The (1976)",1976,3.71,338
6415,Intervista (1987),1987,3.71,50
202599,Enron: The Smartest Guys in the Room (2005),2005,3.71,131
553,Tombstone (1993),1993,3.71,16211
260201,Boiling Point (2021),2021,3.71,162
4658,Santa Sangre (1989),1989,3.71,639
65259,Involuntary (De ofrivilliga) (2008),2008,3.71,93
90357,Tyrannosaur (2011),2011,3.71,310
7844,"Legend, The (Legend of Fong Sai-Yuk, The) (Fong Sai Yuk) (1993)",1993,3.71,415
85394,Cave of Forgotten Dreams (2010),2010,3.71,568
80185,GasLand (2010),2010,3.71,382
26269,Lone Wolf and Cub: Sword of Vengeance (Kozure Ôkami: Kowokashi udekashi tsukamatsuru) (1972),1972,3.71,234
267456,The Whale,,3.71,688
277066,Triangle of Sadness (2022),2022,3.71,853
103279,What Maisie Knew (2012),2012,3.71,270
59590,Young at Heart (a.k.a. Young@Heart) (2007),2007,3.71,220
71688,Jab We Met (2007),2007,3.71,232
44204,Tsotsi (2005),2005,3.71,787
8157,Jin Roh: The Wolf Brigade (Jin-Rô) (1998),1998,3.71,890
101895,42 (2013),2013,3.71,1022
81182,No Mercy (Yongseoneun Eupda) (2010),2010,3.71,91
69219,"Wing and the Thigh, The (L'aile ou la cuisse) (1976)",1976,3.71,115
1179,"Grifters, The (1990)",1990,3.71,6821
6571,"Mondays in the Sun (Lunes al sol, Los) (2002)",2002,3.71,242
27912,Outfoxed: Rupert Murdoch's War on Journalism (2004),2004,3.71,688
6226,"Lost Honor of Katharina Blum, The (Verlorene Ehre der Katharina Blum oder: Wie Gewalt entstehen und wohin sie führen kann, Die) (1975)",1975,3.71,156
98961,Zero Dark Thirty (2012),2012,3.71,5540
30892,In the Realms of the Unreal (2004),2004,3.71,197
55276,Michael Clayton (2007),2007,3.71,5081
142492,Son of Saul (2015),2015,3.71,445
6027,Dogfight (1991),1991,3.71,551
1729,Jackie Brown (1997),1997,3.71,15038
5473,Fox and His Friends (Faustrecht der Freiheit) (1975),1975,3.71,130
94070,"Best Exotic Marigold Hotel, The (2011)",2011,3.71,1669
7025,"Midnight Clear, A (1992)",1992,3.71,465
588,Aladdin (1992),1992,3.71,50442
69685,Daria: Is It College Yet? (2002),2002,3.71,246
65660,"Secret of the Grain, The (La graine et le mulet) (2007)",2007,3.71,82
6339,"Man on the Train (Homme du train, L') (2002)",2002,3.71,461
233993,Judas and the Black Messiah (2021),2021,3.71,758
31930,Masculin Féminin (1966),1966,3.71,256
31524,"Bitter Tears of Petra von Kant, The (bitteren Tränen der Petra von Kant, Die) (1972)",1972,3.71,145
1374,Star Trek II: The Wrath of Khan (1982),1982,3.71,18400
139120,Mustang (2015),2015,3.71,341
57274,[REC] (2007),2007,3.71,2994
8804,"Story of Women (Affaire de femmes, Une) (1988)",1988,3.71,63
26760,Wild Hearts Can't Be Broken (1991),1991,3.71,131
1171,Bob Roberts (1992),1992,3.71,3359
50356,The Little World of Don Camillo (1952),1952,3.71,68
130351,The Wrecking Crew (2008),2008,3.71,85
231833,Little Fish (2021),2021,3.71,51
179925,The Unknown Soldier (2017),2017,3.71,107
5202,Mon oncle d'Amérique (1980),1980,3.71,168
140715,Straight Outta Compton (2015),2015,3.71,2238
63515,The Island (2006),2006,3.71,302
3851,I'm the One That I Want (2000),2000,3.71,436
4330,"Scarlet Empress, The (1934)",1934,3.71,190
123200,Jim Jefferies: I Swear to God (2009),2009,3.71,95
5367,My Beautiful Laundrette (1985),1985,3.71,799
3271,Of Mice and Men (1992),1992,3.71,3866
164369,The Distinguished Citizen (2016),2016,3.7,100
7227,"Trouble with Angels, The (1966)",1966,3.7,222
9014,Since You Went Away (1944),1944,3.7,61
4465,"Accused, The (1988)",1988,3.7,1865
197877,American Factory (2019),2019,3.7,398
56367,Juno (2007),2007,3.7,24094
5379,"Believer, The (2001)",2001,3.7,1029
60990,"End of Summer, The (Early Autumn) (Kohayagawa-ke no aki) (1961)",1961,3.7,66
27647,Tipping the Velvet (2002),2002,3.7,137
6301,Straw Dogs (1971),1971,3.7,1485
99636,English Vinglish (2012),2012,3.7,115
44153,Chronos (1985),1985,3.7,71
69995,Tokyo Sonata (2008),2008,3.7,191
4880,Life as a House (2001),2001,3.7,2676
146662,Dragons: Gift of the Night Fury (2011),2011,3.7,221
142258,Listen to Me Marlon (2015),2015,3.7,86
121227,Supermensch: The Legend of Shep Gordon (2013),2013,3.7,59
854,"Ballad of Narayama, The (Narayama Bushiko) (1958)",1958,3.7,241
96911,"Royal Affair, A (Kongelig affære, En) (2012)",2012,3.7,527
52784,Sharkwater (2006),2006,3.7,69
99305,Kumaré (2011),2011,3.7,175
25793,Vampyr (1932),1932,3.7,387
74696,Last Train Home (2009),2009,3.7,89
172793,Vovka in the Kingdom of Far Far Away (1965),1965,3.7,89
86290,American: The Bill Hicks Story (2009),2009,3.7,282
3966,Detour (1945),1945,3.7,574
1078,Bananas (1971),1971,3.7,4002
8270,"Hairdresser's Husband, The (Le mari de la coiffeuse) (1990)",1990,3.7,280
57453,Arranged (2007),2007,3.7,57
147942,Room 8 (2013),2013,3.7,62
146040,Three Men in a Boat (1979),1979,3.7,67
67422,California Dreamin' (Nesfarsit) (2007),2007,3.7,77
112653,"Battered Bastards of Baseball, The (2014)",2014,3.7,82
1584,Contact (1997),1997,3.7,25896
93422,Starbuck (2011),2011,3.7,189
1678,"Joy Luck Club, The (1993)",1993,3.7,4539
50229,"Young Girls of Rochefort, The (Demoiselles de Rochefort, Les) (1967)",1967,3.7,194
7459,Carandiru (2003),2003,3.7,398
2503,"Apple, The (Sib) (1998)",1998,3.7,122
26796,"Heart in Winter, A (Un coeur en hiver) (1992)",1992,3.7,137
2708,"Autumn Tale, An (Conte d'automne) (1998)",1998,3.7,551
441,Dazed and Confused (1993),1993,3.7,9667
113829,"One I Love, The (2014)",2014,3.7,973
165869,Heartstone (2016),2016,3.7,50
110281,King of Comedy (Hei kek ji wong) (1999),1999,3.7,50
110503,Metro Manila (2013),2013,3.7,85
2243,Broadcast News (1987),1987,3.7,6182
4278,Triumph of the Will (Triumph des Willens) (1934),1934,3.7,694
2138,Watership Down (1978),1978,3.7,3167
3959,"Time Machine, The (1960)",1960,3.7,3190
6561,"Mouse That Roared, The (1959)",1959,3.7,594
2948,From Russia with Love (1963),1963,3.7,8772
4105,"Evil Dead, The (1981)",1981,3.7,7663
48872,13 Tzameti (2005),2005,3.7,434
68536,Stanley Kubrick: A Life in Pictures (2001),2001,3.7,281
7254,The Butterfly Effect (2004),2004,3.7,20839
51167,My Father and My Son (Babam ve oglum) (2005),2005,3.7,123
4703,Chocolat (1988),1988,3.7,1808
841,"Eyes Without a Face (Yeux sans visage, Les) (1959)",1959,3.7,872
2115,Indiana Jones and the Temple of Doom (1984),1984,3.7,29294
480,Jurassic Park (1993),1993,3.7,75233
4337,"Sand Pebbles, The (1966)",1966,3.7,501
104520,"Crimson Permanent Assurance, The (1983)",1983,3.7,126
94939,Sound of Noise (2010),2010,3.7,164
64716,Seven Pounds (2008),2008,3.7,5637
172583,Investigation Held by Kolobki (1986),1986,3.7,53
159403,Neo Tokyo (1987),1987,3.7,53
26360,"Small Change (Argent de poche, L') (1976)",1976,3.7,96
179133,Loving Vincent (2017),2017,3.7,667
202433,A Hidden Life (2019),2019,3.7,235
6942,Love Actually (2003),2003,3.7,18272
235301,The Mauritanian (2021),2021,3.7,286
4710,"Shootist, The (1976)",1976,3.7,810
5445,Minority Report (2002),2002,3.7,38446
8798,Collateral (2004),2004,3.7,13937
2000,Lethal Weapon (1987),1987,3.7,22152
41527,Paradise Now (2005),2005,3.7,502
53887,O Lucky Man! (1973),1973,3.7,175
185029,A Quiet Place (2018),2018,3.7,6304
49961,Notes on a Scandal (2006),2006,3.7,1677
53769,In Search of a Midnight Kiss (2007),2007,3.7,203
177737,Memoir of a Murderer (2017),2017,3.7,99
44788,This Film Is Not Yet Rated (2006),2006,3.7,1282
7773,"Bang, Bang, You're Dead (2002)",2002,3.7,556
111778,Tracks (2013),2013,3.7,292
348,Bullets Over Broadway (1994),1994,3.7,8210
162596,Queen of Katwe (2016),2016,3.7,193
219003,Athlete A (2020),2020,3.7,94
6986,Ben-Hur: A Tale of the Christ (1925),1925,3.7,760
33358,Off the Map (2003),2003,3.7,178
91548,Life in a Day (2011),2011,3.7,206
31702,Turtles Can Fly (Lakposhtha hâm parvaz mikonand) (2004),2004,3.7,234
3034,Robin Hood (1973),1973,3.7,6799
97921,Silver Linings Playbook (2012),2012,3.7,13576
6268,Raising Victor Vargas (2002),2002,3.7,481
116817,Rudderless (2014),2014,3.7,140
157699,Snowden (2016),2016,3.7,2131
104712,Instructions Not Included (No se Aceptan Devoluciones) (2013),2013,3.7,191
25995,Samurai I: Musashi Miyamoto (Miyamoto Musashi) (1954),1954,3.7,242
41815,"Scene at the Sea, A (Ano natsu, ichiban shizukana umi) (1991)",1991,3.7,79
80648,Lone Wolf and Cub: Baby Cart in the Land of Demons (Kozure Ôkami: Meifumadô) (1973),1973,3.7,79
138036,The Man from U.N.C.L.E. (2015),2015,3.7,5490
58992,Joy Division (2007),2007,3.7,102
186341,Minnie the Moocher (1932),1932,3.7,51
192383,Beautiful Boy (2018),2018,3.7,495
26585,"Better Tomorrow, A (Ying hung boon sik) (1986)",1986,3.7,444
71199,Memories of Underdevelopment (Memorias del subdesarrollo) (1968),1968,3.7,74
174491,Don't Hug Me I'm Scared 5 (2015),2015,3.7,171
66870,Everlasting Moments (Maria Larssons eviga ögonblick) (2008),2008,3.7,97
4437,Suspiria (1977),1977,3.7,2275
1929,Grand Hotel (1932),1932,3.7,835
959,Of Human Bondage (1934),1934,3.7,429
183461,Godless (2017),2017,3.7,166
192803,Bohemian Rhapsody (2018),2018,3.7,5193
122920,Captain America: Civil War (2016),2016,3.7,10997
2967,"Bad Seed, The (1956)",1956,3.7,958
6717,Enlightenment Guaranteed (Erleuchtung Garantiert) (2000),2000,3.7,69
5619,"Trials of Henry Kissinger, The (2002)",2002,3.7,197
131796,Woman in Gold (2015),2015,3.7,553
7802,"Warriors, The (1979)",1979,3.7,1910
6721,Once Upon a Time in China (Wong Fei Hung) (1991),1991,3.7,1050
66279,Husbands (1970),1970,3.7,105
43177,Over the Edge (1979),1979,3.7,82
6107,"Night of the Shooting Stars (Notte di San Lorenzo, La) (1982)",1982,3.69,154
163949,The Beatles: Eight Days a Week - The Touring Years (2016),2016,3.69,154
8581,Pirates of Silicon Valley (1999),1999,3.69,1345
151765,Death Note: R2 - L o Tsugu Mono (2008),2008,3.69,95
182783,The Insult (2017),2017,3.69,113
805,"Time to Kill, A (1996)",1996,3.69,12809
98956,Barfi! (2012),2012,3.69,221
1694,"Apostle, The (1997)",1997,3.69,3094
7058,Life with Father (1947),1947,3.69,288
7306,"Herod's Law (Ley de Herodes, La) (2000)",2000,3.69,121
3100,"River Runs Through It, A (1992)",1992,3.69,5981
1484,"Daytrippers, The (1996)",1996,3.69,1070
7349,Broken Wings (Knafayim Shvurot) (2002),2002,3.69,129
213397,Promising Young Woman (2020),2020,3.69,1383
7216,High Sierra (1941),1941,3.69,573
1962,Driving Miss Daisy (1989),1989,3.69,9567
1144,"Line King: The Al Hirschfeld Story, The (1996)",1996,3.69,163
8330,Our Man in Havana (1959),1959,3.69,207
8999,"That's Entertainment, Part II (1976)",1976,3.69,207
47904,"Notti bianche, Le (White Nights) (1957)",1957,3.69,101
284293,The Covenant (2023),2023,3.69,259
102445,Star Trek Into Darkness (2013),2013,3.69,10480
4956,"Stunt Man, The (1980)",1980,3.69,759
55652,Scum (1979),1979,3.69,127
111362,X-Men: Days of Future Past (2014),2014,3.69,13151
80839,Secretariat (2010),2010,3.69,656
3361,Bull Durham (1988),1988,3.69,7479
60684,Watchmen (2009),2009,3.69,17016
1845,Zero Effect (1998),1998,3.69,2504
34155,Saraband (2003),2003,3.69,213
2952,Sydney (Hard Eight) (1996),1996,3.69,2274
279,My Family (1995),1995,3.69,923
72102,Ryan (2004),2004,3.69,52
7114,"Collector, The (1965)",1965,3.69,294
154941,And Then There Were None (2015),2015,3.69,242
187501,Leave No Trace (2018),2018,3.69,794
130976,Legend No. 17 (2013),2013,3.69,112
207678,The Wolf House (2018),2018,3.69,73
2065,"Purple Rose of Cairo, The (1985)",1985,3.69,4462
185987,The Rider (2018),2018,3.69,240
97913,Wreck-It Ralph (2012),2012,3.69,10694
60137,"Rape of Europa, The (2006)",2006,3.69,81
130508,Berserk: The Golden Age Arc - The Egg of the King (2012),2012,3.69,251
87232,X-Men: First Class (2011),2011,3.69,15387
142058,The Lorax (1972),1972,3.69,157
132456,Lage Raho Munna Bhai (2006),2006,3.69,157
175585,Shot Caller (2017),2017,3.69,806
36517,"Constant Gardener, The (2005)",2005,3.69,5106
56885,"Great Debaters, The (2007)",2007,3.69,762
186363,The China Hustle (2018),2018,3.69,55
25930,Odd Man Out (1947),1947,3.69,186
129313,Reality (2014),2014,3.69,97
106918,"Secret Life of Walter Mitty, The (2013)",2013,3.69,5682
285301,Dungeons & Dragons: Honor Among Thieves (2023),2023,3.69,740
271917,The Outfit (2022),2022,3.69,399
49910,Freedom Writers (2007),2007,3.69,1103
538,Six Degrees of Separation (1993),1993,3.69,5205
221196,The Speed Cubers (2020),2020,3.69,50
6442,Belle époque (1992),1992,3.69,479
70201,High Hopes (1988),1988,3.69,79
7050,Follow the Fleet (1936),1936,3.69,137
108514,Yeh Jawaani Hai Deewani (2013),2013,3.69,137
51884,"Namesake, The (2006)",2006,3.69,614
26242,Duel (1971),1971,3.69,1468
177495,Score: A Film Music Documentary (2017),2017,3.69,58
4930,Funeral in Berlin (1966),1966,3.69,203
6662,"Pink Panther, The (1963)",1963,3.69,3032
3011,"They Shoot Horses, Don't They? (1969)",1969,3.69,1197
4470,Ariel (1988),1988,3.69,322
55895,"Desperate Hours, The (1955)",1955,3.69,148
33893,"Perfect Crime, The (Crimen Ferpecto) (Ferpect Crime) (2004)",2004,3.69,246
3148,"Cider House Rules, The (1999)",1999,3.69,7474
40591,"Bohemian Life, The (La vie de bohème) (1992)",1992,3.69,106
8751,Gun Crazy (a.k.a. Deadly Is the Female) (1949),1949,3.69,334
3339,Cross of Iron (1977),1977,3.69,748
4896,Harry Potter and the Sorcerer's Stone (a.k.a. Harry Potter and the Philosopher's Stone) (2001),2001,3.69,34825
4529,Bagdad Cafe (Out of Rosenheim) (1987),1987,3.69,746
112171,"Equalizer, The (2014)",2014,3.69,4442
30991,Powwow Highway (1989),1989,3.69,77
83082,Mao's Last Dancer (2009),2009,3.69,85
73569,Project A 2 ('A' gai wak juk jap) (1987),1987,3.69,109
81456,Heartbeats (Les amours imaginaires) (2010),2010,3.69,327
4499,Dirty Rotten Scoundrels (1988),1988,3.69,4991
154915,Remember (2015),2015,3.69,205
6183,Pillow Talk (1959),1959,3.69,908
157122,The Man Who Knew Infinity (2016),2016,3.69,727
26246,Johnny Got His Gun (1971),1971,3.69,301
25833,Camille (1936),1936,3.69,144
241272,Nobody (2021),2021,3.69,1695
3849,The Spiral Staircase (1945),1945,3.69,331
33124,Before the Fall (NaPolA - Elite für den Führer) (2004),2004,3.69,195
97024,Rust and Bone (De rouille et d'os) (2012),2012,3.69,668
53956,Death at a Funeral (2007),2007,3.69,2389
31030,I Remember Mama (1948),1948,3.69,131
3168,Easy Rider (1969),1969,3.69,6411
5732,Eye of the Needle (1981),1981,3.69,423
55280,Lars and the Real Girl (2007),2007,3.69,3905
31193,"Many Adventures of Winnie the Pooh, The (1977)",1977,3.69,788
7303,The Diary of Anne Frank (1959),1959,3.69,748
5669,Bowling for Columbine (2002),2002,3.69,16169
167544,Patriots Day (2016),2016,3.69,719
8584,Leave Her to Heaven (1945),1945,3.69,212
166964,Street of Crocodiles (1986),1986,3.69,51
31528,Beau Geste (1939),1939,3.69,196
4903,In the Bedroom (2001),2001,3.69,2847
224264,Connected (2020),2020,3.69,1061
40491,"Match Factory Girl, The (Tulitikkutehtaan tyttö) (1990)",1990,3.69,250
4439,Christiane F. (a.k.a. We Children from Bahnhof Zoo) (Christiane F. - Wir Kinder vom Bahnhof Zoo) (1981),1981,3.69,382
4174,Avalon (1990),1990,3.69,732
209173,A Beautiful Day in the Neighborhood (2019),2019,3.69,891
5010,Black Hawk Down (2001),2001,3.69,17083
3535,American Psycho (2000),2000,3.69,18868
44568,"Red and the White, The (Csillagosok, katonák) (1967)",1967,3.69,62
161922,The Edge of Seventeen (2016),2016,3.69,1685
78003,"Dirty Carnival, A (Biyeolhan geori) (2006)",2006,3.69,89
7615,Desert Hearts (1985),1985,3.69,178
36276,Hidden (a.k.a. Cache) (Caché) (2005),2005,3.69,1594
64285,Wallace and Gromit in 'A Matter of Loaf and Death' (2008),2008,3.69,1004
5105,Don't Look Now (1973),1973,3.69,1428
134621,A Flying Ship (1979),1979,3.69,54
201773,Spider-Man: Far from Home (2019),2019,3.69,5724
50533,Into Great Silence (Die große Stille) (2005),2005,3.69,54
55067,Requiem (2006),2006,3.69,154
110102,Captain America: The Winter Soldier (2014),2014,3.69,13830
114494,Who Am I (Kein System Ist Sicher) (2014),2014,3.69,554
1925,Wings (1927),1927,3.68,403
30867,Kamikaze Girls (Shimotsuma monogatari) (2004),2004,3.68,203
3295,Raining Stones (1993),1993,3.68,111
6035,Pépé le Moko (1937),1937,3.68,214
7158,House of Sand and Fog (2003),2003,3.68,2937
3292,"Big Combo, The (1955)",1955,3.68,168
6187,"Life of David Gale, The (2003)",2003,3.68,3088
74416,Fish Tank (2009),2009,3.68,936
79832,Easy Living (1937),1937,3.68,57
47148,Mrs. Palfrey at the Claremont (2005),2005,3.68,76
7835,Song of the Thin Man (1947),1947,3.68,228
1683,"Wings of the Dove, The (1997)",1997,3.68,1920
324,"Sum of Us, The (1994)",1994,3.68,489
2644,Dracula (1931),1931,3.68,2592
25952,"Letter to Three Wives, A (1949)",1949,3.68,212
509,"Piano, The (1993)",1993,3.68,17960
199476,The Boy Who Harnessed the Wind (2019),2019,3.68,185
103549,"What's in a Name (Prénom, Le) (2012)",2012,3.68,185
83219,"Pixar Story, The (2007)",2007,3.68,313
4022,Cast Away (2000),2000,3.68,32200
49312,Snow Cake (2006),2006,3.68,256
7044,Wild at Heart (1990),1990,3.68,2533
67957,Superstar: The Karen Carpenter Story (1988),1988,3.68,79
207612,Tell Me Who I Am (2019),2019,3.68,109
1124,On Golden Pond (1981),1981,3.68,4859
4359,"Seven Year Itch, The (1955)",1955,3.68,1718
3396,"Muppet Movie, The (1979)",1979,3.68,7143
96373,Broken (2012),2012,3.68,153
2580,Go (1999),1999,3.68,9015
149,Amateur (1994),1994,3.68,1129
174181,The Keepers (2017),2017,3.68,145
127114,The End of the Tour (2015),2015,3.68,586
229125,The Mole Agent (2020),2020,3.68,63
56563,Helvetica (2007),2007,3.68,504
90376,We Need to Talk About Kevin (2011),2011,3.68,2611
81786,Certified Copy (Copie conforme) (2010),2010,3.68,348
5021,Murder by Death (1976),1976,3.68,1225
119218,The Punisher: Dirty Laundry (2012),2012,3.68,129
81018,"Illusionist, The (L'illusionniste) (2010)",2010,3.68,755
8221,War of the Buttons (1994),1994,3.68,162
71466,City Island (2009),2009,3.68,679
27369,Daria: Is It Fall Yet? (2000),2000,3.68,242
70978,Boyfriends and Girlfriends (a.k.a. My Girlfriend's Boyfriend) (L'ami de mon amie) (1987),1987,3.68,66
2210,Sabotage (1936),1936,3.68,649
1641,"Full Monty, The (1997)",1997,3.68,17167
134184,Elections Day (2007),2007,3.68,157
3547,Prick Up Your Ears (1987),1987,3.68,471
83318,"Goat, The (1921)",1921,3.68,80
101525,"Place Beyond the Pines, The (2012)",2012,3.68,2742
262129,Petite maman (2021),2021,3.68,116
6983,Jane Eyre (1944),1944,3.68,290
111443,Chef (2014),2014,3.68,2363
2757,Frances (1982),1982,3.68,780
90943,Into the Abyss (2011),2011,3.68,321
162738,American Honey (2016),2016,3.68,515
5992,"Hours, The (2002)",2002,3.68,5176
47629,The Queen (2006),2006,3.68,3174
40738,Summer Interlude (Sommarlek) (1951),1951,3.68,61
4098,"Dead, The (1987)",1987,3.68,294
26005,Samurai II: Duel at Ichijoji Temple (Zoku Miyamoto Musashi: Ichijôji no kettô) (1955),1955,3.68,147
101498,In the House (2012),2012,3.68,308
93265,Courageous (2011),2011,3.68,186
2949,Dr. No (1962),1962,3.68,8898
2557,I Stand Alone (Seul contre tous) (1998),1998,3.68,414
4484,Camille Claudel (1988),1988,3.68,264
32160,Twentieth Century (1934),1934,3.68,203
3581,Human Traffic (1999),1999,3.68,1027
233661,The Courier (2021),2021,3.68,565
52413,Ulysses' Gaze (To Vlemma tou Odyssea) (1995),1995,3.68,78
26663,Monsieur Hire (1989),1989,3.68,195
118700,Selma (2014),2014,3.68,1288
37741,Capote (2005),2005,3.68,5103
53,Lamerica (1994),1994,3.68,159
595,Beauty and the Beast (1991),1991,3.68,41342
6979,WarGames (1983),1983,3.68,6656
47306,"Canterbury Tale, A (1944)",1944,3.68,137
94752,Gifted Hands: The Ben Carson Story (2009),2009,3.68,151
188207,Cold War (2018),2018,3.68,537
31225,Coach Carter (2005),2005,3.68,2305
96,In the Bleak Midwinter (1995),1995,3.68,487
69136,Don (1978),1978,3.68,70
5722,"Goat, The (a.k.a. Knock On Wood) (Chèvre, La) (1981)",1981,3.68,182
79299,"No. 1 Ladies' Detective Agency, The (2008)",2008,3.68,56
6953,21 Grams (2003),2003,3.68,8496
1187,Passion Fish (1992),1992,3.68,1210
7001,Invasion of the Body Snatchers (1978),1978,3.68,2435
7020,Proof (1991),1991,3.68,387
1295,"Unbearable Lightness of Being, The (1988)",1988,3.68,3605
278980,The Fabelmans (2022),2022,3.68,477
261131,King Richard (2021),2021,3.68,738
3304,Blue Collar (1978),1978,3.68,393
90057,Take Shelter (2011),2011,3.68,1763
208289,Richard Jewell (2019),2019,3.68,671
4356,Gentlemen Prefer Blondes (1953),1953,3.68,1716
5292,Slap Shot (1977),1977,3.68,2211
187145,Maquia: When the Promised Flower Blooms (2018),2018,3.68,76
163512,Aquarius (2016),2016,3.68,155
57543,Fallen Art (Sztuka spadania) (2004),2004,3.68,127
4553,They Live (1988),1988,3.68,3476
59026,99 francs (2007),2007,3.68,531
50898,Lola (1961),1961,3.68,113
26599,"Law of Desire (Ley del deseo, La) (1987)",1987,3.68,260
3406,Captain Horatio Hornblower R.N. (1951),1951,3.68,444
8970,Finding Neverland (2004),2004,3.68,9420
38038,Wallace & Gromit in The Curse of the Were-Rabbit (2005),2005,3.68,7414
143245,The Little Prince (2015),2015,3.68,838
27627,Oasis (2002),2002,3.68,119
114486,"Electric Boogaloo: The Wild, Untold Story of Cannon Films (2014)",2014,3.68,119
5867,Thief (1981),1981,3.68,783
25,Leaving Las Vegas (1995),1995,3.68,22525
43934,Deep Sea 3D (2006),2006,3.68,88
39869,Manderlay (2005),2005,3.68,599
7756,Alexander Nevsky (Aleksandr Nevskiy) (1938),1938,3.68,335
136542,Mickey's Christmas Carol (1983),1983,3.68,213
25789,Shanghai Express (1932),1932,3.68,125
174819,Five Came Back (2017),2017,3.68,54
5464,Road to Perdition (2002),2002,3.68,11605
72011,Up in the Air (2009),2009,3.68,8486
61724,Shadows in Paradise (Varjoja paratiisissa) (1986),1986,3.68,145
3386,JFK (1991),1991,3.68,8271
109452,Omar (2013),2013,3.68,91
760,Stalingrad (1993),1993,3.68,1058
5812,Far from Heaven (2002),2002,3.68,2408
6125,"Secret Policeman's Other Ball, The (1982)",1982,3.68,299
26302,Scarecrow (1973),1973,3.68,225
52579,"Vie en Rose, La (Môme, La) (2007)",2007,3.68,1145
4349,Catch-22 (1970),1970,3.68,1578
8117,In China They Eat Dogs (I Kina spiser de hunde) (1999),1999,3.68,416
3066,Tora! Tora! Tora! (1970),1970,3.68,2137
55369,Chronicle of a Summer (Chronique d'un été) (1961),1961,3.68,57
8336,"Major and the Minor, The (1942)",1942,3.68,134
3448,"Good Morning, Vietnam (1987)",1987,3.68,14376
47150,"Death of Mr. Lazarescu, The (Moartea domnului Lazarescu) (2005)",2005,3.68,174
94469,Red Dog (2011),2011,3.68,174
177689,The Killing of a Sacred Deer (2017),2017,3.68,2214
32825,Sexmission (Seksmisja) (1984),1984,3.68,311
130506,Berserk: The Golden Age Arc 2 - The Battle for Doldrey (2012),2012,3.68,214
37731,Green Street Hooligans (a.k.a. Hooligans) (2005),2005,3.68,2051
5963,"Children's Hour, The (1961)",1961,3.68,360
56350,That Hamilton Woman (1941),1941,3.68,60
206893,Matthias & Maxime (2019),2019,3.68,60
48997,Perfume: The Story of a Murderer (2006),2006,3.67,3575
80588,IMAX: Hubble 3D (2010),2010,3.67,63
4033,Thirteen Days (2000),2000,3.67,3832
1127,"Abyss, The (1989)",1989,3.67,20399
7895,Bring Me the Head of Alfredo Garcia (1974),1974,3.67,424
8879,Murder on the Orient Express (1974),1974,3.67,1596
25741,"Phantom Carriage, The (Körkarlen) (1921)",1921,3.67,215
58351,City of Men (Cidade dos Homens) (2007),2007,3.67,413
25797,Gold Diggers of 1933 (1933),1933,3.67,155
203619,ANIMA (2019),2019,3.67,201
671,Mystery Science Theater 3000: The Movie (1996),1996,3.67,6524
131168,Phoenix (2014),2014,3.67,227
26606,"Chinese Ghost Story, A (Sinnui yauwan) (1987)",1987,3.67,342
4824,Grateful Dawg (2000),2000,3.67,115
6416,King Rat (1965),1965,3.67,184
193851,U: July 22 (2018),2018,3.67,69
154858,Kaili Blues (2016),2016,3.67,69
187523,The Captain (2018),2018,3.67,69
32469,We're No Angels (1955),1955,3.67,259
26413,Snake in the Eagle's Shadow (Se ying diu sau) (1978),1978,3.67,190
78039,Blue Valentine (2010),2010,3.67,2617
165491,Into the Inferno (2016),2016,3.67,170
74152,Zach Galifianakis: Live at the Purple Onion (2006),2006,3.67,372
2204,Saboteur (1942),1942,3.67,897
8423,"Kid Brother, The (1927)",1927,3.67,75
176751,American Made (2017),2017,3.67,1929
3476,Jacob's Ladder (1990),1990,3.67,6198
34411,End of Suburbia: Oil Depletion and the Collapse of the American Dream (2004),2004,3.67,52
132480,The Age of Adaline (2015),2015,3.67,1783
103688,"Conjuring, The (2013)",2013,3.67,5031
54229,When the Wind Blows (1986),1986,3.67,191
61937,Sawdust and Tinsel (Gycklarnas afton) (1953),1953,3.67,110
3527,Predator (1987),1987,3.67,20776
38886,"Squid and the Whale, The (2005)",2005,3.67,2934
268642,The Batman (2022),2022,3.67,3340
3703,"Road Warrior, The (Mad Max 2) (1981)",1981,3.67,11672
85354,Mesrine: Public Enemy #1 (L'ennemi public n°1) (2008),2008,3.67,406
2943,Indochine (1992),1992,3.67,1101
5103,"Sandlot, The (1993)",1993,3.67,4567
140110,The Intern (2015),2015,3.67,4934
197197,The Report (2019),2019,3.67,480
199333,Balloon (2018),2018,3.67,64
8331,"Man Who Came to Dinner, The (1942)",1942,3.67,160
2442,Hilary and Jackie (1998),1998,3.67,1365
26359,1900 (Novecento) (1976),1976,3.67,358
249,Immortal Beloved (1994),1994,3.67,5045
4772,Dinner Rush (2000),2000,3.67,268
8505,"Eel, The (Unagi) (1997)",1997,3.67,102
2494,"Last Days, The (1998)",1998,3.67,210
6073,Victim (1961),1961,3.67,70
1912,Out of Sight (1998),1998,3.67,8432
27266,2046 (2004),2004,3.67,1728
25856,Wuthering Heights (1939),1939,3.67,397
68073,Pirate Radio (2009),2009,3.67,2142
733,"Rock, The (1996)",1996,3.67,37001
33081,Love Comes Softly (2003),2003,3.67,76
99986,Marina Abramovic: The Artist Is Present (2012),2012,3.67,114
281,Nobody's Fool (1994),1994,3.67,3997
3724,Coming Home (1978),1978,3.67,869
45506,Twelve and Holding (2005),2005,3.67,164
100336,Udaan (2010),2010,3.67,85
55620,For the Bible Tells Me So (2007),2007,3.67,170
52424,Scent of a Woman (Profumo di donna) (1974),1974,3.67,85
7334,"Front, The (1976)",1976,3.67,320
195167,On the Basis of Sex (2018),2018,3.67,438
5238,Return of the Secaucus 7 (1980),1980,3.67,244
8133,"Inheritance, The (Arven) (2003)",2003,3.67,103
3552,Caddyshack (1980),1980,3.67,11006
25937,Easter Parade (1948),1948,3.67,262
81665,Deep End (1970),1970,3.67,109
177601,Western (2017),2017,3.67,59
164204,After the Storm (2016),2016,3.67,124
78009,Donkey Skin (Peau d'âne) (1970),1970,3.67,65
5358,Mountains of the Moon (1990),1990,3.67,195
77837,You Don't Know Jack (2010),2010,3.67,402
69830,Iron Maiden: Flight 666 (2009),2009,3.67,68
286761,John Mulaney: Baby J (2023),2023,3.67,68
7749,Weekend (a.k.a. Le Week-end) (Week End) (1967),1967,3.67,411
8618,Johnny Guitar (1954),1954,3.67,346
322,Swimming with Sharks (1995),1995,3.67,3109
180137,See You Up There (2017),2017,3.67,74
141866,Green Room (2015),2015,3.67,2148
161131,War Dogs (2016),2016,3.67,2910
61018,Peppermint Candy (Bakha satang) (1999),1999,3.67,83
53443,Remember the Night (1940),1940,3.67,83
91743,Today's Special (2009),2009,3.67,83
4160,"Widow of St. Pierre, The (Veuve de Saint-Pierre, La) (2000)",2000,3.67,359
184997,"Love, Simon (2018)",2018,3.67,1098
97938,Life of Pi (2012),2012,3.67,11982
7069,"Macbeth (a.k.a. Tragedy of Macbeth, The) (1971)",1971,3.67,398
8401,"Adventures of Sherlock Holmes, The (1939)",1939,3.67,321
170411,Dave Chappelle: Deep in the Heart of Texas (2017),2017,3.67,214
94663,Vicky Donor (2012),2012,3.67,122
3129,Sweet and Lowdown (1999),1999,3.67,1911
4688,Black Robe (1991),1991,3.67,599
288513,Barbie (2023),2023,3.67,939
62849,RocknRolla (2008),2008,3.67,3909
157498,11.22.63 (2016),2016,3.67,376
7143,"Last Samurai, The (2003)",2003,3.67,20186
72641,"Blind Side, The  (2009)",2009,3.67,10723
3311,"Man from Laramie, The (1955)",1955,3.67,284
6856,Yankee Doodle Dandy (1942),1942,3.67,595
5146,Vampire Hunter D: Bloodlust (Banpaia hantâ D) (2000),2000,3.67,1914
108932,The Lego Movie (2014),2014,3.67,10233
48304,Apocalypto (2006),2006,3.67,5818
78574,Winter's Bone (2010),2010,3.67,2940
27186,Kirikou and the Sorceress (Kirikou et la sorcière) (1998),1998,3.67,294
263149,The Good Boss (2021),2021,3.67,54
4655,Romero (1989),1989,3.67,189
94978,I Wish (Kiseki) (2011),2011,3.67,87
73587,Soul Kitchen (2009),2009,3.67,498
198781,Uri: The Surgical Strike (2019),2019,3.67,69
99811,Beware of Mr. Baker (2012),2012,3.67,78
6450,"Heaven Knows, Mr. Allison (1957)",1957,3.67,222
101079,Kiss Me (Kyss Mig) (2011),2011,3.67,69
72712,Objectified (2009),2009,3.67,111
2930,Return with Honor (1998),1998,3.67,93
48032,"Tiger and the Snow, The (La tigre e la neve) (2005)",2005,3.67,171
4136,"Month in the Country, A (1987)",1987,3.67,78
135753,The Dawns Here are Quiet (1972),1972,3.67,87
6021,"American Friend, The (Amerikanische Freund, Der) (1977)",1977,3.67,397
27022,Thursday (1998),1998,3.67,286
110110,Starred Up (2013),2013,3.67,500
98017,"Late Quartet, A (2012)",2012,3.67,184
4835,Coal Miner's Daughter (1980),1980,3.67,1328
4102,Eddie Murphy Raw (1987),1987,3.67,2427
4444,"Way of the Dragon, The (a.k.a. Return of the Dragon) (Meng long guo jiang) (1972)",1972,3.67,835
3965,"Strange Love of Martha Ivers, The (1946)",1946,3.66,288
181217,Doctor Who: The Return Of Doctor Mysterio (2016),2016,3.66,85
84770,Client 9: The Rise and Fall of Eliot Spitzer (2010),2010,3.66,79
200200,Mirage (2018),2018,3.66,231
97132,Urbanized (2011),2011,3.66,70
4809,Silkwood (1983),1983,3.66,1267
206857,The Irishman (2019),2019,3.66,3470
4014,Chocolat (2000),2000,3.66,15269
3188,"Life and Times of Hank Greenberg, The (1998)",1998,3.66,317
4996,Little Otik (Otesánek) (2000),2000,3.66,311
7078,Jezebel (1938),1938,3.66,305
88069,Delhi Belly (2011),2011,3.66,119
26520,Full Moon in Paris (Les nuits de la pleine lune) (1984),1984,3.66,58
158858,A Place For Paedophiles (2009),2009,3.66,58
134659,Hibernatus (1969),1969,3.66,58
3951,Two Family House (2000),2000,3.66,220
4019,Finding Forrester (2000),2000,3.66,7299
6422,Shenandoah (1965),1965,3.66,309
25792,"I Was Born, But... (a.k.a. Children of Tokyo) (Otona no miru ehon - Umarete wa mita keredo) (1932)",1932,3.66,101
3163,Topsy-Turvy (1999),1999,3.66,1617
116801,Labyrinth of Lies (2014),2014,3.66,98
235,Ed Wood (1994),1994,3.66,17428
6429,Winchester '73 (1950),1950,3.66,380
7440,Paper Clips (2004),2004,3.66,190
62245,"Music Room, The (Jalsaghar) (1958)",1958,3.66,89
1437,"Cement Garden, The (1993)",1993,3.66,353
8341,Oliver Twist (1948),1948,3.66,571
5187,Hopscotch (1980),1980,3.66,390
8920,"Country Girl, The (1954)",1954,3.66,129
60341,Standard Operating Procedure (2008),2008,3.66,129
193944,The Ballad of Buster Scruggs (2018),2018,3.66,2649
199866,Deadpool: No Good Deed (2017),2017,3.66,83
6237,"Glenn Miller Story, The (1953)",1953,3.66,357
2239,Swept Away (Travolti da un insolito destino nell'azzurro mare d'Agosto) (1975),1975,3.66,711
27802,Infernal Affairs 2 (Mou gaan dou II) (2003),2003,3.66,237
89260,Project Nim (2011),2011,3.66,197
136596,Mickey's Trailer (1938),1938,3.66,77
7027,Silverado (1985),1985,3.66,1531
96655,Robot & Frank (2012),2012,3.66,1306
968,Night of the Living Dead (1968),1968,3.66,9474
103534,Inadequate People (Neadekvatnye lyudi) (2010),2010,3.66,105
79720,Animal Kingdom (2010),2010,3.66,930
133771,The Lobster (2015),2015,3.66,5433
4840,"Last Metro, The (Dernier métro, Le) (1980)",1980,3.66,288
896,Wild Reeds (Les roseaux sauvages) (1994),1994,3.66,508
61257,I.O.U.S.A. (a.k.a. IOUSA) (2008),2008,3.66,127
117867,'71 (2014),2014,3.66,502
71579,"Education, An (2009)",2009,3.66,2284
218679,Disclosure: Trans Lives On Screen (2020),2020,3.66,62
100194,Jim Jefferies: Fully Functional (EPIX) (2012),2012,3.66,90
4438,"Fist of Fury (Chinese Connection, The) (Jing wu men) (1972)",1972,3.66,658
203160,The Last Black Man in San Francisco (2019),2019,3.66,385
87304,Beginners (2010),2010,3.66,1214
1633,Ulee's Gold (1997),1997,3.66,2413
279812,The Menu (2022),2022,3.66,1631
3831,Saving Grace (2000),2000,3.66,1684
188675,Dogman (2018),2018,3.66,174
2390,Little Voice (1998),1998,3.66,2608
102194,Mud (2012),2012,3.66,2978
300,Quiz Show (1994),1994,3.66,21085
4292,Norma Rae (1979),1979,3.66,1253
26172,Point Blank (1967),1967,3.66,551
32203,Brian's Song (1971),1971,3.66,137
3069,"Effect of Gamma Rays on Man-in-the-Moon Marigolds, The (1972)",1972,3.66,246
4304,Startup.com (2001),2001,3.66,1087
6947,Master and Commander: The Far Side of the World (2003),2003,3.66,9808
848,"Spitfire Grill, The (1996)",1996,3.66,2081
6679,Revolution OS (2001),2001,3.66,243
1151,Lesson Faust (1994),1994,3.66,430
8602,Shadows (1959),1959,3.66,237
31107,Mikey and Nicky (1976),1976,3.66,156
92094,Einstein and Eddington (2008),2008,3.66,78
4645,Cure (1997),1997,3.66,465
3487,El Dorado (1966),1966,3.66,612
174087,Feed the Kitty (1952),1952,3.66,50
93821,There's Something Wrong with Aunt Diane (2011),2011,3.66,50
31086,Battles Without Honor & Humanity (Jingi naki tatakai) (1973),1973,3.66,97
6408,Animals are Beautiful People (1974),1974,3.66,97
5142,"Firemen's Ball, The (Horí, má panenko) (1967)",1967,3.66,266
88593,"Yellow Sea, The (a.k.a. The Murderer) (Hwanghae) (2010)",2010,3.66,216
168910,Come Together (2016),2016,3.66,72
1534,"Bonheur, Le (1965)",1965,3.66,188
6230,Bang the Drum Slowly (1973),1973,3.66,346
5889,"Cruel Romance, A (Zhestokij Romans) (1984)",1984,3.66,107
55363,"Assassination of Jesse James by the Coward Robert Ford, The (2007)",2007,3.66,3624
93782,Paan Singh Tomar (2010),2010,3.66,63
81020,"Hedgehog, The (Le hérisson) (2009)",2009,3.66,104
41863,"Three Burials of Melquiades Estrada, The (2006)",2006,3.66,1009
471,"Hudsucker Proxy, The (1994)",1994,3.66,12016
176801,Suspiria (2017),2017,3.66,1078
6296,"Mighty Wind, A (2003)",2003,3.66,3682
97306,Seven Psychopaths (2012),2012,3.66,4640
73183,"Friends of Eddie Coyle, The (1973)",1973,3.66,203
7265,"Dreamers, The (2003)",2003,3.66,2111
57845,Joe Strummer: The Future Is Unwritten (2007),2007,3.66,162
200306,Booksmart (2019),2019,3.66,1913
1117,"Eighth Day, The (Huitième jour, Le) (1996)",1996,3.66,267
1594,In the Company of Men (1997),1997,3.66,2662
7123,Naked Lunch (1991),1991,3.66,2058
11,"American President, The (1995)",1995,3.66,19127
212066,The Heist of the Century (2020),2020,3.66,70
33709,Toto le héros (1991),1991,3.66,70
96302,War of the Arrows (Choi-jong-byeong-gi Hwal) (2011),2011,3.66,105
8183,Educating Rita (1983),1983,3.66,748
109463,7 Boxes (2012),2012,3.66,51
80281,Bill Bailey: Tinselworm (2008),2008,3.66,51
130644,The Garden of Sinners - Chapter 5: Paradox Paradigm (2008),2008,3.66,51
8767,"Big Clock, The (1948)",1948,3.66,252
47202,"Secret Life of Words, The (2005)",2005,3.66,262
1085,"Old Man and the Sea, The (1958)",1958,3.66,1311
180497,The Post (2017),2017,3.66,2012
25870,Here Comes Mr. Jordan (1941),1941,3.66,160
8039,Support Your Local Sheriff! (1969),1969,3.66,560
2078,"Jungle Book, The (1967)",1967,3.66,12077
59731,"Bigger, Stronger, Faster* (2008)",2008,3.66,525
492,Manhattan Murder Mystery (1993),1993,3.66,3488
6119,Santa Claus Is a Stinker (Le Père Noël est une ordure) (1982),1982,3.66,173
50912,"Paris, I Love You (Paris, je t'aime) (2006)",2006,3.66,1692
1384,"Substance of Fire, The (1996)",1996,3.66,125
118760,The Good Lie (2014),2014,3.66,202
96411,6 Days to Air: The Making of South Park (2011),2011,3.66,199
78445,"Woman In Berlin, A (Anonyma - Eine Frau in Berlin) (2008)",2008,3.66,61
138416,I Can Quit Whenever I Want (2014),2014,3.66,61
115685,National Theatre Live: Frankenstein (2011),2011,3.66,61
57980,"Art of Negative Thinking, The (Kunsten å tenke negativt) (2006)",2006,3.66,151
199974,Hotel Mumbai (2019),2019,3.66,402
1356,Star Trek: First Contact (1996),1996,3.66,22188
106762,Trigun: Badlands Rumble (2010),2010,3.66,174
79029,Kurt Cobain About a Son (2006),2006,3.66,58
60551,Breath (Soom) (2007),2007,3.65,71
4712,"Wild Child, The (Enfant sauvage, L') (1970)",1970,3.65,184
6932,Shattered Glass (2003),2003,3.65,1510
349,Clear and Present Danger (1994),1994,3.65,31300
3210,Fast Times at Ridgemont High (1982),1982,3.65,9510
175593,Mike Birbiglia: Thank God for Jokes (2017),2017,3.65,55
27660,"Animatrix, The (2003)",2003,3.65,5265
1916,Buffalo '66 (a.k.a. Buffalo 66) (1998),1998,3.65,3592
6082,"Grey Fox, The (1982)",1982,3.65,191
147750,Rams (2015),2015,3.65,136
94126,Bullhead (Rundskop) (2011),2011,3.65,204
8768,Criss Cross (1949),1949,3.65,175
3992,Malèna (2000),2000,3.65,1397
140769,Puella Magi Madoka Magica the Movie Part I: Beginnings (2012),2012,3.65,94
2563,Dangerous Beauty (1998),1998,3.65,979
1663,Stripes (1981),1981,3.65,9230
7745,"Scent of Green Papaya, The (Mùi du du xhan - L'odeur de la papaye verte) (1993)",1993,3.65,357
2005,"Goonies, The (1985)",1985,3.65,14603
645,Nelly & Monsieur Arnaud (1995),1995,3.65,315
91630,Mission: Impossible - Ghost Protocol (2011),2011,3.65,9542
98193,"Invisible War, The (2012)",2012,3.65,117
7821,Ice-Cold in Alex (1958),1958,3.65,65
79541,Little Nicholas (Le petit Nicolas) (2009),2009,3.65,156
278794,Pearl (2022),2022,3.65,364
27255,"Wind Will Carry Us, The (Bad ma ra khahad bord) (1999)",1999,3.65,156
7942,Summer with Monika (Sommaren med Monika) (1953),1953,3.65,299
92804,Bodyguards and Assassins (2009),2009,3.65,52
5788,All or Nothing (2002),2002,3.65,374
52666,Benny's Video (1992),1992,3.65,270
6062,Lost in La Mancha (2002),2002,3.65,1166
59832,Where the Sidewalk Ends (1950),1950,3.65,101
187815,RBG (2018),2018,3.65,303
79091,Despicable Me (2010),2010,3.65,14136
170645,The Zookeeper's Wife (2017),2017,3.65,307
5986,Fat City (1972),1972,3.65,183
1068,Crossfire (1947),1947,3.65,366
25927,"Stranger, The (1946)",1946,3.65,445
63062,Changeling (2008),2008,3.65,3489
523,Ruby in Paradise (1993),1993,3.65,933
70451,Max Manus (2008),2008,3.65,298
27373,61* (2001),2001,3.65,249
96610,Looper (2012),2012,3.65,14824
43267,On Probation (Tiempo de Valientes) (2005),2005,3.65,59
8982,I Am David (2003),2003,3.65,259
6357,High Society (1956),1956,3.65,561
2150,"Gods Must Be Crazy, The (1980)",1980,3.65,9358
3881,Phish: Bittersweet Motel (2000),2000,3.65,69
7018,Presumed Innocent (1990),1990,3.65,1434
82463,Another Year (2010),2010,3.65,441
4927,"Last Wave, The (1977)",1977,3.65,303
6463,Divine Trash (1998),1998,3.65,56
32707,Blue (1993),1993,3.65,56
25911,"Woman in the Window, The (1944)",1944,3.65,234
3676,Eraserhead (1977),1977,3.65,4545
1297,Real Genius (1985),1985,3.65,4776
61646,DarkBlueAlmostBlack (Azuloscurocasinegro) (2006),2006,3.65,122
309,"Red Firecracker, Green Firecracker (Pao Da Shuang Deng) (1994)",1994,3.65,452
872,Vive L'Amour (Ai qing wan sui) (1994),1994,3.65,99
43699,"Wind, The (1928)",1928,3.65,99
4918,"Young Lions, The (1958)",1958,3.65,175
2237,Without Limits (1998),1998,3.65,433
44674,Wheel of Time (2003),2003,3.65,53
144784,Aferim! (2015),2015,3.65,53
26873,"Take Care of Your Scarf, Tatiana (Pidä huivista kiinni, Tatjana) (1994)",1994,3.65,53
7211,People Will Talk (1951),1951,3.65,169
86320,Melancholia (2011),2011,3.65,3577
4016,"Emperor's New Groove, The (2000)",2000,3.65,11437
44657,Mouchette (1967),1967,3.65,236
6978,Slacker (1991),1991,3.65,918
285597,Rye Lane (2023),2023,3.65,60
144138,Billy Elliot: The Musical (2014),2014,3.65,60
94401,If a Tree Falls: A Story of the Earth Liberation Front (2011),2011,3.65,60
173957,Ali Baba Bunny (1957),1957,3.65,50
37739,"Greatest Game Ever Played, The (2005)",2005,3.65,607
111781,Mission: Impossible - Rogue Nation (2015),2015,3.65,6151
85881,Win Win (2011),2011,3.65,1028
1396,Sneakers (1992),1992,3.65,13275
3855,"Affair of Love, An (Liaison pornographique, Une) (1999)",1999,3.65,384
7087,"Passage to India, A (1984)",1984,3.65,541
25866,"Sea Hawk, The (1940)",1940,3.65,177
8838,Alice Doesn't Live Here Anymore (1974),1974,3.65,705
168608,Mudbound (2017),2017,3.65,401
3072,Moonstruck (1987),1987,3.65,8014
93840,"Cabin in the Woods, The (2012)",2012,3.65,10172
7884,Highway 61 (1991),1991,3.65,124
49132,Shut Up & Sing (2006),2006,3.65,305
189889,Shirkers (2018),2018,3.65,114
127186,Girlhood (2014),2014,3.65,114
31963,Bed & Board (Domicile conjugal) (1970),1970,3.65,104
160848,The Red Turtle (2016),2016,3.65,500
6477,"Song of Bernadette, The (1943)",1943,3.65,215
207632,An Officer and a Spy (2019),2019,3.65,121
1951,Oliver! (1968),1968,3.65,2503
258857,Old Henry (2021),2021,3.65,175
112512,Colourful (Karafuru) (2010),2010,3.65,101
345,"Adventures of Priscilla, Queen of the Desert, The (1994)",1994,3.65,10642
3281,"Brandon Teena Story, The (1998)",1998,3.65,347
7698,"China Syndrome, The (1979)",1979,3.65,1251
7299,Monsieur Ibrahim (Monsieur Ibrahim et les fleurs du Coran) (2003),2003,3.65,398
1094,"Crying Game, The (1992)",1992,3.65,12703
187541,Incredibles 2 (2018),2018,3.65,6303
47423,Half Nelson (2006),2006,3.65,1620
173687,Three Plus Two (1963),1963,3.65,54
8675,"Enemy Below, The (1957)",1957,3.65,216
49422,"OSS 117: Cairo, Nest of Spies (OSS 117: Le Caire nid d'espions) (2006)",2006,3.65,402
1730,Kundun (1997),1997,3.65,1902
26231,Performance (1970),1970,3.65,223
67508,"Baader Meinhof Komplex, Der (2008)",2008,3.65,615
45837,Let It Be (1970),1970,3.65,98
70432,Fail Safe (2000),2000,3.65,98
140816,Tangerine (2015),2015,3.65,561
2305,Slam (1998),1998,3.65,213
133769,Hera Pheri (2000),2000,3.65,142
6303,"Andromeda Strain, The (1971)",1971,3.65,2249
96728,"Master, The (2012)",2012,3.65,3075
7579,Pride and Prejudice (1940),1940,3.65,610
3668,Romeo and Juliet (1968),1968,3.65,3017
6327,"Decade Under the Influence, A (2003)",2003,3.65,285
26313,California Split (1974),1974,3.65,207
7297,Kitchen Stories (Salmer fra kjøkkenet) (2003),2003,3.65,353
8949,Sideways (2004),2004,3.65,10928
5816,Harry Potter and the Chamber of Secrets (2002),2002,3.65,29900
143440,"Mune, le gardien de la lune (2015)",2015,3.65,85
6163,He Loves Me... He Loves Me Not (À la folie... pas du tout) (2002),2002,3.65,602
99795,Whores' Glory (2011),2011,3.65,75
152017,Me Before You (2016),2016,3.65,1903
73681,"Concert, Le (2009)",2009,3.65,181
8147,Charly (1968),1968,3.65,605
5435,Hombre (1967),1967,3.65,294
103048,"Kings of Summer, The (2013)",2013,3.65,1017
1123,"Perfect Candidate, A (1996)",1996,3.65,209
132424,The Longest Ride (2015),2015,3.65,686
141432,Sweet Red Bean Paste (2015),2015,3.65,127
4393,Another Woman (1988),1988,3.65,316
56744,Longford (2006),2006,3.65,79
6093,"Last Unicorn, The (1982)",1982,3.65,1429
146656,Creed (2015),2015,3.64,3239
74228,Triangle (2009),2009,3.64,1922
71867,"Misfortunates, The (De helaasheid der dingen) (2009)",2009,3.64,114
8385,Lover Come Back (1961),1961,3.64,190
116907,Fed Up (2014),2014,3.64,152
95873,Ruby Sparks (2012),2012,3.64,1465
95558,Beasts of the Southern Wild (2012),2012,3.64,1372
103624,Fruitvale Station (2013),2013,3.64,757
37733,"History of Violence, A (2005)",2005,3.64,6455
5477,Sex and Lucia (Lucía y el sexo) (2001),2001,3.64,1147
2512,"Ballad of Narayama, The (Narayama bushiko) (1983)",1983,3.64,208
26342,"Farewell, My Lovely (1975)",1975,3.64,118
174831,Summer 1993 (2017),2017,3.64,59
1967,Labyrinth (1986),1986,3.64,10534
275193,The Quiet Girl (2022),2022,3.64,73
5847,Ragtime (1981),1981,3.64,393
101904,Happy (2011),2011,3.64,80
60566,Just Another Love Story (Kærlighed på film) (2007),2007,3.64,101
5294,Frailty (2001),2001,3.64,3194
3854,Aimée & Jaguar (1999),1999,3.64,335
275167,Decision to Leave (2022),2022,3.64,335
6708,Matchstick Men (2003),2003,3.64,6976
5007,Topkapi (1964),1964,3.64,395
6722,Once Upon a Time in China II (Wong Fei-hung Ji Yi: Naam yi dong ji keung) (1992),1992,3.64,437
60753,Felon (2008),2008,3.64,888
89386,Pearl Jam Twenty (2011),2011,3.64,119
8334,"Cowboys, The (1972)",1972,3.64,280
182853,"How Viktor ""The Garlic"" Took Alexey ""The Stud"" to the Nursing Home (2017)",2017,3.64,77
156781,Jimmy Carr: Telling Jokes (2009),2009,3.64,56
261705,"tick, tick...BOOM! (2021)",2021,3.64,564
4646,Greenfingers (2000),2000,3.64,431
3221,"Draughtsman's Contract, The (1982)",1982,3.64,519
3516,"Bell, Book and Candle (1958)",1958,3.64,1011
3678,"Man with the Golden Arm, The (1955)",1955,3.64,481
76173,Micmacs (Micmacs à tire-larigot) (2009),2009,3.64,748
8533,"Notebook, The (2004)",2004,3.64,12215
34469,Baby Face (1933),1933,3.64,109
1893,Beyond Silence (Jenseits der Stille) (1996),1996,3.64,204
32493,End of the Century: The Story of the Ramones (2003),2003,3.64,81
60408,Welcome to the Sticks (Bienvenue chez les Ch'tis) (2008),2008,3.64,560
6630,"Inn of the Sixth Happiness, The (1958)",1958,3.64,187
152591,Ip Man 3 (2015),2015,3.64,706
357,Four Weddings and a Funeral (1994),1994,3.64,30312
120813,Patton Oswalt: My Weakness Is Strong (2009),2009,3.64,99
31588,Casque d'or (1952),1952,3.64,99
6801,"Common Wealth (Comunidad, La) (2000)",2000,3.64,145
165641,Closet Monster (2016),2016,3.64,117
189071,The Tale (2018),2018,3.64,149
83,Once Upon a Time... When We Were Colored (1995),1995,3.64,589
4218,River's Edge (1986),1986,3.64,1015
110882,Locke (2013),2013,3.64,1861
4361,Tootsie (1982),1982,3.64,9122
4495,Crossing Delancey (1988),1988,3.64,590
52281,Grindhouse (2007),2007,3.64,6739
8482,"Picture of Dorian Gray, The (1945)",1945,3.64,455
34072,"March of the Penguins (Marche de l'empereur, La) (2005)",2005,3.64,4391
72178,Welcome to Dongmakgol (2005),2005,3.64,96
78081,Delusions of Grandeur (La folie des grandeurs) (1971),1971,3.64,64
174017,The Exception (2017),2017,3.64,96
27005,"Interview, The (1998)",1998,3.64,281
937,Love in the Afternoon (1957),1957,3.64,580
3494,True Grit (1969),1969,3.64,2147
167732,A Street Cat Named Bob (2016),2016,3.64,171
167570,The OA,,3.64,346
175643,Zygote (2017),2017,3.64,75
181357,Robot Chicken: Star Wars Episode III (2010),2010,3.64,100
34148,"Beat That My Heart Skipped, The (battre mon coeur s'est arrêté, De) (2005)",2005,3.64,379
32452,My Neighbors the Yamadas (Hôhokekyo tonari no Yamada-kun) (1999),1999,3.64,229
115008,Skhizein (2008),2008,3.64,68
78633,Casino Jack and the United States of Money (2010),2010,3.64,68
2922,Hang 'Em High (1968),1968,3.64,1876
48059,"Boy Named Charlie Brown, A (1969)",1969,3.64,147
194074,The Hate U Give (2018),2018,3.64,341
6192,Open Hearts (Elsker dig for evigt) (2002),2002,3.64,205
3556,"Virgin Suicides, The (1999)",1999,3.64,8104
2125,Ever After: A Cinderella Story (1998),1998,3.64,6659
5622,Charly (2002),2002,3.64,54
34435,Sholay (1975),1975,3.64,216
90531,Shame (2011),2011,3.64,2225
26159,Tokyo Drifter (Tôkyô nagaremono) (1966),1966,3.64,191
58111,Jodhaa Akbar (2008),2008,3.64,166
6136,"South, The (Sur, El) (1983)",1983,3.64,83
26101,McLintock! (1963),1963,3.64,282
2693,Trekkies (1997),1997,3.64,1888
52328,Sunshine (2007),2007,3.64,6520
247988,Luca (2021),2021,3.64,1216
111249,Belle (2013),2013,3.64,257
38320,Valerie and Her Week of Wonders (Valerie a týden divu) (1970),1970,3.64,221
81819,Biutiful (2010),2010,3.64,935
208040,Sorry We Missed You (2019),2019,3.64,145
25751,"Big Parade, The (1925)",1925,3.64,58
192285,Birds of Passage (2018),2018,3.64,116
8404,"Hound of the Baskervilles, The (1939)",1939,3.64,421
213898,Never Rarely Sometimes Always (2020),2020,3.64,207
49766,"Man Who Never Was, The (1956)",1956,3.64,69
71390,"Not Quite Hollywood: The Wild, Untold Story of Ozploitation! (2008)",2008,3.64,109
188625,Evil Genius: The True Story of America's Most Diabolical Bank Heist (2018),2018,3.64,218
7899,Master of the Flying Guillotine (Du bi quan wang da po xue di zi) (1975),1975,3.64,189
53129,Mr. Brooks (2007),2007,3.64,2818
223944,The Social Dilemma (2020),2020,3.64,1004
4802,Operation Petticoat (1959),1959,3.64,746
635,"Family Thing, A (1996)",1996,3.64,1121
139419,One Minute Time Machine (2014),2014,3.64,91
27760,When the Last Sword is Drawn (Mibu gishi den) (2003),2003,3.64,51
132472,Antarctica: A Year On Ice (2013),2013,3.64,51
7124,Grass (1999),1999,3.64,277
87194,The Way (2010),2010,3.64,401
2481,My Name Is Joe (1998),1998,3.64,463
151455,Eddie the Eagle (2016),2016,3.64,829
3868,"Naked Gun: From the Files of Police Squad!, The (1988)",1988,3.64,10237
60943,Frozen River (2008),2008,3.64,581
121231,It Follows (2014),2014,3.64,4195
3859,"Eyes of Tammy Faye, The (2000)",2000,3.64,446
7580,"Man in the Gray Flannel Suit, The (1956)",1956,3.64,128
59810,Recount (2008),2008,3.64,417
3309,"Dog's Life, A (1918)",1918,3.64,249
3230,"Odessa File, The (1974)",1974,3.64,557
893,Mother Night (1996),1996,3.64,590
163925,"Wings, Legs and Tails (1986)",1986,3.64,66
4197,Real Life (1979),1979,3.64,220
37855,"Prize Winner of Defiance Ohio, The (2005)",2005,3.64,275
176349,Bad Genius (2017),2017,3.64,147
8690,Slaughterhouse-Five (1972),1972,3.64,763
123288,Taken (2002),2002,3.64,188
133205,Doug Stanhope: Beer Hall Putsch (2013),2013,3.64,59
1061,Sleepers (1996),1996,3.64,9639
4357,How to Marry a Millionaire (1953),1953,3.64,964
2182,"Wrong Man, The (1956)",1956,3.64,953
6368,Cinemania (2002),2002,3.64,270
197651,The King,,3.64,792
1302,Field of Dreams (1989),1989,3.64,14286
197691,FYRE: The Greatest Party That Never Happened (2019),2019,3.64,911
110328,Electrick Children (2012),2012,3.64,100
2118,"Dead Zone, The (1983)",1983,3.63,4282
139098,Four Days in October (2010),2010,3.63,63
3092,"47 Samurai (Chûshingura) (Loyal 47 Ronin, The) (1962)",1962,3.63,141
98154,Lincoln (2012),2012,3.63,3897
80969,Never Let Me Go (2010),2010,3.63,2066
2171,Next Stop Wonderland (1998),1998,3.63,1227
63808,"Class, The (Entre les murs) (2008)",2008,3.63,552
5896,New Waterford Girl (1999),1999,3.63,194
71464,"Serious Man, A (2009)",2009,3.63,3666
897,For Whom the Bell Tolls (1943),1943,3.63,904
6457,Sink the Bismark! (1960),1960,3.63,269
2109,"Jerk, The (1979)",1979,3.63,7981
3980,Men of Honor (2000),2000,3.63,4657
257589,Compartment No. 6 (2021),2021,3.63,86
2117,1984 (Nineteen Eighty-Four) (1984),1984,3.63,4000
77353,Achilles and the Tortoise (Akiresu to kame) (2008),2008,3.63,60
130474,Suite Française (2015),2015,3.63,120
56788,Charlie Wilson's War (2007),2007,3.63,3352
7286,Simple Men (1992),1992,3.63,184
1958,Terms of Endearment (1983),1983,3.63,5406
66339,Death by Hanging (Koshikei) (1968),1968,3.63,64
90430,Carnage (2011),2011,3.63,1736
6789,"Apartment, The (Appartement, L') (1996)",1996,3.63,343
3192,"Terrorist, The (a.k.a. Malli) (Theeviravaathi) (1998)",1998,3.63,147
49412,It's A Wonderful World (1939),1939,3.63,132
982,Picnic (1955),1955,3.63,608
4523,Milagro Beanfield War (1988),1988,3.63,525
86066,Playing the Victim (Izobrazhaya zhertvu) (2006),2006,3.63,68
34528,Junebug (2005),2005,3.63,885
6335,"Dancer Upstairs, The (2002)",2002,3.63,371
43652,"Comedians of Comedy, The (2005)",2005,3.63,269
193599,Climax (2018),2018,3.63,792
59549,Shelter (2007),2007,3.63,273
8664,Mr. Klein (Monsieur Klein) (1976),1976,3.63,91
97933,5 Broken Cameras (2011),2011,3.63,76
73023,Crazy Heart (2009),2009,3.63,1634
27163,Something Is Happening (Kuch Kuch Hota Hai) (1998),1998,3.63,179
3761,"Blood In, Blood Out (1993)",1993,3.63,488
44947,Lacombe Lucien (1974),1974,3.63,103
6760,In This World (2002),2002,3.63,103
114,Margaret's Museum (1995),1995,3.63,248
26564,'Round Midnight (1986),1986,3.63,210
7753,Tuesdays with Morrie (1999),1999,3.63,130
278702,Glass Onion: A Knives Out Mystery (2022),2022,3.63,2127
149606,Bajirao Mastani (2015),2015,3.63,88
5483,"Kid Stays in the Picture, The (2002)",2002,3.63,643
282161,A Man Called Otto (2022),2022,3.63,333
7785,"Time for Drunken Horses, A (Zamani barayé masti asbha) (2000)",2000,3.63,96
179053,2048: Nowhere to Run (2017),2017,3.63,123
27884,Word Wars (2004),2004,3.63,123
2022,"Last Temptation of Christ, The (1988)",1988,3.63,3183
158003,The Long Recess (1972),1972,3.63,50
117136,One Chance (2013),2013,3.63,50
3747,Jesus' Son (1999),1999,3.63,851
4664,Shirley Valentine (1989),1989,3.63,516
30,Shanghai Triad (Yao a yao yao dao waipo qiao) (1995),1995,3.63,1300
7840,Gunga Din (1939),1939,3.63,475
6008,"Son, The (Le fils) (2002)",2002,3.63,309
79760,Facing Ali (2009),2009,3.63,89
5300,3:10 to Yuma (1957),1957,3.63,674
6147,"White Rose, The (Weiße Rose, Die) (1982)",1982,3.63,62
4888,Tape (2001),2001,3.63,826
1392,Citizen Ruth (1996),1996,3.63,1773
132883,Testament of Youth (2014),2014,3.63,163
66665,Away We Go (2009),2009,3.63,1351
46839,Three Times (2005),2005,3.63,66
80374,Symbol (Shinboru) (2009),2009,3.63,66
2916,Total Recall (1990),1990,3.63,26920
3028,"Taming of the Shrew, The (1967)",1967,3.63,975
192379,First Man (2018),2018,3.63,1648
199113,Coffee and Cigarettes (1986),1986,3.63,70
40,"Cry, the Beloved Country (1995)",1995,3.63,880
6211,Ten (2002),2002,3.63,148
176211,In a Heartbeat (2017),2017,3.63,226
1125,"Return of the Pink Panther, The (1975)",1975,3.63,5476
51660,"Ultimate Gift, The (2006)",2006,3.63,308
66744,"Divo, Il (2008)",2008,3.63,238
2596,SLC Punk! (1998),1998,3.63,1815
3052,Dogma (1999),1999,3.63,20101
1420,Message to Love: The Isle of Wight Festival (1996),1996,3.63,86
32352,"Thief and the Cobbler, The (a.k.a. Arabian Knight) (1995)",1995,3.63,129
25744,Haxan: Witchcraft Through the Ages (a.k.a. The Witches) (1922),1922,3.63,270
48262,"Bridge, The (2006)",2006,3.63,247
33808,Kings & Queen (Rois et reine) (2004),2004,3.63,51
27432,"Beautiful Country, The (2004)",2004,3.63,102
2660,"Thing from Another World, The (1951)",1951,3.63,1264
8381,For Me and My Gal (1942),1942,3.63,55
53827,Sybil (1976),1976,3.63,220
26485,Rumble Fish (1983),1983,3.63,582
68967,"Summer Hours (Heure d'été, L') (2008)",2008,3.63,118
3420,...And Justice for All (1979),1979,3.63,1322
1032,Alice in Wonderland (1951),1951,3.63,9981
26875,"Pure Formality, A (Pura formalità, Una) (1994)",1994,3.63,185
144050,Attack on Titan: Crimson Bow and Arrow (2014),2014,3.63,63
5377,About a Boy (2002),2002,3.63,12969
4935,"Falls, The (1980)",1980,3.63,67
146682,Twinsters (2015),2015,3.63,67
7456,Valentin (Valentín) (2002),2002,3.63,134
135601,Rockstar (2011),2011,3.63,67
223918,Shithouse (2020),2020,3.63,71
154051,The Last Man on the Moon (2016),2016,3.63,75
63072,"Road, The (2009)",2009,3.63,4979
173197,The Square (2017),2017,3.63,861
261,Little Women (1994),1994,3.63,10899
2700,"South Park: Bigger, Longer and Uncut (1999)",1999,3.63,20870
42004,Transamerica (2005),2005,3.63,1341
7177,Osama (2003),2003,3.63,360
3256,Patriot Games (1992),1992,3.63,10572
2550,"Haunting, The (1963)",1963,3.63,1884
107196,Is the Man Who Is Tall Happy? (2013),2013,3.63,99
93892,Romantics Anonymous (Les émotifs anonymes) (2010),2010,3.63,202
2820,Hamlet (1964),1964,3.63,329
46347,Metal: A Headbanger's Journey (2005),2005,3.63,349
143476,Where To Invade Next (2015),2015,3.63,373
3181,Titus (1999),1999,3.63,1471
8711,Mr. Blandings Builds His Dream House (1948),1948,3.63,502
6041,Amen. (2002),2002,3.63,263
100745,TPB AFK: The Pirate Bay Away from Keyboard (2013),2013,3.63,311
155288,Eye in the Sky (2016),2016,3.63,941
5236,"Tale of Springtime, A (Conte de Printemps) (1990)",1990,3.62,112
70567,Adam (2009),2009,3.62,644
54196,Brand Upon the Brain! (2006),2006,3.62,96
33603,Simon (2004),2004,3.62,112
25943,"Naked City, The (1948)",1948,3.62,216
91808,Pariah (2011),2011,3.62,124
89753,Tinker Tailor Soldier Spy (2011),2011,3.62,3379
1082,"Candidate, The (1972)",1972,3.62,1912
69027,OSS 117 - Lost in Rio (OSS 117: Rio ne répond plus) (2009),2009,3.62,265
3223,"Zed & Two Noughts, A (1985)",1985,3.62,402
2697,My Son the Fanatic (1997),1997,3.62,386
44709,Akeelah and the Bee (2006),2006,3.62,1158
4901,Spy Game (2001),2001,3.62,7477
1959,Out of Africa (1985),1985,3.62,5360
199237,Paddleton (2019),2019,3.62,165
172255,The Matrix Revisited (2001),2001,3.62,153
206246,The Platform (2019),2019,3.62,1808
70862,It Might Get Loud (2008),2008,3.62,415
97923,Flight (2012),2012,3.62,4138
190,Safe (1995),1995,3.62,1169
194312,Private Life (2018),2018,3.62,238
7304,Allegro non troppo (1977),1977,3.62,202
3720,Sunshine (1999),1999,3.62,651
170729,Louis C.K. 2017 (2017),2017,3.62,348
73051,Guru (2007),2007,3.62,85
67429,Sita Sings the Blues (2008),2008,3.62,243
128320,Monty Python: Almost the Truth - Lawyers Cut (2009),2009,3.62,77
2529,Planet of the Apes (1968),1968,3.62,15599
162968,Kizumonogatari Part 1: Tekketsu (2016),2016,3.62,69
172881,Final Flight of the Osiris (2003),2003,3.62,138
8256,Queen Christina (1933),1933,3.62,138
105593,Filth (2013),2013,3.62,1118
46723,Babel (2006),2006,3.62,7437
65596,Mesrine: Killer Instinct (L'instinct de mort) (2008),2008,3.62,480
7982,"Tale of Two Sisters, A (Janghwa, Hongryeon) (2003)",2003,3.62,1253
2144,Sixteen Candles (1984),1984,3.62,10459
179221,Brawl in Cell Block 99 (2017),2017,3.62,656
8529,"Terminal, The (2004)",2004,3.62,13939
98587,Caesar Must Die (Cesare deve morire) (2012),2012,3.62,53
103661,United (2011),2011,3.62,53
51705,Priceless (Hors de prix) (2006),2006,3.62,518
94074,Rush: Beyond the Lighted Stage (2010),2010,3.62,98
7176,Crimson Gold (Talaye sorgh) (2003),2003,3.62,94
171141,Handsome Devil (2016),2016,3.62,131
1406,La Cérémonie (1995),1995,3.62,426
7085,Send Me No Flowers (1964),1964,3.62,209
167380,A Dog's Purpose (2017),2017,3.62,488
5763,Lola (1981),1981,3.62,156
107141,Saving Mr. Banks (2013),2013,3.62,2333
94810,Eva (2011),2011,3.62,152
1571,When the Cat's Away (Chacun cherche son chat) (1996),1996,3.62,465
103107,20 Feet from Stardom (Twenty Feet from Stardom) (2013),2013,3.62,247
82150,Bunny and the Bull (2009),2009,3.62,103
198147,Five Feet Apart (2019),2019,3.62,342
127148,The Hunting Ground (2015),2015,3.62,66
98809,"Hobbit: An Unexpected Journey, The (2012)",2012,3.62,16149
2423,Christmas Vacation (National Lampoon's Christmas Vacation) (1989),1989,3.62,7472
80693,It's Kind of a Funny Story (2010),2010,3.62,2161
93510,21 Jump Street (2012),2012,3.62,10851
115130,The Dark Horse (2014),2014,3.62,58
223204,The French Dispatch (2020),2020,3.62,1248
2797,Big (1988),1988,3.62,24016
6761,Tibet: Cry of the Snow Lion (2002),2002,3.62,83
77293,"Silent Partner, The (1978)",1978,3.62,108
722,"Haunted World of Edward D. Wood Jr., The (1996)",1996,3.62,349
1183,"English Patient, The (1996)",1996,3.62,16746
3262,Twin Peaks: Fire Walk with Me (1992),1992,3.62,3554
112913,Monty Python Live (Mostly) (2014),2014,3.62,50
112288,Coming Home (Gui lai) (2014),2014,3.62,50
2302,My Cousin Vinny (1992),1992,3.62,16164
41571,Memoirs of a Geisha (2005),2005,3.62,3372
27515,Balzac and the Little Chinese Seamstress (Xiao cai feng) (2002),2002,3.62,71
106204,Pieta (2013),2013,3.62,117
59784,Kung Fu Panda (2008),2008,3.62,16390
3175,Galaxy Quest (1999),1999,3.62,17512
4738,Happy Accidents (2000),2000,3.62,591
7082,That Touch of Mink (1962),1962,3.62,348
96737,Dredd (2012),2012,3.62,5579
82037,"Tillman Story, The (2010)",2010,3.62,193
6649,Tunes of Glory (1960),1960,3.62,84
113374,"Old Lady and the Pigeons, The (La vieille dame et les pigeons) (1997)",1997,3.62,63
1699,"Butcher Boy, The (1997)",1997,3.62,1182
2083,"Muppet Christmas Carol, The (1992)",1992,3.62,4208
6247,Women in Love (1969),1969,3.62,219
134170,Kung Fury (2015),2015,3.62,1550
493,Menace II Society (1993),1993,3.62,3973
122906,Black Panther (2017),2017,3.62,8828
26183,Asterix and Cleopatra (Astérix et Cléopâtre) (1968),1968,3.62,270
2621,Xiu Xiu: The Sent-Down Girl (Tian yu) (1998),1998,3.62,422
91488,"Snowman, The (1982)",1982,3.62,287
93498,Game Change (2012),2012,3.62,494
26842,Tai Chi Master (Twin Warriors) (Tai ji: Zhang San Feng) (1993),1993,3.62,148
7586,Soldier of Orange (a.k.a. Survival Run) (Soldaat van Oranje) (1977),1977,3.62,203
181267,Perfectos desconocidos (2017),2017,3.62,123
168026,Marvel One-Shot: Agent Carter (2013),2013,3.62,140
3133,Go West (1925),1925,3.62,280
27904,"Scanner Darkly, A (2006)",2006,3.62,5740
49932,Inland Empire (2006),2006,3.62,1452
74683,Mike Bassett: England Manager (2001),2001,3.62,51
168846,Neal Brennan: 3 Mics (2017),2017,3.62,51
115770,Before I Disappear (2014),2014,3.62,119
32511,"Touch of Zen, A (Xia nu) (1971)",1971,3.62,119
122308,Ricky Gervais: Out of England - The Stand-Up Special (2008),2008,3.62,51
222949,Summer of 85 (2020),2020,3.62,51
122886,Star Wars: Episode VII - The Force Awakens (2015),2015,3.62,18727
1880,Lawn Dogs (1997),1997,3.62,353
37857,MirrorMask (2005),2005,3.62,1336
4272,Tuvalu (1999),1999,3.62,166
7915,Samurai Fiction (SF: Episode One) (1998),1998,3.62,226
73392,Collapse (2009),2009,3.62,158
52927,Syndromes and a Century (Sang sattawat) (2006),2006,3.62,94
68690,Love Songs (Les chansons d'amour) (2007),2007,3.62,94
3658,Quatermass and the Pit (1967),1967,3.62,471
27317,Audition (Ôdishon) (1999),1999,3.62,2166
51357,Citizen X (1995),1995,3.62,296
134751,The Fantastic Flying Books of Mr. Morris Lessmore (2011),2011,3.62,73
164175,A Monster Calls (2016),2016,3.62,749
44587,Nanook of the North (1922),1922,3.62,267
58706,"Under the Same Moon (Misma luna, La) (2007)",2007,3.62,138
613,Jane Eyre (1996),1996,3.62,2494
5101,Richard Pryor Here and Now (1983),1983,3.62,298
136556,Kung Fu Panda: Secrets of the Masters (2011),2011,3.62,134
8494,"Cincinnati Kid, The (1965)",1965,3.62,277
5269,"Piano Teacher, The (La pianiste) (2001)",2001,3.62,1451
133645,Carol (2015),2015,3.62,1603
172511,Payback: Straight Up (2006),2006,3.62,91
103554,"Hijacking, A (Kapringen) (2012)",2012,3.62,156
219,"Cure, The (1995)",1995,3.62,678
3108,"Fisher King, The (1991)",1991,3.62,8334
9011,Portrait of Jennie (1948),1948,3.62,100
4921,Little Women (1933),1933,3.61,657
6524,Never on Sunday (Pote tin Kyriaki) (1960),1960,3.61,161
2570,"Walk on the Moon, A (1999)",1999,3.61,792
197175,Alita: Battle Angel (2019),2019,3.61,2668
275483,Moonage Daydream (2022),2022,3.61,74
100062,My Way (Mai Wei) (2011),2011,3.61,61
172879,World Record (2003),2003,3.61,157
135143,Fantastic Beasts and Where to Find Them (2016),2016,3.61,8005
7792,"Parallax View, The (1974)",1974,3.61,669
103980,Blue Jasmine (2013),2013,3.61,2565
102903,Now You See Me (2013),2013,3.61,10821
141830,Unbelievable Adventures of Italians in Russia (1974),1974,3.61,114
7386,"Ten Commandments, The (1956)",1956,3.61,2298
83796,Anything for Her (Pour elle) (2008),2008,3.61,79
273891,Bullet Train (2022),2022,3.61,1524
207638,La belle époque (2019),2019,3.61,123
4002,"Planes, Trains & Automobiles (1987)",1987,3.61,8694
72117,"Misérables, Les (1935)",1935,3.61,66
173429,Hasan Minhaj: Homecoming King (2017),2017,3.61,88
42518,Christmas in Connecticut (1945),1945,3.61,141
134601,Lost Soul: The Doomed Journey of Richard Stanley's Island of Dr. Moreau (2014),2014,3.61,75
44100,Cyrano de Bergerac (1950),1950,3.61,106
4251,Chopper (2000),2000,3.61,981
2184,"Trouble with Harry, The (1955)",1955,3.61,1649
5599,Tabu: A Story of the South Seas (1931),1931,3.61,115
56060,I Served the King of England (Obsluhoval jsem anglického krále) (2006),2006,3.61,146
6893,"Italian Job, The (1969)",1969,3.61,2553
3244,"Goodbye Girl, The (1977)",1977,3.61,1541
141836,It Can't Be! (1975),1975,3.61,62
193073,Stree (2018),2018,3.61,62
6617,Open Range (2003),2003,3.61,1711
27768,Intimate Strangers (Confidences trop intimes) (2004),2004,3.61,142
25795,Dinner at Eight (1933),1933,3.61,182
82633,"Kuroneko (Black Cat from the Grove, The) (Yabu no naka no kuroneko) (1968)",1968,3.61,151
101864,Oblivion (2013),2013,3.61,8545
571,"Wedding Gift, The (1994)",1994,3.61,200
134230,Wake Up Sid (2009),2009,3.61,80
40337,Holy Guests (Ha-Ushpizin) (2004),2004,3.61,98
58306,Mongol (2007),2007,3.61,771
62115,Six Shooter (2004),2004,3.61,165
99841,Sister (L'enfant d'en haut) (2012),2012,3.61,58
32509,This Sporting Life (1963),1963,3.61,67
6323,Identity (2003),2003,3.61,7675
917,"Little Princess, The (1939)",1939,3.61,1146
6170,"Black Stallion, The (1979)",1979,3.61,996
1275,Highlander (1986),1986,3.61,13311
6173,Into the West (1992),1992,3.61,108
163510,The Happiest Day in the Life of Olli Mäki (2016),2016,3.61,54
52813,Thieves' Highway (1949),1949,3.61,63
8015,"Phantom Tollbooth, The (1970)",1970,3.61,257
3010,Rosetta (1999),1999,3.61,447
3371,Bound for Glory (1976),1976,3.61,253
141668,War Room (2015),2015,3.61,104
3020,Falling Down (1993),1993,3.61,8091
30812,"Aviator, The (2004)",2004,3.61,11885
3284,They Might Be Giants (1971),1971,3.61,254
139525,Cartel Land (2015),2015,3.61,186
202057,One Child Nation (2019),2019,3.61,50
4391,"Vertical Ray of the Sun, The (Mua he chieu thang dung) (2000)",2000,3.61,173
30820,"Woodsman, The (2004)",2004,3.61,1161
6214,Irreversible (Irréversible) (2002),2002,3.61,2421
214772,Michael Jackson's Thriller (1983),1983,3.61,114
26974,Gummo (1997),1997,3.61,707
6075,"Simple-Minded Murder, The (Enfaldige mördaren, Den) (1982)",1982,3.61,73
8478,"Distant Voices, Still Lives (1988)",1988,3.61,73
142456,The Brand New Testament (2015),2015,3.61,356
55705,Secret Sunshine (Milyang) (2007),2007,3.61,105
51935,Shooter (2007),2007,3.61,6419
621,My Favorite Season (1993),1993,3.61,334
61026,Red Cliff (Chi bi) (2008),2008,3.61,600
5974,"Thief of Bagdad, The (1940)",1940,3.61,385
106624,Twice Born (Venuto al mondo) (2012),2012,3.61,55
4378,Sexy Beast (2000),2000,3.61,3315
205287,Bacurau (2019),2019,3.61,335
7826,"Secret Life of Walter Mitty, The (1947)",1947,3.61,358
3267,"Mariachi, El (1992)",1992,3.61,4777
186311,The Guernsey Literary and Potato Peel Pie Society (2018),2018,3.61,340
5938,Deathtrap (1982),1982,3.61,685
2912,"Limey, The (1999)",1999,3.61,3591
26169,Branded to Kill (Koroshi no rakuin) (1967),1967,3.61,184
7160,Monster (2003),2003,3.61,5238
5955,Antwone Fisher (2002),2002,3.61,1582
63194,Caótica Ana (2007),2007,3.61,60
862,Manny & Lo (1996),1996,3.61,365
5799,Exodus (1960),1960,3.61,430
26838,"Snapper, The (1993)",1993,3.61,222
8016,"Getaway, The (1972)",1972,3.61,680
132961,Far from the Madding Crowd (2015),2015,3.61,449
26,Othello (1995),1995,3.61,2802
6840,"Hospital, The (1971)",1971,3.61,190
73822,Meantime (1984),1984,3.61,51
143647,An Inspector Calls (2015),2015,3.61,153
206307,Miles Davis: Birth of the Cool (2019),2019,3.61,51
136,From the Journals of Jean Seberg (1995),1995,3.61,102
4261,Lilies (1996),1996,3.61,65
901,Funny Face (1957),1957,3.61,1830
4768,"Dr. Mabuse: The Gambler (Dr. Mabuse, der Spieler) (1922)",1922,3.61,223
2108,L.A. Story (1991),1991,3.61,7227
145418,Trumbo (2015),2015,3.61,925
31408,Summer Storm (Sommersturm) (2004),2004,3.61,172
3952,"Contender, The (2000)",2000,3.61,2655
2993,Thunderball (1965),1965,3.61,5299
127198,Dope (2015),2015,3.61,1136
7585,Summertime (1955),1955,3.61,177
193147,The House That Jack Built (2018),2018,3.61,932
2403,First Blood (Rambo: First Blood) (1982),1982,3.61,8871
6663,"Pink Panther Strikes Again, The (1976)",1976,3.61,1548
101973,Disconnect (2012),2012,3.61,569
127298,A Pigeon Sat on a Branch Reflecting on Existence (2014),2014,3.61,276
4376,Down From the Mountain (2000),2000,3.61,75
3397,"Great Muppet Caper, The (1981)",1981,3.61,2598
116859,Remember Sunday (2013),2013,3.61,61
168218,Kizumonogatari III: Cold Blood (2017),2017,3.61,61
110675,In Your Eyes (2014),2014,3.61,418
5158,Cross Creek (1983),1983,3.61,94
3613,Things Change (1988),1988,3.61,362
1639,Chasing Amy (1997),1997,3.61,15477
55106,Design for Living (1933),1933,3.61,99
118880,"Girl Walks Home Alone at Night, A (2014)",2014,3.61,708
88724,Beats Rhymes & Life: The Travels of a Tribe Called Quest (2011),2011,3.61,52
73983,"Maid, The (Nana, La) (2009)",2009,3.61,52
32280,The 3 Penny Opera (1931),1931,3.61,52
96150,"Queen of Versailles, The (2012)",2012,3.61,388
25929,Nightmare Alley (1947),1947,3.61,194
7080,42nd Street (1933),1933,3.61,393
72039,35 Shots of Rum (35 rhums) (2008),2008,3.61,90
2583,Cookie's Fortune (1999),1999,3.61,1966
5380,"Importance of Being Earnest, The (2002)",2002,3.61,2238
30701,Chimes at Midnight (Campanadas a medianoche) (1965),1965,3.61,185
4479,Bird (1988),1988,3.61,390
49278,Déjà Vu (Deja Vu) (2006),2006,3.61,6871
8740,"Lower Depths, The (Donzoko) (1957)",1957,3.6,143
197885,Honey Boy (2019),2019,3.6,396
2988,Melvin and Howard (1980),1980,3.6,730
175831,Lou (2017),2017,3.6,105
49355,"Bête humaine, La (1938)",1938,3.6,148
5500,Top Secret! (1984),1984,3.6,3210
77833,Armadillo (2010),2010,3.6,172
166534,Split (2017),2017,3.6,5711
5013,Gosford Park (2001),2001,3.6,7180
127146,Kurt Cobain: Montage of Heck (2015),2015,3.6,354
3734,Prince of the City (1981),1981,3.6,359
31923,"Three Musketeers, The (1973)",1973,3.6,753
6056,Chaos (2001),2001,3.6,96
169948,Tomorrow Everything Starts (2016),2016,3.6,120
6127,Shoot the Moon (1982),1982,3.6,125
139863,Ghost in the Shell Arise - Border 4: Ghost Stands Alone (2014),2014,3.6,125
5780,Polyester (1981),1981,3.6,433
54986,"Watch Out, We're Mad (...Altrimenti ci arrabbiamo!) (1974)",1974,3.6,77
1885,"Opposite of Sex, The (1998)",1998,3.6,4400
42946,Project A ('A' gai waak) (1983),1983,3.6,260
7894,"Duck, You Sucker (1971)",1971,3.6,535
4966,"Incredible Shrinking Man, The (1957)",1957,3.6,714
4339,Von Ryan's Express (1965),1965,3.6,719
103539,The Spectacular Now (2013),2013,3.6,1793
8694,You Were Never Lovelier (1942),1942,3.6,58
27050,Bang Boom Bang - Ein todsicheres Ding (1999),1999,3.6,58
25839,Nothing Sacred (1937),1937,3.6,150
3604,Gypsy (1962),1962,3.6,571
203691,The Edge of Democracy (2019),2019,3.6,63
7787,To Hell and Back (1955),1955,3.6,126
80549,Easy A (2010),2010,3.6,8888
5440,She Wore a Yellow Ribbon (1949),1949,3.6,471
31123,Ruby & Quentin (Tais-toi!) (2003),2003,3.6,272
112066,"Letter to Momo, A (Momo e no tegami) (2011)",2011,3.6,136
106144,"Selfish Giant, The (2013)",2013,3.6,136
62553,"Secret Life of Bees, The (2008)",2008,3.6,443
5508,24 Hour Party People (2002),2002,3.6,1754
3327,Beyond the Mat (1999),1999,3.6,819
6683,Fire (1996),1996,3.6,156
232017,Rose Island (2020),2020,3.6,117
146196,Meet the Patels (2014),2014,3.6,78
4784,"French Lieutenant's Woman, The (1981)",1981,3.6,844
34552,"Girl in the Café, The (2005)",2005,3.6,327
2866,"Buddy Holly Story, The (1978)",1978,3.6,1451
3358,Defending Your Life (1991),1991,3.6,2409
104350,Terms and Conditions May Apply (2013),2013,3.6,93
4028,Songcatcher (2000),2000,3.6,382
4964,Baran (2001),2001,3.6,147
6064,"Harder They Fall, The (1956)",1956,3.6,196
26002,Confidential Report (1955),1955,3.6,147
5421,"Dangerous Lives of Altar Boys, The (2002)",2002,3.6,1099
39818,"Swindle, The (Bidone, Il) (1955)",1955,3.6,54
168122,Raw (2017),2017,3.6,1046
6436,This Boy's Life (1993),1993,3.6,958
1672,"Rainmaker, The (1997)",1997,3.6,4434
92420,Chronicle (2012),2012,3.6,3837
139855,Anomalisa (2015),2015,3.6,1330
53592,Four Minutes (Vier Minuten) (2006),2006,3.6,69
259659,The Last Duel (2021),2021,3.6,794
56370,"Goodbye Bafana (Color of Freedom, The) (2007)",2007,3.6,74
5110,Super Troopers (2001),2001,3.6,5453
67907,Kiler (1997),1997,3.6,79
183699,Forgotten (2017),2017,3.6,163
176567,The Endless (2017),2017,3.6,993
96832,Holy Motors (2012),2012,3.6,989
26476,Merry Christmas Mr. Lawrence (1983),1983,3.6,366
260667,Encanto (2021),2021,3.6,1539
2058,"Negotiator, The (1998)",1998,3.6,10438
45210,United 93 (2006),2006,3.6,2372
3153,"7th Voyage of Sinbad, The (1958)",1958,3.6,1661
131023,That Sugar Film (2014),2014,3.6,124
8143,Lola Montès (1955),1955,3.6,129
3186,"Girl, Interrupted (1999)",1999,3.6,6154
39183,Brokeback Mountain (2005),2005,3.6,10155
2872,Excalibur (1981),1981,3.6,6676
34437,Broken Flowers (2005),2005,3.6,4723
4467,"Adventures of Baron Munchausen, The (1988)",1988,3.6,3912
65612,Castaway (1986),1986,3.6,224
115680,Time Lapse (2014),2014,3.6,1114
50354,The Return of Don Camillo (1953),1953,3.6,50
182467,Antiporno (2016),2016,3.6,95
170959,Maudie (2017),2017,3.6,125
164935,Being 17 (2016),2016,3.6,55
43444,Made in Britain (1982),1982,3.6,115
160209,The Resurrection of Jake the Snake (2015),2015,3.6,50
82337,Four Heads Are Better Than One (Un homme de tête) (1898),1898,3.6,55
87042,Wanda (1970),1970,3.6,70
280868,Guillermo del Toro's Pinocchio (2022),2022,3.6,501
341,Double Happiness (1994),1994,3.6,406
6990,The Great Train Robbery (1978),1978,3.6,482
58047,"Definitely, Maybe (2008)",2008,3.6,3113
160990,It's Only the End of the World (2016),2016,3.6,156
201072,Hail Satan? (2019),2019,3.6,151
6229,Two-Lane Blacktop (1971),1971,3.6,282
59519,Reprise (2006),2006,3.6,202
30712,"Narrow Margin, The (1952)",1952,3.6,177
5091,The Man from Acapulco (1973),1973,3.6,76
99964,Nameless Gangster (Bumchoiwaui junjaeng) (2012),2012,3.6,76
259751,Parallel Mothers (2021),2021,3.6,152
31948,"Phone Box, The (Cabina, La) (1972)",1972,3.6,71
3609,Regret to Inform (1998),1998,3.6,71
26138,"Hill, The (1965)",1965,3.6,142
225145,Nomadland (2020),2020,3.6,1192
7451,Mean Girls (2004),2004,3.6,13543
110461,We Are the Best! (Vi är bäst!) (2013),2013,3.6,188
167770,Christmas Time In South Park (2000),2000,3.6,61
113705,"Two Days, One Night (Deux jours, une nuit) (2014)",2014,3.6,549
32464,City of Hope (1991),1991,3.6,61
145150,The Dressmaker (2015),2015,3.6,417
5005,Separate Tables (1958),1958,3.6,178
115629,Marshland (2014),2014,3.6,229
79467,Mid-August Lunch (Pranzo di ferragosto) (2008),2008,3.6,56
6242,Ringu (Ring) (1998),1998,3.6,3550
4116,Hollywood Shuffle (1987),1987,3.6,540
5821,"Way Home, The (Jibeuro) (2002)",2002,3.6,107
55687,My Kid Could Paint That (2007),2007,3.6,255
2140,"Dark Crystal, The (1982)",1982,3.6,9130
151951,Holding the Man (2015),2015,3.6,92
91869,Being Elmo: A Puppeteer's Journey (2011),2011,3.6,256
3418,Thelma & Louise (1991),1991,3.6,13685
104841,Gravity (2013),2013,3.6,18126
97168,Marley (2012),2012,3.6,195
7384,Since Otar Left (Depuis qu'Otar est parti...) (2003),2003,3.6,77
440,Dave (1993),1993,3.6,19992
5391,Thirteen Conversations About One Thing (a.k.a. 13 Conversations) (2001),2001,3.6,1117
2824,On the Ropes (1999),1999,3.6,129
168632,Bill Burr: Walk Your Way Out (2017),2017,3.6,129
101415,"First Time, The (2012)",2012,3.6,609
58295,"Bank Job, The (2008)",2008,3.6,3563
2593,"Monster, The (Mostro, Il) (1994)",1994,3.6,553
48575,Brute Force (1947),1947,3.6,119
2425,"General, The (1998)",1998,3.6,611
9000,That's Entertainment! III (1994),1994,3.6,114
213207,Onward (2020),2020,3.6,1732
7618,Chaplin (1992),1992,3.6,1115
60950,Vicky Cristina Barcelona (2008),2008,3.6,4496
120934,Korengal (2014),2014,3.6,52
8933,"Decline of the American Empire, The (Déclin de l'empire américain, Le) (1986)",1986,3.6,260
115828,Copenhagen (2014),2014,3.6,156
5560,À nous la liberté (Freedom for Us) (1931),1931,3.6,203
53038,Red Dust (1932),1932,3.6,73
8190,"Americanization of Emily, The (1964)",1964,3.6,167
195497,Vice (2018),2018,3.6,1638
27801,Ong-Bak: The Thai Warrior (Ong Bak) (2003),2003,3.6,2054
130580,The Disappearance of Eleanor Rigby: Her (2013),2013,3.6,63
5712,Blow Out (1981),1981,3.6,1129
1393,Jerry Maguire (1996),1996,3.6,26643
187023,Andre the Giant (2018),2018,3.6,142
7720,"Four Musketeers, The (1974)",1974,3.6,626
53318,Cashback (2006),2006,3.6,1942
69122,"Hangover, The (2009)",2009,3.59,23372
144976,Bone Tomahawk (2015),2015,3.59,1228
173817,Он вам не Димон (2017),2017,3.59,58
286569,"Are You There God? It's Me, Margaret. (2023)",2023,3.59,58
141139,The Terror Live (2013),2013,3.59,58
56333,"Savages, The (2007)",2007,3.59,976
53835,Journey to Italy (Viaggio in Italia) (Voyage to Italy) (Voyage in Italy) (1954),1954,3.59,153
27073,Two Hands (1999),1999,3.59,185
4765,L.I.E. (2001),2001,3.59,561
6921,Man of Marble (Czlowiek z Marmuru) (1977),1977,3.59,90
48301,"Private Life of Henry VIII, The (1933)",1933,3.59,90
132167,El Infierno (2010),2010,3.59,53
72998,Avatar (2009),2009,3.59,35043
6879,Runaway Jury (2003),2003,3.59,4074
258001,Beyond the Infinite Two Minutes (2020),2020,3.59,69
83450,Brest Fortress (Brestskaya krepost) (2010),2010,3.59,85
76251,Kick-Ass (2010),2010,3.59,15783
4384,Lumumba (2000),2000,3.59,133
33558,"Snow Walker, The (2003)",2003,3.59,149
6305,Fahrenheit 451 (1966),1966,3.59,1898
1580,Men in Black (a.k.a. MIB) (1997),1997,3.59,48434
230723,If Anything Happens I Love You (2020),2020,3.59,96
254072,The Duke (2021),2021,3.59,64
172889,Program (2003),2003,3.59,160
4210,Manhunter (1986),1986,3.59,2391
7010,"Lover, The (Amant, L') (1992)",1992,3.59,427
2301,History of the World: Part I (1981),1981,3.59,4948
147,"Basketball Diaries, The (1995)",1995,3.59,4866
3241,"Cup, The (Phörpa) (1999)",1999,3.59,358
70599,"Time Traveler's Wife, The (2009)",2009,3.59,2581
131920,The Road Within (2014),2014,3.59,155
33592,Bad Guy (Nabbeun namja) (2001),2001,3.59,155
2011,Back to the Future Part II (1989),1989,3.59,28236
171,Jeffrey (1995),1995,3.59,1428
27456,Shackleton's Antarctic Adventure (2001),2001,3.59,107
114329,What We Did on Our Holiday (2014),2014,3.59,198
148280,Truman (2015),2015,3.59,91
2904,Rain (1932),1932,3.59,150
6604,Hawks and Sparrows (Uccellacci e Uccellini) (1966),1966,3.59,75
134879,Soaked in Bleach (2015),2015,3.59,59
6965,Journeys with George (2002),2002,3.59,59
159827,All the Way (2016),2016,3.59,145
86487,Mildred Pierce (2011),2011,3.59,237
5936,"Come Back to the Five and Dime, Jimmy Dean, Jimmy Dean (1982)",1982,3.59,167
4825,"Swamp, The (Ciénaga, La) (2001)",2001,3.59,124
31260,Boys Town (1938),1938,3.59,162
134083,Walking the Streets of Moscow (1963),1963,3.59,54
48043,"Fountain, The (2006)",2006,3.59,5875
53894,Sicko (2007),2007,3.59,3132
27109,Lady Snowblood (Shurayukihime) (1973),1973,3.59,330
3417,"Crimson Pirate, The (1952)",1952,3.59,395
33826,Saint Ralph (2004),2004,3.59,222
108729,Enemy (2013),2013,3.59,3109
137761,The Search for General Tso (2014),2014,3.59,65
26418,Buffet froid (1979),1979,3.59,65
6188,Old School (2003),2003,3.59,9275
6201,Lady Jane (1986),1986,3.59,293
3158,"Emperor and the Assassin, The (Jing ke ci qin wang) (1999)",1999,3.59,391
31950,Curse of the Demon (Night of the Demon) (1957),1957,3.59,201
143271,Dheepan (2015),2015,3.59,163
4779,Go Tigers! (2001),2001,3.59,125
30747,"Goodbye, Dragon Inn (Bu san) (2003)",2003,3.59,125
3303,Black Tar Heroin: The Dark End of the Street (2000),2000,3.59,87
147410,A Perfect Day (2015),2015,3.59,174
91290,Sarah's Key (Elle s'appelait Sarah) (2010),2010,3.59,136
7569,You Only Live Twice (1967),1967,3.59,3324
67999,Global Metal (2008),2008,3.59,98
109781,"Werewolf Boy, A (Neuk-dae-so-nyeon) (2012)",2012,3.59,60
168266,T2: Trainspotting (2017),2017,3.59,1135
182715,Annihilation (2018),2018,3.59,5126
252180,Pig (2021),2021,3.59,810
8511,"Immigrant, The (1917)",1917,3.59,219
5071,Maelström (2000),2000,3.59,192
6077,Evil Under the Sun (1982),1982,3.59,313
3203,Dead Calm (1989),1989,3.59,3498
146329,The Master and Margarita (2005),2005,3.59,77
199966,System Crasher (2019),2019,3.59,77
6618,Shaolin Soccer (Siu lam juk kau) (2001),2001,3.59,3591
3823,Wonderland (1999),1999,3.59,408
2114,"Outsiders, The (1983)",1983,3.59,3811
938,Gigi (1958),1958,3.59,1823
135502,The Boy and the World (2013),2013,3.59,105
289253,Teenage Mutant Ninja Turtles: Mutant Mayhem (2023),2023,3.59,105
70992,Cargo 200 (Gruz 200) (2007),2007,3.59,166
78349,Exam (2009),2009,3.59,2093
183611,Game Night (2018),2018,3.59,3434
2178,Frenzy (1972),1972,3.59,1346
3727,Near Dark (1987),1987,3.59,1419
6403,"Swimmer, The (1968)",1968,3.59,255
233203,The Second Renaissance Part II (2003),2003,3.59,50
192245,Bad Times at the El Royale (2018),2018,3.59,1678
26147,"Thousand Clowns, A (1965)",1965,3.59,89
99145,"Impossible, The (Imposible, Lo) (2012)",2012,3.59,1553
173145,War for the Planet of the Apes (2017),2017,3.59,2873
2662,"War of the Worlds, The (1953)",1953,3.59,5168
6692,Stoked: The Rise and Fall of Gator (2002),2002,3.59,78
68838,Every Little Step (2008),2008,3.59,78
8291,Agatha Christie's 'Ten Little Indians' (Ten Little Indians) (And Then There Were None) (1965),1965,3.59,251
4077,"With a Friend Like Harry... (Harry, un ami qui vous veut du bien) (2000)",2000,3.59,759
213541,Boys State (2020),2020,3.59,67
195297,Long Day's Journey Into Night (2018),2018,3.59,95
26914,Trinity and Beyond (1995),1995,3.59,95
1965,Repo Man (1984),1984,3.59,6678
81355,"Employment, The (Empleo, El) (2008)",2008,3.59,56
177095,Hindi Medium (2017),2017,3.59,56
25938,Fort Apache (1948),1948,3.59,269
83976,"Trip, The (2010)",2010,3.59,555
83270,Made in Dagenham (2010),2010,3.59,258
201588,Toy Story 4 (2019),2019,3.59,2802
26119,"Naked Kiss, The (1964)",1964,3.59,163
4687,Billy Liar (1963),1963,3.59,214
7212,I Was a Male War Bride (1949),1949,3.59,338
25812,"Scarlet Pimpernel, The (1934)",1934,3.59,62
5494,"Earth Trembles, The (Terra trema: Episodio del mare, La) (1948)",1948,3.59,62
64957,"Curious Case of Benjamin Button, The (2008)",2008,3.59,14997
37287,Gertrud (1964),1964,3.59,79
81562,127 Hours (2010),2010,3.59,9128
134214,Youth (2015),2015,3.59,791
30745,Gozu (Gokudô kyôfu dai-gekijô: Gozu) (2003),2003,3.59,243
2342,Hard Core Logo (1996),1996,3.59,260
8364,Baadasssss! (How to Get the Man's Foot Outta Your Ass) (2003),2003,3.59,328
4273,Under the Sand (2000),2000,3.59,379
2232,Cube (1997),1997,3.59,9216
45533,Conspirators of Pleasure (Spiklenci slasti) (1996),1996,3.59,68
211,"Browning Version, The (1994)",1994,3.59,590
30848,"Love Song for Bobby Long, A (2004)",2004,3.59,522
59418,"American Crime, An (2007)",2007,3.59,369
3682,Magnum Force (1973),1973,3.59,1796
258881,C'mon C'mon (2021),2021,3.59,199
72037,Darkness/Light/Darkness (Tma/Svetlo/Tma) (1989),1989,3.59,74
93164,Sleep Tight (Mientras duermes) (2011),2011,3.59,336
271313,Official Competition (2021),2021,3.59,57
2968,Time Bandits (1981),1981,3.59,9252
54833,Brighton Rock (1947),1947,3.59,80
49615,Triad Election (Election 2) (Hak se wui yi wo wai kwai) (2006),2006,3.59,103
117,"Young Poisoner's Handbook, The (1995)",1995,3.59,1261
27246,If These Walls Could Talk 2 (2000),2000,3.59,92
275669,What Is a Woman? (2022),2022,3.59,69
34,Babe (1995),1995,3.59,35969
26349,Night Moves (1975),1975,3.59,398
4428,"Misfits, The (1961)",1961,3.59,381
2890,Three Kings (1999),1999,3.59,13609
171467,The Age of Shadows (2016),2016,3.59,81
47723,Way Out West (1937),1937,3.59,110
5190,Inside Moves (1980),1980,3.59,58
8710,Map of the Human Heart (1993),1993,3.59,151
6565,Seabiscuit (2003),2003,3.59,6055
139747,Before We Go (2014),2014,3.59,384
93432,Forks Over Knives (2011),2011,3.59,198
195733,Trevor Noah: Son of Patricia (2018),2018,3.59,70
123589,The Major (2013),2013,3.59,70
106489,"Hobbit: The Desolation of Smaug, The (2013)",2013,3.59,12175
217465,Tenet (2020),2020,3.59,4332
81191,Waiting for 'Superman' (2010),2010,3.59,403
5633,Heaven (2002),2002,3.59,590
281890,This Place Rules (2022),2022,3.59,76
617,"Flower of My Secret, The (La flor de mi secreto) (1995)",1995,3.59,573
8596,Revenge of the Pink Panther (1978),1978,3.59,1293
54621,Molière (2007),2007,3.59,82
92637,Pitfall (Otoshiana) (1962),1962,3.59,82
5646,Valmont (1989),1989,3.59,586
55726,"Year My Parents Went on Vacation, The (O Ano em Que Meus Pais Saíram de Férias) (2006)",2006,3.59,88
97870,"Sessions, The (Surrogate, The) (2012)",2012,3.59,440
5707,Absence of Malice (1981),1981,3.59,734
99917,Upstream Color (2013),2013,3.59,1151
6182,"Thrill of It All, The (1963)",1963,3.59,94
42730,Glory Road (2006),2006,3.59,723
230,Dolores Claiborne (1995),1995,3.59,7528
1306,Until the End of the World (Bis ans Ende der Welt) (1991),1991,3.58,1148
2627,Endurance (1999),1999,3.58,106
1564,For Roseanna (Roseanna's Grave) (1997),1997,3.58,277
31347,Christmas in July (1940),1940,3.58,118
7763,Winter Sleepers (Winterschläfer) (2000),2000,3.58,124
101971,Never Sleep Again: The Elm Street Legacy (2010),2010,3.58,83
62203,Martyrs (2008),2008,3.58,1103
62374,Body of Lies (2008),2008,3.58,2771
264135,The Hand of God (2021),2021,3.58,190
8796,"Funny Thing Happened on the Way to the Forum, A (1966)",1966,3.58,481
82527,Barney's Version (2010),2010,3.58,410
7888,How to Succeed in Business Without Really Trying (1967),1967,3.58,321
791,"Last Klezmer: Leopold Kozlowski, His Life and Music, The (1994)",1994,3.58,113
143367,Silence (2016),2016,3.58,1114
7360,Dawn of the Dead (2004),2004,3.58,7053
114060,The Drop (2014),2014,3.58,1265
100527,Safe Haven (2013),2013,3.58,849
191113,Jim Jefferies: This Is Me Now (2018),2018,3.58,78
135504,Little Boy (2015),2015,3.58,156
7172,Distant (Uzak) (2002),2002,3.58,156
25828,"Petrified Forest, The (1936)",1936,3.58,264
3125,"End of the Affair, The (1999)",1999,3.58,1272
26539,Death of a Salesman (1985),1985,3.58,138
151693,Holy Hell,,3.58,72
117887,Paddington (2014),2014,3.58,1515
1982,Halloween (1978),1978,3.58,9347
95939,"Angels' Share, The (2012)",2012,3.58,241
197529,The Upside (2019),2019,3.58,458
2310,"Mighty, The (1998)",1998,3.58,1002
67087,"I Love You, Man (2009)",2009,3.58,5312
32349,Stella Dallas (1937),1937,3.58,127
8601,Zero de conduite (Zero for Conduct) (Zéro de conduite: Jeunes diables au collège) (1933),1933,3.58,230
73117,Marriage Italian Style (Matrimonio all'italiana) (1964),1964,3.58,109
55159,Vengeance is Mine (Fukushu suruwa wareniari) (1979),1979,3.58,109
286355,Beau Is Afraid (2023),2023,3.58,206
179301,Salyut 7 (2017),2017,3.58,103
773,Touki Bouki (1973),1973,3.58,79
6241,Pauline at the Beach (Pauline à la Plage) (1983),1983,3.58,237
129013,Eddie Izzard: Circle (2002),2002,3.58,73
31035,Testament (1983),1983,3.58,219
80831,Let Me In (2010),2010,3.58,1570
103210,Fullmetal Alchemist: The Sacred Star of Milos (2011),2011,3.58,274
161240,Looking: The Movie (2016),2016,3.58,67
68153,Double Trouble (1984),1984,3.58,67
4085,Beverly Hills Cop (1984),1984,3.58,13714
8910,I Heart Huckabees (2004),2004,3.58,4821
42718,District 13 (Banlieue 13) (2004),2004,3.58,1766
166245,Good Kids (2016),2016,3.58,55
44937,"Child, The (L'enfant) (2005)",2005,3.58,385
151597,Racing Extinction (2015),2015,3.58,55
1546,Schizopolis (1996),1996,3.58,495
198801,Mr. Jones (2019),2019,3.58,104
4128,"Lost Boys, The (1987)",1987,3.58,6979
41699,"Ivan the Terrible, Part Two (Ivan Groznyy II: Boyarsky zagovor) (1958)",1958,3.58,98
1321,"American Werewolf in London, An (1981)",1981,3.58,8866
93570,Bedevilled (Kim Bok-nam salinsageonui jeonmal) (2010),2010,3.58,141
681,Coup de torchon (Clean Slate) (1981),1981,3.58,381
56587,"Bucket List, The (2007)",2007,3.58,5668
8366,Saved! (2004),2004,3.58,2938
79824,Babies (Bébé(s)) (2010),2010,3.58,185
1310,Hype! (1996),1996,3.58,395
7702,"Bells of St. Mary's, The (1945)",1945,3.58,247
5073,"Son's Room, The (Stanza del figlio, La) (2001)",2001,3.58,489
2721,Trick (1999),1999,3.58,670
51080,Breach (2007),2007,3.58,1670
74573,"Vicious Kind, The (2009)",2009,3.58,149
3408,Erin Brockovich (2000),2000,3.58,21645
53550,Rescue Dawn (2006),2006,3.58,1615
6506,Fulltime Killer (Chuen jik sat sau) (2001),2001,3.58,261
45172,23 (23 - Nichts ist so wie es scheint) (1998),1998,3.58,87
2857,Yellow Submarine (1968),1968,3.58,4671
3985,"Eagle Has Landed, The (1976)",1976,3.58,841
2080,Lady and the Tramp (1955),1955,3.58,12430
583,Dear Diary (Caro Diario) (1994),1994,3.58,293
72171,Black Dynamite (2009),2009,3.58,823
33237,San Francisco (1936),1936,3.58,75
86206,Dark City (1950),1950,3.58,50
47778,Quinceañera (2006),2006,3.58,163
60336,Bad Blood (Mauvais sang) (1986),1986,3.58,113
115973,Haider (2014),2014,3.58,88
39369,Detective Story (1951),1951,3.58,88
107052,"Punk Singer, The (2013)",2013,3.58,63
86279,Into Eternity (2010),2010,3.58,63
180297,The Disaster Artist (2017),2017,3.58,2055
5826,Rio Grande (1950),1950,3.58,449
32196,"Violent Cop (Sono otoko, kyôbô ni tsuki) (1989)",1989,3.58,209
159606,Kapoor and Sons (2016),2016,3.58,57
192385,A Star Is Born (2018),2018,3.58,2825
4186,"Fortune Cookie, The (1966)",1966,3.58,470
4640,Brother (2000),2000,3.58,713
2278,Ronin (1998),1998,3.58,11672
65216,Defiance (2008),2008,3.58,1804
50477,"Testament of Orpheus, The (Testament d'Orphée) (1960)",1960,3.58,51
40828,"Story of Floating Weeds, A (Ukikusa monogatari) (1934)",1934,3.58,51
32369,Panic in the Streets (1950),1950,3.58,153
66317,Comet in Moominland (1992),1992,3.58,109
34032,Modigliani (2004),2004,3.58,58
159191,Julieta (2016),2016,3.58,239
31188,"Milky Way, The (Voie lactée, La) (1969)",1969,3.58,84
108825,"Young and Prodigious T.S. Spivet, The (L'extravagant voyage du jeune et prodigieux T.S. Spivet) (2013)",2013,3.58,194
72733,Invictus (2009),2009,3.58,2367
6636,"Sure Thing, The (1985)",1985,3.58,1044
200332,Rocketman (2019),2019,3.58,1435
7488,Berkeley in the '60s (1990),1990,3.58,52
32875,Holiday (Jour de fête) (1949),1949,3.58,117
4166,Series 7: The Contenders (2001),2001,3.58,663
1133,Talking About Sex (1994),1994,3.58,104
26085,Mutiny on the Bounty (1962),1962,3.58,371
7827,Cypher (2002),2002,3.58,1154
212016,Hair Love (2019),2019,3.58,85
25945,They Live by Night (1949),1949,3.58,157
7040,To Live and Die in L.A. (1985),1985,3.58,872
44974,Hard Candy (2005),2005,3.58,3462
26116,"Hush... Hush, Sweet Charlotte (1964)",1964,3.58,276
5673,Punch-Drunk Love (2002),2002,3.58,8268
73854,"Rudolph, the Red-Nosed Reindeer (1964)",1964,3.58,855
26463,Barefoot Gen (Hadashi no Gen) (1983),1983,3.58,125
74787,My Name is Khan (2010),2010,3.58,441
161032,The Grandmother (1970),1970,3.58,79
8302,"Front Page, The (1931)",1931,3.58,112
3920,"Faraway, So Close (In weiter Ferne, so nah!) (1993)",1993,3.58,383
8989,Damn Yankees! (1958),1958,3.58,218
4399,"Diary of a Chambermaid (Journal d'une femme de chambre, Le) (1964)",1964,3.58,225
3150,"War Zone, The (1999)",1999,3.58,364
27788,"Jacket, The (2005)",2005,3.58,2385
4151,"Taste of Others, The (Le goût des autres) (2000)",2000,3.58,431
594,Snow White and the Seven Dwarfs (1937),1937,3.58,20567
68159,State of Play (2009),2009,3.58,1958
5329,"Salton Sea, The (2002)",2002,3.58,1189
6003,Confessions of a Dangerous Mind (2002),2002,3.58,3636
3526,Parenthood (1989),1989,3.58,5425
226580,The Kid Detective (2020),2020,3.58,173
8981,Closer (2004),2004,3.58,5600
25840,"Prisoner of Zenda, The (1937)",1937,3.58,80
1889,Insomnia (1997),1997,3.57,1798
66785,"Good, the Bad, the Weird, The (Joheunnom nabbeunnom isanghannom) (2008)",2008,3.57,677
2353,Enemy of the State (1998),1998,3.57,18246
2321,Pleasantville (1998),1998,3.57,15417
127044,Fantomas vs. Scotland Yard (Fantômas contre Scotland Yard) (1967),1967,3.57,74
8875,"Come Back, Little Sheba (1952)",1952,3.57,108
81229,Red (2010),2010,3.57,7308
8395,"Last of Sheila, The (1973)",1973,3.57,176
192265,The Witch: Part 1. The Subversion (2018),2018,3.57,88
58998,Forgetting Sarah Marshall (2008),2008,3.57,9638
147244,Magicians (1982),1982,3.57,61
50517,Time (Shi gan) (2006),2006,3.57,183
120827,The Hound of the Baskervilles (1988),1988,3.57,68
187583,The Game Changers (2018),2018,3.57,102
7300,Vanishing Point (1971),1971,3.57,510
101074,"Legend of Sleepy Hollow, The (1949)",1949,3.57,184
1350,"Omen, The (1976)",1976,3.57,6814
190305,A Prayer Before Dawn (2018),2018,3.57,130
3047,Experience Preferred... But Not Essential (1982),1982,3.57,89
56095,XXY (2007),2007,3.57,158
176523,Goodbye Christopher Robin (2017),2017,3.57,165
1693,Amistad (1997),1997,3.57,5255
90071,"Music Never Stopped, The (2011)",2011,3.57,62
45950,"Inconvenient Truth, An (2006)",2006,3.57,4026
139148,Bajrangi Bhaijaan (2015),2015,3.57,138
941,"Mark of Zorro, The (1940)",1940,3.57,1009
74545,"Ghost Writer, The (2010)",2010,3.57,2655
142084,Welcome to Leith (2015),2015,3.57,90
68872,Paisan (Paisà) (1946),1946,3.57,111
8915,Stage Beauty (2004),2004,3.57,340
5000,Medium Cool (1969),1969,3.57,160
7028,Quick Change (1990),1990,3.57,807
6898,Sweet Sixteen (2002),2002,3.57,362
83369,"Way Back, The (2010)",2010,3.57,857
26283,Charley Varrick (1973),1973,3.57,230
2654,"Wolf Man, The (1941)",1941,3.57,1102
48741,"U.S. vs. John Lennon, The (2006)",2006,3.57,203
167746,The Lego Batman Movie (2017),2017,3.57,2296
7992,Cockfighter (1974),1974,3.57,56
42197,Keeping Mum (2005),2005,3.57,680
26178,Two for the Road (1967),1967,3.57,225
157274,The Choice (2016),2016,3.57,211
5650,Strange Brew (1983),1983,3.57,1703
25759,October (1928),1928,3.57,106
26249,They Call Me Trinity (1971),1971,3.57,304
8732,"Belly of an Architect, The (1987)",1987,3.57,156
8332,Sunday Bloody Sunday (1971),1971,3.57,149
196801,"Ruben Brandt, Collector (2018)",2018,3.57,71
187231,American Animals (2018),2018,3.57,590
142450,Puella Magi Madoka Magica the Movie Part III: Rebellion (2013),2013,3.57,128
3932,"Invisible Man, The (1933)",1933,3.57,1750
8730,To End All Wars (2001),2001,3.57,185
127021,Rewind This! (2013),2013,3.57,57
3102,Jagged Edge (1985),1985,3.57,1563
48638,Fellini's Casanova (Il Casanova di Federico Fellini) (1976),1976,3.57,100
107304,Gurren Lagann: Childhood's End (Gekijô ban Tengen toppa guren ragan: Guren hen) (2008),2008,3.57,50
6333,X2: X-Men United (2003),2003,3.57,24680
111924,"Grand Seduction, The (2013)",2013,3.57,193
4191,Alfie (1966),1966,3.57,801
3076,Irma la Douce (1963),1963,3.57,694
3723,Hamlet (1990),1990,3.57,2112
55872,August Rush (2007),2007,3.57,1547
59,"Confessional, The (Confessionnal, Le) (1995)",1995,3.57,194
25752,"Freshman, The (1925)",1925,3.57,151
56015,Kansas City Confidential (1952),1952,3.57,108
27812,Festival Express (2003),2003,3.57,101
26294,My Name Is Nobody (Il Mio nome è Nessuno) (1973),1973,3.57,426
205383,El Camino: A Breaking Bad Movie (2019),2019,3.57,2152
5152,We Were Soldiers (2002),2002,3.57,4745
5258,George Washington (2000),2000,3.57,354
34271,Hustle & Flow (2005),2005,3.57,1035
8845,No End (Bez konca) (1985),1985,3.57,58
60046,"Children of Huang Shi, The (2008)",2008,3.57,87
108787,Tom at the Farm (Tom à la ferme) (2013),2013,3.57,167
2725,Twin Falls Idaho (1999),1999,3.57,683
2626,Edge of Seventeen (1998),1998,3.57,320
180,Mallrats (1995),1995,3.57,9714
95298,Woochi: The Demon Slayer (2009),2009,3.57,51
26104,Murder at the Gallop (1963),1963,3.57,51
110678,Bears (2014),2014,3.57,51
26083,"Loneliness of the Long Distance Runner, The (1962)",1962,3.57,153
1645,The Devil's Advocate (1997),1997,3.57,16718
2870,Barefoot in the Park (1967),1967,3.57,1416
163056,Shin Godzilla (2016),2016,3.57,402
48682,Offside (2006),2006,3.57,117
3706,Angel Heart (1987),1987,3.57,3338
71304,Thirst (Bakjwi) (2009),2009,3.57,748
51931,Reign Over Me (2007),2007,3.57,1417
3479,Ladyhawke (1985),1985,3.57,4059
229,Death and the Maiden (1994),1994,3.57,2532
145839,Concussion (2015),2015,3.57,700
568,Bhaji on the Beach (1993),1993,3.57,391
206393,Promare (2019),2019,3.57,96
803,Walking and Talking (1996),1996,3.57,606
5001,Sahara (1943),1943,3.57,244
7077,Way Down East (1920),1920,3.57,74
101527,Into the White (Cross of Honour) (2012),2012,3.57,111
151707,The Eagle Huntress (2016),2016,3.57,74
221886,Shiva Baby (2020),2020,3.57,304
61323,Burn After Reading (2008),2008,3.57,10946
92509,"Vow, The (2012)",2012,3.57,1351
92243,"Flowers of War, The (Jin líng shí san chai) (2011)",2011,3.57,312
58490,Miss Pettigrew Lives for a Day (2008),2008,3.57,691
200354,The Highwaymen (2019),2019,3.57,640
3685,Prizzi's Honor (1985),1985,3.57,2354
108078,Chinese Puzzle (Casse-tête chinois) (2013),2013,3.57,164
5072,Metropolis (2001),2001,3.57,1797
54185,Manufactured Landscapes (2006),2006,3.57,97
4916,Midway (1976),1976,3.57,612
27370,Late Night Shopping (2001),2001,3.57,90
202431,Queen of Hearts (2019),2019,3.57,60
37545,Woyzeck (1979),1979,3.57,210
27850,"Yes Men, The (2003)",2003,3.57,473
89535,"Havre, Le (2011)",2011,3.57,308
7037,High Heels (Tacones lejanos) (1991),1991,3.57,301
3510,Frequency (2000),2000,3.57,9326
106983,Young & Beautiful (2013),2013,3.57,271
204878,Dolemite Is My Name (2019),2019,3.57,670
102062,"Band Called Death, A (2012)",2012,3.57,83
1051,Trees Lounge (1996),1996,3.57,1449
7225,Pumping Iron (1977),1977,3.57,605
3873,Cat Ballou (1965),1965,3.57,1400
141538,Assassination (2015),2015,3.57,53
27736,Take My Eyes (Te doy mis ojos) (2003),2003,3.57,53
26051,"Nun's Story, The (1959)",1959,3.57,106
179749,Creep 2 (2017),2017,3.57,447
115147,The Best of Me (2014),2014,3.57,387
286777,BlackBerry (2023),2023,3.57,129
280866,She Said (2022),2022,3.57,114
7896,Ride the High Country (1962),1962,3.57,274
108727,Nymphomaniac: Volume I (2013),2013,3.57,1759
6731,Day of the Dead (1985),1985,3.57,1906
133389,Piku (2015),2015,3.57,122
42900,Cul-de-sac (1966),1966,3.57,229
5051,Italian for Beginners (Italiensk for begyndere) (2000),2000,3.57,1054
171751,Munna bhai M.B.B.S. (2003),2003,3.57,130
165959,Alesha Popovich and Tugarin the Dragon (2004),2004,3.57,92
3599,Anchors Aweigh (1945),1945,3.57,575
21,Get Shorty (1995),1995,3.57,24829
8695,"Bachelor and the Bobby-Soxer, The (1947)",1947,3.57,246
9013,Secret Honor (1984),1984,3.56,100
5544,Time After Time (1979),1979,3.56,947
33487,Samaritan Girl (Samaria) (2004),2004,3.56,154
37475,"Unfinished Life, An (2005)",2005,3.56,586
165639,While You Were Fighting: A Thor Mockumentary (2016),2016,3.56,162
118702,Unbroken (2014),2014,3.56,1188
6881,Pieces of April (2003),2003,3.56,1479
89638,Nothing Personal (2009),2009,3.56,62
6837,Love Affair (1939),1939,3.56,132
51287,Mad Love (1935),1935,3.56,101
99530,Rurouni Kenshin (Rurôni Kenshin: Meiji kenkaku roman tan) (2012),2012,3.56,210
166940,This Beautiful Fantastic (2016),2016,3.56,140
53161,"I'm a Cyborg, But That's OK (Saibogujiman kwenchana) (2006)",2006,3.56,576
69574,Phoebe in Wonderland (2008),2008,3.56,195
209311,Waves (2020),2020,3.56,180
6140,Tenebre (1982),1982,3.56,439
1696,Bent (1997),1997,3.56,283
7002,Mindwalk (1990),1990,3.56,118
1542,Brassed Off (1996),1996,3.56,2232
1286,Somewhere in Time (1980),1980,3.56,2374
26252,"New Leaf, A (1971)",1971,3.56,150
39659,Teorema (1968),1968,3.56,150
4429,Moby Dick (1956),1956,3.56,498
7935,Face to Face (Ansikte mot ansikte) (1976),1976,3.56,87
412,"Age of Innocence, The (1993)",1993,3.56,4809
7914,Berlin: Symphony of a Great City (Berlin: Die Sinfonie der Großstadt) (1927),1927,3.56,95
26732,Johnny Stecchino (1991),1991,3.56,111
67223,Sugar (2008),2008,3.56,135
26222,Dodes'ka-den (Clickety-Clack) (1970),1970,3.56,143
47644,Invincible (2006),2006,3.56,1313
45183,"Protector, The (a.k.a. Warrior King) (Tom yum goong) (2005)",2005,3.56,565
109189,Endless Love (2014),2014,3.56,207
3569,"Idiots, The (Idioterne) (1998)",1998,3.56,1128
106471,One Piece Film: Strong World (2009),2009,3.56,72
163496,The Tunnel (2016),2016,3.56,88
129749,The Connection (2014),2014,3.56,64
4440,"Big Boss, The (Fists of Fury) (Tang shan da xiong) (1971)",1971,3.56,624
112421,Frank (2014),2014,3.56,1158
5630,Red Dragon (2002),2002,3.56,9011
100882,Journey to the West: Conquering the Demons (Daai wa sai you chi Chui mo chun kei) (2013),2013,3.56,169
5956,Gangs of New York (2002),2002,3.56,13844
8496,"Panic in Needle Park, The (1971)",1971,3.56,282
220362,Uncle Frank (2020),2020,3.56,129
159451,Graduation (2016),2016,3.56,129
170809,The Spacewalker (2017),2017,3.56,97
5038,"Flight of Dragons, The (1982)",1982,3.56,259
3894,Solas (1999),1999,3.56,162
117877,The Rabbi's Cat (Le chat du rabbin) (2011),2011,3.56,73
81910,"Art of the Steal, The (2009)",2009,3.56,130
2087,Peter Pan (1953),1953,3.56,9056
4017,Pollock (2000),2000,3.56,2310
4323,"Horse Soldiers, The (1959)",1959,3.56,237
6545,I Capture the Castle (2003),2003,3.56,344
84855,Desert Flower (2009),2009,3.56,107
156371,Everybody Wants Some (2016),2016,3.56,677
5769,Modern Romance (1981),1981,3.56,190
97752,Cloud Atlas (2012),2012,3.56,8065
93855,God Bless America (2011),2011,3.56,1025
32316,"River, The (1951)",1951,3.56,124
25905,"Miracle of Morgan's Creek, The (1944)",1944,3.56,124
213914,Greyhound (2020),2020,3.56,794
54281,Charlie Bartlett (2007),2007,3.56,1308
8493,Memphis Belle (1990),1990,3.56,1549
33401,"Adventurer, The (1917)",1917,3.56,58
78268,Tales from the Golden Age (Amintiri din epoca de aur) (2009),2009,3.56,58
1120,"People vs. Larry Flynt, The (1996)",1996,3.56,9830
2096,Sleeping Beauty (1959),1959,3.56,8373
74089,Peter Pan (1960),1960,3.56,175
84407,Dog Pound (2010),2010,3.56,100
86750,"Robber, The (Der Räuber) (2010)",2010,3.56,50
253536,Black Box (2021),2021,3.56,50
757,Ashes of Time (Dung che sai duk) (1994),1994,3.56,317
273133,Hustle (2022),2022,3.56,529
166015,The African Doctor (2016),2016,3.56,59
769,Marlene Dietrich: Shadow and Light (1996),1996,3.56,135
100277,Tabu (2012),2012,3.56,76
205076,Downton Abbey (2019),2019,3.56,397
112623,Dawn of the Planet of the Apes (2014),2014,3.56,7168
6727,Targets (1968),1968,3.56,237
6641,Code Unknown (Code inconnu: Récit incomplet de divers voyages) (2000),2000,3.56,237
32770,Brothers (Brødre) (2004),2004,3.56,195
77629,Reindeerspotting - Pako joulumaasta (2010),2010,3.56,170
208971,Fantastic Fungi (2018),2018,3.56,102
168058,The King's Choice (2016),2016,3.56,51
47670,"Syrian Bride, The (2004)",2004,3.56,51
164455,Tschick (2016),2016,3.56,51
194929,Constantine: City of Demons - The Movie (2018),2018,3.56,51
1025,"Sword in the Stone, The (1963)",1963,3.56,6830
197711,Us (2019),2019,3.56,3560
138208,The Walk (2015),2015,3.56,1062
44595,Resurrection (1980),1980,3.56,60
83322,"Boat, The (1921)",1921,3.56,60
5670,Comedian (2002),2002,3.56,686
2355,"Bug's Life, A (1998)",1998,3.56,26736
452,Widows' Peak (1994),1994,3.56,1188
164931,The Siege of Jadotville (2016),2016,3.56,267
118900,Wild (2014),2014,3.56,1413
27674,11:14 (2003),2003,3.56,974
25906,Mr. Skeffington (1944),1944,3.56,69
5444,Lilo & Stitch (2002),2002,3.56,9472
118898,A Most Violent Year (2014),2014,3.56,943
147246,Adventures of Mowgli (1973),1973,3.56,78
78278,No One Knows About Persian Cats (Kasi az gorbehaye irani khabar nadareh) (2009),2009,3.56,52
80097,Mother Joan of the Angels (Matka Joanna od aniolów) (1961),1961,3.56,52
4276,Lost in America (1985),1985,3.56,808
139575,Baahubali: The Beginning (2015),2015,3.56,226
7352,Wilbur Wants to Kill Himself (2002),2002,3.56,357
27790,Millions (2004),2004,3.56,1202
128918,Mike Birbiglia: What I Should Have Said Was Nothing (2008),2008,3.56,61
183597,Please Stand By (2017),2017,3.56,122
51834,Becoming Jane (2007),2007,3.56,1169
81564,Megamind (2010),2010,3.56,8179
96304,Hara-Kiri: Death of a Samurai (2011),2011,3.56,79
50160,Miss Potter (2006),2006,3.56,676
40955,Breakfast on Pluto (2005),2005,3.56,439
206451,Bad Education (2019),2019,3.56,335
36373,Comrades: Almost a Love Story (Tian mi mi) (1996),1996,3.56,53
177497,Hostiles (2017),2017,3.56,645
2572,10 Things I Hate About You (1999),1999,3.56,16876
244492,Wish Dragon (2021),2021,3.56,124
79769,Raajneeti (2010),2010,3.56,62
55094,In the Valley of Elah (2007),2007,3.56,1130
6682,Earth (1998),1998,3.56,89
991,Michael Collins (1996),1996,3.56,2647
963,"Inspector General, The (1949)",1949,3.56,562
6526,Rhapsody in August (Hachi-gatsu no kyôshikyoku) (1991),1991,3.56,134
195303,Shadow (2018),2018,3.56,152
5014,I Am Sam (2001),2001,3.56,4849
42938,Confidentially Yours (Vivement dimanche!) (1983),1983,3.56,54
79477,Taking Off (1971),1971,3.56,54
90243,Three Outlaw Samurai (Sanbiki no samurai) (1964),1964,3.56,54
6047,Dead Reckoning (1947),1947,3.56,153
8448,ComDads (les Compères) (1983),1983,3.56,63
110273,Diplomacy (Diplomatie) (2014),2014,3.56,54
56432,"Swimming Pool, The (La piscine) (1969)",1969,3.56,108
6516,Anastasia (1956),1956,3.56,279
2137,Charlotte's Web (1973),1973,3.56,6170
448,Fearless (1993),1993,3.56,3097
385,"Man of No Importance, A (1994)",1994,3.56,127
62250,Gomorrah (Gomorra) (2008),2008,3.56,717
4856,Destiny in Space (1994),1994,3.55,73
3576,"Hidden, The (1987)",1987,3.55,1373
8718,"Snake Pit, The (1948)",1948,3.55,174
42725,Grandma's Boy (2006),2006,3.55,1971
7219,They Drive by Night (1940),1940,3.55,166
4605,How to Get Ahead in Advertising (1989),1989,3.55,498
110387,"Unknown Known, The (2013)",2013,3.55,120
116155,Still Life (2013),2013,3.55,65
130618,Baby (2015),2015,3.55,93
2439,Affliction (1997),1997,3.55,1704
100440,Lore (2012),2012,3.55,177
204836,The Art of Racing in the Rain (2019),2019,3.55,140
8736,Out of the Blue (1980),1980,3.55,56
70728,Bronson (2009),2009,3.55,1561
1364,Zero Kelvin (Kjærlighetens kjøtere) (1995),1995,3.55,103
27838,Mean Creek (2004),2004,3.55,902
25774,"Golden Age, The (Âge d'Or, L') (1930)",1930,3.55,329
27636,Herr Lehmann (2003),2003,3.55,132
6441,Battle of Britain (1969),1969,3.55,396
32234,Julia (1977),1977,3.55,151
25891,Heaven Can Wait (1943),1943,3.55,293
79318,Winnebago Man (2009),2009,3.55,265
72485,Lemon Tree (2008),2008,3.55,76
239490,The Map of Tiny Perfect Things (2021),2021,3.55,247
139861,Ghost in the Shell Arise - Border 3: Ghost Tears (2014),2014,3.55,114
49286,"Holiday, The (2006)",2006,3.55,5408
4833,"Changeling, The (1980)",1980,3.55,884
175661,The Hitman's Bodyguard (2017),2017,3.55,2322
92694,Perfect Sense (2011),2011,3.55,533
74624,Agora (2009),2009,3.55,697
5949,Intact (Intacto) (2001),2001,3.55,421
80860,Life as We Know It (2010),2010,3.55,1476
8451,Blackboard Jungle (1955),1955,3.55,326
120392,Comet (2014),2014,3.55,240
174909,Logan Lucky (2017),2017,3.55,1855
6454,Music Box (1989),1989,3.55,231
162990,PSYCHO-PASS: The Movie (2016),2016,3.55,77
6849,Scrooge (1970),1970,3.55,260
82926,Klown: The Movie (Klovn) (2010),2010,3.55,106
2987,Who Framed Roger Rabbit? (1988),1988,3.55,25451
74204,Mad Detective (Sun taam) (2007),2007,3.55,116
8610,All of Me (1984),1984,3.55,1083
182557,Psych: The Movie (2017),2017,3.55,97
1937,Going My Way (1944),1944,3.55,593
6344,101 Reykjavik (101 Reykjavík) (2000),2000,3.55,518
3655,Blow-Out (La grande bouffe) (1973),1973,3.55,421
2673,Eternity and a Day (Mia aoniotita kai mia mera) (1998),1998,3.55,196
188697,Happy as Lazzaro (2018),2018,3.55,167
165413,Borrowed Time (2016),2016,3.55,59
131433,Confession of Murder (2012),2012,3.55,118
72479,"Messenger, The (2009)",2009,3.55,502
153931,Eega (2012),2012,3.55,69
195315,Le Grand Bain (2018),2018,3.55,69
69498,La Ronde (1950),1950,3.55,69
69,Friday (1995),1995,3.55,5039
162598,Deepwater Horizon (2016),2016,3.55,1460
30850,"Merchant of Venice, The (2004)",2004,3.55,849
1290,Some Kind of Wonderful (1987),1987,3.55,2627
477,What's Love Got to Do with It? (1993),1993,3.55,4545
27067,"Pentagon Wars, The (1998)",1998,3.55,99
31485,"Professionals, The (1966)",1966,3.55,248
128671,Timbuktu (2014),2014,3.55,159
2744,Otello (1986),1986,3.55,239
91077,"Descendants, The (2011)",2011,3.55,3579
87413,Bernie (1996),1996,3.55,50
4761,Diamond Men (2001),2001,3.55,130
128089,Kevin Hart: I'm a Grown Little Man (2009),2009,3.55,90
134334,Phir Hera Pheri (2006),2006,3.55,60
185571,I Can Only Imagine (2018),2018,3.55,80
162592,The Light Between Oceans (2016),2016,3.55,240
170947,Megan Leavey (2017),2017,3.55,150
715,"Horseman on the Roof, The (Hussard sur le toit, Le) (1995)",1995,3.55,626
93320,Trailer Park Boys (1999),1999,3.55,91
69654,Prison Break: The Final Break (2009),2009,3.55,273
189041,Sicario: Day of the Soldado (2018),2018,3.55,1285
31705,Beautiful Boxer (2003),2003,3.55,81
244368,Seaspiracy (2021),2021,3.55,81
189805,Papillon (2018),2018,3.55,314
1022,Cinderella (1950),1950,3.55,11226
31785,Frozen Land (Paha maa) (2005),2005,3.55,183
1019,"20,000 Leagues Under the Sea (1954)",1954,3.55,6375
6961,Damage (Fatale) (1992),1992,3.55,265
95088,Safety Not Guaranteed (2012),2012,3.55,2713
5601,"Yearling, The (1946)",1946,3.55,258
66544,Nuremberg (2000),2000,3.55,124
68173,Strike (Stachka) (1925),1925,3.55,93
63698,Three Monkeys (Üç maymun) (2008),2008,3.55,145
26616,Cobra Verde (1987),1987,3.55,145
51662,300 (2007),2007,3.55,24833
7814,Waterloo (1970),1970,3.55,83
41721,Look Both Ways (2005),2005,3.55,104
44597,Youth of the Beast (Yaju no seishun) (1963),1963,3.55,73
111389,Kid Cannabis (2014),2014,3.55,73
251738,Red Rocket (2021),2021,3.55,199
3538,East is East (1999),1999,3.55,1268
114277,God Help the Girl (2014),2014,3.55,84
4912,Funny Girl (1968),1968,3.55,1008
42958,Little Manhattan (2005),2005,3.55,294
1343,Cape Fear (1991),1991,3.55,10505
5122,Summer of '42 (1971),1971,3.55,410
39234,North Country (2005),2005,3.55,789
96969,"Magic of Belle Isle, The (2012)",2012,3.55,158
133767,Andaz Apna Apna (1994),1994,3.55,95
189475,The Miseducation of Cameron Post (2018),2018,3.55,264
207405,Doctor Sleep (2019),2019,3.55,1271
72672,Crows Zero II (Kurôzu Zero II) (2009),2009,3.55,53
47725,Angel-A (2005),2005,3.55,541
7933,"Night in Casablanca, A (1946)",1946,3.55,276
116660,Free Fall (2013),2013,3.55,202
1897,High Art (1998),1998,3.55,1096
54190,Across the Universe (2007),2007,3.55,2950
146672,The Gendarme of St. Tropez (1964),1964,3.55,107
3947,Get Carter (1971),1971,3.55,867
116004,Paradise: Love (2012),2012,3.55,75
1186,"Sex, Lies, and Videotape (1989)",1989,3.55,7403
3167,Carnal Knowledge (1971),1971,3.55,1173
66385,Taking Chance (2009),2009,3.55,205
142222,Demolition (2016),2016,3.55,885
1413,"Whole Wide World, The (1996)",1996,3.55,378
180211,Ghostwatch (1992),1992,3.55,54
531,"Secret Garden, The (1993)",1993,3.55,7845
39441,New York Doll (2005),2005,3.55,76
141749,The Danish Girl (2015),2015,3.55,1283
59188,Viva Zapata! (1952),1952,3.55,109
55805,Before the Devil Knows You're Dead (2007),2007,3.55,2039
1012,Old Yeller (1957),1957,3.55,3591
107649,Borgman (2013),2013,3.55,208
4175,Gray's Anatomy (1996),1996,3.55,263
53519,Death Proof (2007),2007,3.55,6248
5792,Roger Dodger (2002),2002,3.55,1053
112245,"Dirties, The (2013)",2013,3.55,77
188217,Summer (2018),2018,3.55,88
281056,The Swimmers (2022),2022,3.55,55
2776,"Marcello Mastroianni: I Remember Yes, I Remember (Marcello Mastroianni: mi ricordo, sì, io mi ricordo) (1997)",1997,3.55,121
112689,Miss Violence (2013),2013,3.55,66
91821,"Muppet Family Christmas, A (1987)",1987,3.55,121
5098,Dimples (1936),1936,3.55,55
74653,Shinjuku Incident (San suk si gin) (2009),2009,3.55,77
680,"Alphaville (Alphaville, une étrange aventure de Lemmy Caution) (1965)",1965,3.55,1389
84954,"Adjustment Bureau, The (2011)",2011,3.55,6681
89804,"Ides of March, The (2011)",2011,3.55,2878
37729,Corpse Bride (2005),2005,3.55,10006
69324,Flame and Citron (Flammen & Citronen) (2008),2008,3.55,266
69712,My Sister's Keeper (2009),2009,3.54,846
97057,Kon-Tiki (2012),2012,3.54,479
2348,Sid and Nancy (1986),1986,3.54,2563
767,"Grass Harp, The (1995)",1995,3.54,301
221632,Words on Bathroom Walls (2020),2020,3.54,67
4336,Nightwatch (Nattevagten) (1994),1994,3.54,593
7842,Dune (2000),2000,3.54,1859
5112,Last Orders (2001),2001,3.54,326
88837,"Trotsky, The (2009)",2009,3.54,135
103341,"World's End, The (2013)",2013,3.54,5491
90378,Tabloid (2010),2010,3.54,158
25767,"Man Who Laughs, The (1928)",1928,3.54,79
38198,Darwin's Nightmare (2004),2004,3.54,113
157851,Team Foxcatcher (2016),2016,3.54,147
388,Boys Life (1995),1995,3.54,546
91537,"Don't Worry, I'm Fine (Je vais bien, ne t'en fais pas) (2006)",2006,3.54,57
6378,"Italian Job, The (2003)",2003,3.54,17009
136602,Creep (2014),2014,3.54,961
5685,Real Women Have Curves (2002),2002,3.54,791
1660,Eve's Bayou (1997),1997,3.54,1263
244178,The Northman,,3.54,1206
68835,Were the World Mine (2008),2008,3.54,115
8025,The Thief (1997),1997,3.54,115
4086,"Big Easy, The (1987)",1987,3.54,1501
2437,Wilde (1997),1997,3.54,868
3844,Steel Magnolias (1989),1989,3.54,3674
5352,The Big Sleep (1978),1978,3.54,255
180265,Jim & Andy: The Great Beyond (2017),2017,3.54,429
214050,Saint Frances (2020),2020,3.54,58
64499,Che: Part One (2008),2008,3.54,581
4342,Big Eden (2000),2000,3.54,221
5994,Nicholas Nickleby (2002),2002,3.54,513
8574,"Claymation Christmas Celebration, A (1987)",1987,3.54,210
159161,Ali Wong: Baby Cobra (2016),2016,3.54,140
96667,Ai Weiwei: Never Sorry (2012),2012,3.54,129
4212,Death on the Nile (1978),1978,3.54,810
213900,Big Time Adolescence (2020),2020,3.54,141
5461,Me Without You (2001),2001,3.54,141
48342,Conversations with Other Women (2005),2005,3.54,247
223638,Feels Good Man (2020),2020,3.54,106
88646,"Cairo Station (a.k.a. Iron Gate, The) (Bab el hadid) (1958)",1958,3.54,59
8937,Friday Night Lights (2004),2004,3.54,1905
5688,Tully (2000),2000,3.54,142
6409,Bend of the River (1952),1952,3.54,142
3512,Return to Me (2000),2000,3.54,2938
122900,Ant-Man (2015),2015,3.54,10595
1059,William Shakespeare's Romeo + Juliet (1996),1996,3.54,12161
7377,"United States of Leland, The (2003)",2003,3.54,501
144618,All Things Must Pass: The Rise and Fall of Tower Records (2015),2015,3.54,60
141536,Veteran (2015),2015,3.54,60
107406,Snowpiercer (2013),2013,3.54,8582
8966,Kinsey (2004),2004,3.54,2353
3169,The Falcon and the Snowman (1985),1985,3.54,1774
97188,Sinister (2012),2012,3.54,2451
43910,Neil Young: Heart of Gold (2006),2006,3.54,133
8208,"Razor's Edge, The (1946)",1946,3.54,121
26612,"Better Tomorrow II, A (Ying hung boon sik II) (1987)",1987,3.54,109
108791,"Noordzee, Texas (North Sea Texas) (2011)",2011,3.54,97
91505,Clone (Womb) (2010),2010,3.54,158
183159,Sweet Country (2017),2017,3.54,73
7260,Latter Days (2003),2003,3.54,329
27391,"Laramie Project, The (2002)",2002,3.54,256
88339,"Four Times, The (Le Quattro Volte) (2010)",2010,3.54,61
51619,"Lathe of Heaven, The (1980)",1980,3.54,61
49130,"Good Year, A (2006)",2006,3.54,1076
45175,Kinky Boots (2005),2005,3.54,465
2366,King Kong (1933),1933,3.54,7284
1397,Bastard Out of Carolina (1996),1996,3.54,625
6785,Seven Brides for Seven Brothers (1954),1954,3.54,1032
94931,Take This Waltz (2011),2011,3.54,406
5882,Treasure Planet (2002),2002,3.54,3633
6743,Jungle Book (1942),1942,3.54,887
134332,Bhool Bhulaiyaa (2007),2007,3.54,74
193637,Giant Little Ones (2018),2018,3.54,74
95567,People Like Us (2012),2012,3.54,261
6972,"Watermelon Woman, The (1996)",1996,3.54,87
66762,Paris (2008),2008,3.54,137
143355,Wonder Woman (2017),2017,3.54,7710
89582,Cold Fish (Tsumetai nettaigyo) (2010),2010,3.54,187
7714,Camelot (1967),1967,3.54,350
26176,Titicut Follies (1967),1967,3.54,100
109455,Highway (2014) ,2014,3.54,50
31983,"Sicilian Clan, The (Clan des Siciliens, Le) (1969)",1969,3.54,50
132335,Breathe (2014),2014,3.54,75
109185,Night on the Galactic Railroad (Ginga-tetsudo no yoru) (1985),1985,3.54,50
34063,Gambit (1966),1966,3.54,100
4489,Coming to America (1988),1988,3.54,7193
192045,If Beale Street Could Talk (2018),2018,3.54,477
8604,Taxi (1998),1998,3.54,1521
7460,Coffee and Cigarettes (2003),2003,3.54,2251
5801,"Russians Are Coming, the Russians Are Coming, The (1966)",1966,3.54,566
26334,Thieves Like Us (1974),1974,3.54,63
112381,Metalhead (Málmhaus) (2013),2013,3.54,63
161127,The Infiltrator (2016),2016,3.54,668
62662,Tokyo-Ga (1985),1985,3.54,51
172461,Get Me Roger Stone (2017),2017,3.54,115
160201,La pazza gioia (2016),2016,3.54,64
2443,Playing by Heart (1998),1998,3.54,1307
96432,Lawless (2012),2012,3.54,1553
143657,The Invitation (2015),2015,3.54,1560
6160,Amandla! A Revolution in Four Part Harmony (2002),2002,3.54,78
3635,"Spy Who Loved Me, The (1977)",1977,3.54,5185
3726,Assault on Precinct 13 (1976),1976,3.54,1347
179137,Professor Marston & the Wonder Women (2017),2017,3.54,249
4695,Who'll Stop the Rain (1978),1978,3.54,118
50685,Waitress (2007),2007,3.54,1417
56145,"Mist, The (2007)",2007,3.54,5635
152123,James White (2015),2015,3.54,66
25742,Destiny (a.k.a. Between Two Worlds) (Der müde Tod) (1921),1921,3.54,66
2099,Song of the South (1946),1946,3.54,1550
241346,Doctor Who: The Time of the Doctor (2013),2013,3.54,53
188919,Billy's Balloon (1998),1998,3.54,53
157296,Finding Dory (2016),2016,3.54,5624
56379,"Maxed Out: Hard Times, Easy Credit and the Era of Predatory Lenders (2006)",2006,3.54,133
54967,"Hunting and Gathering (Ensemble, c'est tout) (2007)",2007,3.54,94
88744,Rise of the Planet of the Apes (2011),2011,3.54,11128
90428,Margaret (2011),2011,3.54,229
56671,"Go-Getter, The (2007)",2007,3.54,135
25951,In the Good Old Summertime (1949),1949,3.54,54
63276,Crows Zero (Kurôzu zero) (2007),2007,3.54,108
69458,Tyson (2008),2008,3.54,312
48501,G.O.R.A. (2004),2004,3.54,95
7243,Intolerance: Love's Struggle Throughout the Ages (1916),1916,3.54,299
95971,Dikkenek (2006),2006,3.54,68
27357,Old Men in New Cars (Gamle mænd i nye biler) (2002),2002,3.54,68
5023,"Waterdance, The (1992)",1992,3.54,245
25996,"Star Is Born, A (1954)",1954,3.54,286
31934,"Four Feathers, The (1939)",1939,3.54,178
98797,Barbara (2012),2012,3.54,178
199470,The Wolf's Call (2019),2019,3.54,137
524,Rudy (1993),1993,3.54,8155
1680,Sliding Doors (1998),1998,3.54,7639
25818,"Informer, The (1935)",1935,3.54,69
26422,Hair (1979),1979,3.54,637
5097,Bright Eyes (1934),1934,3.54,97
27416,Jalla! Jalla! (2000),2000,3.54,515
245136,The Fallout (2021),2021,3.54,98
82759,On the Silver Globe (Na srebrnym globie) (1988),1988,3.54,56
115965,Dead Man's Bluff (2005),2005,3.54,126
2081,"Little Mermaid, The (1989)",1989,3.54,17911
180985,The Greatest Showman (2017),2017,3.54,2198
2620,This Is My Father (1998),1998,3.54,240
26324,Harry and Tonto (1974),1974,3.54,113
1441,Benny & Joon (1993),1993,3.54,6353
98963,Neighbouring Sounds (O som ao redor) (2012),2012,3.54,85
178401,Lucky (2017),2017,3.54,241
88889,From Beijing with Love (1994),1994,3.54,71
1904,Henry Fool (1997),1997,3.54,982
3793,X-Men (2000),2000,3.54,40334
174859,120 Beats Per Minute (2017),2017,3.53,143
222,Circle of Friends (1995),1995,3.53,5936
44889,Reefer Madness: The Movie Musical (2005),2005,3.53,188
3204,"Boys from Brazil, The (1978)",1978,3.53,1522
116307,You're Not You (2014),2014,3.53,145
275841,Broker (2022),2022,3.53,58
4280,"World According to Garp, The (1982)",1982,3.53,2902
5682,"Grey Zone, The (2001)",2001,3.53,321
5577,Igby Goes Down (2002),2002,3.53,2909
26268,The Tall Blond Man with One Black Shoe (1972),1972,3.53,132
5907,Medea (1970),1970,3.53,88
204704,Ready or Not (2019),2019,3.53,1336
38881,Punishment Park (1971),1971,3.53,103
168806,The Other Side Of Hope (2017),2017,3.53,162
26271,Lady Sings the Blues (1972),1972,3.53,118
53022,Wheels on Meals (Kuai can che) (1984),1984,3.53,148
176933,The Foreigner (2017),2017,3.53,934
3446,Funny Bones (1995),1995,3.53,282
8400,Wish You Were Here (1987),1987,3.53,104
997,Caught (1996),1996,3.53,223
2764,"Thomas Crown Affair, The (1968)",1968,3.53,2856
2779,Heaven Can Wait (1978),1978,3.53,2446
140956,Ready Player One,,3.53,5971
112087,Frequencies (2013),2013,3.53,404
7118,Wings of Honneamise (Ôritsu uchûgun Oneamisu no tsubasa) (1987),1987,3.53,330
647,Courage Under Fire (1996),1996,3.53,8207
7199,Melvin Goes to Dinner (2003),2003,3.53,256
4475,"Beast of War, The (Beast, The) (1988)",1988,3.53,211
44929,Candy (2006),2006,3.53,513
2358,Savior (1998),1998,3.53,151
3174,Man on the Moon (1999),1999,3.53,9012
59141,Son of Rambow (2007),2007,3.53,716
175659,Detroit (2017),2017,3.53,305
183843,Mandy (2018),2018,3.53,1252
41136,"Driver, The (1978)",1978,3.53,214
3700,"Brother from Another Planet, The (1984)",1984,3.53,1106
4704,Hatari! (1962),1962,3.53,371
4874,K-PAX (2001),2001,3.53,10219
182387,Foxtrot (2017),2017,3.53,62
134180,Badlapur (2015),2015,3.53,62
38538,Speak (2004),2004,3.53,233
72557,"Film with Me in It, A (2008)",2008,3.53,78
127042,Fantomas Unleashed (Fantômas se déchaîne) (1965),1965,3.53,78
4176,Madadayo (a.k.a. Not Yet) (1993),1993,3.53,125
266008,South Park: Post Covid (2021),2021,3.53,94
147282,What Men Still Talk About (2011),2011,3.53,95
111921,The Fault in Our Stars (2014),2014,3.53,4491
160335,The Band Concert (1935),1935,3.53,64
279306,The Greatest Beer Run Ever (2022),2022,3.53,80
8202,"Golden Coach, The (Le carrosse d'or) (1953)",1953,3.53,64
26379,Jesus of Nazareth (1977),1977,3.53,144
6358,Kiss Me Kate (1953),1953,3.53,369
149406,Kung Fu Panda 3 (2016),2016,3.53,2850
2161,"NeverEnding Story, The (1984)",1984,3.53,12497
3255,"League of Their Own, A (1992)",1992,3.53,11506
4793,Montenegro (1981),1981,3.53,97
97779,Steve Jobs: The Lost Interview (2012),2012,3.53,65
106109,"Masquerade (Gwanghai, Wangyidoen namja) (2012)",2012,3.53,65
61009,Inside Paris (Dans Paris) (2006),2006,3.53,65
77496,Night Train to Munich (1941),1941,3.53,65
3213,Batman: Mask of the Phantasm (1993),1993,3.53,2227
128606,45 Years (2015),2015,3.53,359
177243,Marshall (2017),2017,3.53,180
189195,Matriculated (2003),2003,3.53,82
40732,"Descent, The (2005)",2005,3.53,4347
233,Exotica (1994),1994,3.53,3607
133802,Slow West (2015),2015,3.53,480
7415,"Late Show, The (1977)",1977,3.53,116
3461,Lord of the Flies (1963),1963,3.53,2888
2897,And the Ship Sails On (E la nave va) (1983),1983,3.53,233
6926,"Solid Gold Cadillac, The (1956)",1956,3.53,50
106916,American Hustle (2013),2013,3.53,6237
3078,Liberty Heights (1999),1999,3.53,801
99112,Jack Reacher (2012),2012,3.53,4780
114700,"Tribe, The (Plemya) (2014)",2014,3.53,117
126072,The Little Matchgirl (2006),2006,3.53,67
55207,Cashback (2004),2004,3.53,285
598,Window to Paris (Okno v Parizh) (1994),1994,3.53,168
4826,"Big Red One, The (1980)",1980,3.53,676
164981,Allied (2016),2016,3.53,983
89369,"Better Life, A (2011)",2011,3.53,119
243586,Operation Varsity Blues: The College Admissions Scandal (2021),2021,3.53,51
94649,"Clown, The (2011)",2011,3.53,51
4849,My First Mister (2001),2001,3.53,391
7205,"Wind and the Lion, The (1975)",1975,3.53,221
71518,Whip It (2009),2009,3.53,1556
522,Romper Stomper (1992),1992,3.53,1420
25762,"Unknown, The (a.k.a. Alonzo the Armless) (1927)",1927,3.53,137
151,Rob Roy (1995),1995,3.53,12868
3217,"Star Is Born, A (1937)",1937,3.53,481
8971,Veer Zaara (2004),2004,3.53,155
110194,Mistaken for Strangers (2013),2013,3.53,69
108647,It Boy (20 ans d'écart) (2013),2013,3.53,69
86973,John Rabe (2009),2009,3.53,52
147252,The Untold History of the United States (2013),2013,3.53,52
164540,Amanda Knox (2016),2016,3.53,365
173369,You Were Never Really Here (2017),2017,3.53,1479
8938,Tarnation (2003),2003,3.53,210
40583,Syriana (2005),2005,3.53,4311
49,When Night Is Falling (1995),1995,3.53,263
33722,Ladies in Lavender (2004),2004,3.53,211
2227,"Lodger: A Story of the London Fog, The (1927)",1927,3.53,317
7059,National Velvet (1944),1944,3.53,371
6466,Mississippi Masala (1991),1991,3.53,442
7889,Pat Garrett and Billy the Kid (1973),1973,3.53,408
69604,Whatever Works (2009),2009,3.53,1316
59126,Religulous (2008),2008,3.53,1727
81385,Of Gods and Men (Des hommes et des dieux) (2010),2010,3.53,196
165421,The Red Pill (2016),2016,3.53,125
6527,Scaramouche (1952),1952,3.53,125
7054,Little Women (1949),1949,3.53,250
3086,Babes in Toyland (1934),1934,3.53,501
2413,Clue (1985),1985,3.53,5769
4410,Something Wild (1986),1986,3.53,973
507,"Perfect World, A (1993)",1993,3.53,3565
2941,South Pacific (1958),1958,3.53,2108
147940,Tamasha (2015),2015,3.53,73
48856,"Guide to Recognizing Your Saints, A (2006)",2006,3.53,403
135569,Star Trek Beyond (2016),2016,3.53,4709
5425,Dark Blue World (Tmavomodrý svet) (2001),2001,3.53,202
181075,The Man Who Invented Christmas (2017),2017,3.53,111
4294,"5,000 Fingers of Dr. T, The (1953)",1953,3.53,391
1695,Artemisia (1997),1997,3.53,205
35015,Duma (2005),2005,3.53,168
8017,10 Rillington Place (1971),1971,3.53,187
7897,"Ballad of Cable Hogue, The (1970)",1970,3.53,206
52,Mighty Aphrodite (1995),1995,3.53,9518
216402,The King of Staten Island (2020),2020,3.53,714
705,Cosi (1996),1996,3.53,433
100185,Starlet (2012),2012,3.53,113
8651,Man of La Mancha (1972),1972,3.53,189
44168,"Naked Spur, The (1953)",1953,3.53,171
27550,Hell House (2001),2001,3.53,57
6430,Ziggy Stardust and the Spiders from Mars (1973),1973,3.53,192
4590,Enemies: A Love Story (1989),1989,3.53,135
162716,The Old Mill (1937),1937,3.53,58
5526,"Isle, The (Seom) (2000)",2000,3.53,310
8481,Northwest Passage (1940),1940,3.53,97
27620,Fear and Trembling (Stupeur et tremblements) (2003),2003,3.53,78
52241,"Lookout, The (2007)",2007,3.53,1232
2173,"Navigator: A Mediaeval Odyssey, The (1988)",1988,3.53,802
139859,Ghost in the Shell Arise - Border 2: Ghost Whispers (2013),2013,3.53,137
26691,I Hired a Contract Killer (1990),1990,3.53,118
193960,Wildlife (2018),2018,3.53,278
88179,One Day (2011),2011,3.53,1238
117928,Kajaki (2014),2014,3.52,80
187051,Transit  (2018),2018,3.52,120
33725,It's All Gone Pete Tong (2004),2004,3.52,342
5991,Chicago (2002),2002,3.52,12378
70912,Goodbye Solo (2008),2008,3.52,121
274157,Downton Abbey: A New Era (2022),2022,3.52,101
94,Beautiful Girls (1996),1996,3.52,4186
4737,"American Rhapsody, An (2001)",2001,3.52,182
127196,The Diary of a Teenage Girl (2015),2015,3.52,344
179941,C'est la vie! (2017),2017,3.52,81
107910,I Know That Voice (2013),2013,3.52,81
165823,Under the Sun (2016),2016,3.52,61
5218,Ice Age (2002),2002,3.52,24005
197491,Brexit: The Uncivil War (2019),2019,3.52,164
82059,Farewell (L'affaire Farewell) (2009),2009,3.52,82
3176,"Talented Mr. Ripley, The (1999)",1999,3.52,16075
120805,Robin Williams: Weapons of Self Destruction (2009),2009,3.52,62
685,It's My Party (1996),1996,3.52,539
4976,Iris (2001),2001,3.52,850
6159,All the Real Girls (2003),2003,3.52,477
280202,Talk to Me (2022),2022,3.52,166
71011,Five Graves to Cairo (1943),1943,3.52,83
34198,Russian Dolls (Les poupées russes) (2005),2005,3.52,395
1401,Ghosts of Mississippi (1996),1996,3.52,1519
6890,Elephant (2003),2003,3.52,2462
1799,Suicide Kings (1997),1997,3.52,2428
26038,Teacher's Pet (1958),1958,3.52,85
63131,Role Models (2008),2008,3.52,4966
5911,Urgh! A Music War (1981),1981,3.52,64
192997,Border (2018),2018,3.52,320
4061,The Man in the Moon (1991),1991,3.52,1286
27271,Taboo (Gohatto) (1999),1999,3.52,151
85,Angels and Insects (1995),1995,3.52,2703
161634,Don't Breathe (2016),2016,3.52,2471
109627,Mystery Road (2013),2013,3.52,87
4811,Quadrophenia (1979),1979,3.52,482
63179,Tokyo! (2008),2008,3.52,198
25920,"Blue Dahlia, The (1946)",1946,3.52,88
170393,The Last Word (2017),2017,3.52,66
1648,"House of Yes, The (1997)",1997,3.52,1617
140247,The Gift (2015),2015,3.52,2061
4188,Hans Christian Andersen (1952),1952,3.52,400
3081,Sleepy Hollow (1999),1999,3.52,17415
4954,Ocean's Eleven (a.k.a. Ocean's 11) (1960),1960,3.52,2152
2551,Dead Ringers (1988),1988,3.52,2312
7066,"Blue Kite, The (Lan feng zheng) (1993)",1993,3.52,90
3018,Re-Animator (1985),1985,3.52,2922
4803,Play Misty for Me (1971),1971,3.52,1021
58347,Penelope (2006),2006,3.52,1339
213565,First Cow (2020),2020,3.52,227
1846,Nil By Mouth (1997),1997,3.52,341
7474,"Boys in the Band, The (1970)",1970,3.52,114
6405,Treasure Island (1950),1950,3.52,436
198101,Journal 64 (2018),2018,3.52,69
47868,Ronja Robbersdaughter (Ronja Rövardotter) (1984),1984,3.52,92
1415,"Thieves (Voleurs, Les) (1996)",1996,3.52,277
100383,Side Effects (2013),2013,3.52,2221
4799,"It's a Mad, Mad, Mad, Mad World (1963)",1963,3.52,1854
6356,Gunfight at the O.K. Corral (1957),1957,3.52,420
165603,The Autopsy of Jane Doe (2016),2016,3.52,1408
284291,Tetris (2023),2023,3.52,213
163585,David Lynch: The Art Life (2016),2016,3.52,71
65037,Ben X (2007),2007,3.52,263
53322,Ocean's Thirteen (2007),2007,3.52,10379
65709,This Filthy World (2006),2006,3.52,72
87930,Page One: Inside the New York Times (2011),2011,3.52,96
3993,Quills (2000),2000,3.52,3040
4830,Brubaker (1980),1980,3.52,558
106163,"Touch of Sin, A (Tian zhu ding) (2013)",2013,3.52,146
3140,Three Ages (1923),1923,3.52,146
84242,Welcome to the Rileys (2010),2010,3.52,173
252086,I'm Your Man (2021),2021,3.52,99
3740,Big Trouble in Little China (1986),1986,3.52,6746
170263,Trevor Noah: Afraid of the Dark (2017),2017,3.52,100
26681,Bullet in the Head (1990),1990,3.52,175
7583,In This Our Life (1942),1942,3.52,50
50259,Old Joy (2006),2006,3.52,200
1747,Wag the Dog (1997),1997,3.52,11401
160438,Jason Bourne (2016),2016,3.52,3251
4626,Miracle Mile (1989),1989,3.52,427
6779,"Same Time, Next Year (1978)",1978,3.52,354
4552,"Tetsuo, the Ironman (Tetsuo) (1988)",1988,3.52,840
179293,November (2017),2017,3.52,77
51007,Days of Glory (Indigènes) (2006),2006,3.52,180
27828,"Memory of a Killer, The (Zaak Alzheimer, De) (2003)",2003,3.52,181
44943,9/11 (2002),2002,3.52,207
5909,Visitor Q (Bizita Q) (2001),2001,3.52,467
95135,Your Sister's Sister (2011),2011,3.52,390
627,"Last Supper, The (1995)",1995,3.52,1931
4113,"Glass Menagerie, The (1987)",1987,3.52,236
6456,This Man Must Die (Que la bête meure) (1969),1969,3.52,53
4043,At Close Range (1986),1986,3.52,425
26306,Theatre of Blood (1973),1973,3.52,187
5075,Waydowntown (2000),2000,3.52,214
3813,Interiors (1978),1978,3.52,699
229431,The White Tiger (2020),2020,3.52,296
68959,Fullmetal Alchemist the Movie: Conqueror of Shamballa (Gekijô-ban hagane no renkinjutsushi: Shanbara wo yuku mono) (2005),2005,3.52,323
26139,In Harm's Way (1965),1965,3.52,108
78272,"Tale of Winter, A (a.k.a. A Winter's Tale) (Conte d'hiver) (1992)",1992,3.52,54
153766,Welcome (2007),2007,3.52,54
735,Cemetery Man (Dellamorte Dellamore) (1994),1994,3.52,1301
26736,Riki-Oh: The Story of Ricky (Lik Wong) (1991),1991,3.52,217
50842,"Boss of It All, The (Direktøren for det hele) (2006)",2006,3.52,299
301,Picture Bride (Bijo photo) (1994),1994,3.52,464
76866,Until the Light Takes Us (2008),2008,3.52,82
417,Barcelona (1994),1994,3.52,3314
114066,"20,000 Days on Earth (2014)",2014,3.52,137
71472,"Cameraman's Revenge, The (Mest kinematograficheskogo operatora) (1912)",1912,3.52,55
45720,"Devil Wears Prada, The (2006)",2006,3.52,12386
2290,Stardust Memories (1980),1980,3.52,1186
77330,Red Riding: 1980 (2009),2009,3.52,195
1994,Poltergeist (1982),1982,3.52,11366
36850,Police Story 2 (Ging chaat goo si juk jaap) (1988),1988,3.52,308
147911,The Smile Man (2013),2013,3.52,56
49957,"History Boys, The (2006)",2006,3.52,420
8809,Danny Deckchair (2003),2003,3.52,366
108981,Nymphomaniac: Volume II (2013),2013,3.52,1436
5977,Where's Poppa? (1970),1970,3.52,113
8463,Johnny Belinda (1948),1948,3.52,85
51678,Julius Caesar (1953),1953,3.52,199
64321,"Friend of Mine, A (Ein Freund von mir) (2006)",2006,3.52,57
3622,"Twelve Chairs, The (1970)",1970,3.52,373
171765,Okja (2017),2017,3.52,1551
43983,Election (Hak se wui) (2005),2005,3.52,144
8851,Smile (1975),1975,3.52,87
39307,Dreamer: Inspired by a True Story (2005),2005,3.52,290
33113,Act of Violence (1948),1948,3.52,58
115664,The Book of Life (2014),2014,3.52,1248
99149,"Misérables, Les (2012)",2012,3.52,3455
33454,Léolo (1992),1992,3.52,146
131446,Rurouni Kenshin: Kyoto Inferno (2014),2014,3.52,117
68848,"Brothers Bloom, The (2008)",2008,3.52,1144
183397,Along with the Gods: The Two Worlds (2017),2017,3.52,88
156,Blue in the Face (1995),1995,3.52,1679
5916,Whose Life Is It Anyway? (1981),1981,3.52,118
171695,Robin Williams: Live on Broadway (2002),2002,3.52,59
8663,Live Forever (2003),2003,3.52,59
202103,I Am Mother (2019),2019,3.52,1216
90350,Lemmy (2010),2010,3.52,90
1725,"Education of Little Tree, The (1997)",1997,3.52,150
8153,Lust for Life (1956),1956,3.52,181
1034,Freeway (1996),1996,3.52,1663
4009,Talk Radio (1988),1988,3.52,877
6297,Holes (2003),2003,3.52,4995
6710,Dummy (2002),2002,3.52,364
2174,Beetlejuice (1988),1988,3.52,24681
53355,Sun Alley (Sonnenallee) (1999),1999,3.52,61
165,Die Hard: With a Vengeance (1995),1995,3.52,38488
257281,The Tragedy of Macbeth (2021),2021,3.52,280
3592,"Time Masters (Maîtres du temps, Les) (1982)",1982,3.52,125
90630,Miss Representation (2011),2011,3.52,94
2483,"Day of the Beast, The (Día de la Bestia, El) (1995)",1995,3.52,440
179401,Jumanji: Welcome to the Jungle (2017),2017,3.52,4251
197909,Fyre Fraud (2019),2019,3.52,126
4220,"Longest Yard, The (1974)",1974,3.52,1296
27671,As If I Didn't Exist (Elina - Som om jag inte fanns) (2002),2002,3.52,95
26812,Barbarians at the Gate (1993),1993,3.52,127
353,"Crow, The (1994)",1994,3.52,18497
114678,Hector and the Search for Happiness (2014),2014,3.52,477
831,Stonewall (1995),1995,3.52,224
48744,Shortbus (2006),2006,3.52,995
62293,"Duchess, The (2008)",2008,3.52,1093
139642,Southpaw (2015),2015,3.52,1448
6459,"Desert Fox, The (1951)",1951,3.52,162
1684,Mrs. Dalloway (1997),1997,3.52,617
134021,5 to 7 (2014),2014,3.52,131
109280,"Summit, The (2012)",2012,3.52,66
159976,Pelé: Birth of a Legend (2016),2016,3.52,99
179085,The Ritual (2017),2017,3.52,1124
145140,Fathers and Daughters (2015),2015,3.51,67
5104,Cows (Vacas) (1991),1991,3.51,67
127178,99 Homes (2014),2014,3.51,304
77359,Red Riding: 1983 (2009),2009,3.51,169
48598,Infamous (2006),2006,3.51,237
120815,Patton Oswalt: Werewolves and Lollipops (2007),2007,3.51,68
26072,Murder She Said (1961),1961,3.51,68
1017,Swiss Family Robinson (1960),1960,3.51,3503
6784,"Song Remains the Same, The (1976)",1976,3.51,239
26237,Zabriskie Point (1970),1970,3.51,242
91888,Chico & Rita (2010),2010,3.51,104
278586,Barbarian (2022),2022,3.51,730
253,Interview with the Vampire: The Vampire Chronicles (1994),1994,3.51,31756
77154,Waking Sleeping Beauty (2009),2009,3.51,105
74827,Ajami (2009),2009,3.51,70
36883,"Jour se lève, Le (Daybreak) (1939)",1939,3.51,70
134368,Spy (2015),2015,3.51,3756
7162,Cold Mountain (2003),2003,3.51,4609
118246,Clouds of Sils Maria (2014),2014,3.51,320
1002,Ed's Next Move (1996),1996,3.51,143
244334,Wrath of Man (2021),2021,3.51,861
65796,Galaxy Express 999 (Ginga tetsudô Three-Nine) (1979),1979,3.51,72
790,"Unforgettable Summer, An (Un été inoubliable) (1994)",1994,3.51,108
1376,Star Trek IV: The Voyage Home (1986),1986,3.51,14369
5802,"World of Henry Orient, The (1964)",1964,3.51,181
3950,Tigerland (2000),2000,3.51,1488
45335,Footlight Parade (1933),1933,3.51,109
141,"Birdcage, The (1996)",1996,3.51,23546
130492,Dum Laga Ke Haisha (2015),2015,3.51,73
1670,Welcome to Sarajevo (1997),1997,3.51,733
7011,"Bullfighter, The (Matador) (1986)",1986,3.51,258
3702,Mad Max (1979),1979,3.51,11801
6337,Owning Mahowny (2003),2003,3.51,627
57792,Caramel (Sukkar banat) (2007),2007,3.51,186
6288,Better Luck Tomorrow (2002),2002,3.51,563
1081,Victor/Victoria (1982),1982,3.51,4000
70293,Julie & Julia (2009),2009,3.51,3510
64650,"Marriage Made in Heaven, A (Rab Ne Bana Di Jodi) (2008)",2008,3.51,152
57706,À nos amours (1983),1983,3.51,76
54736,"Kingdom, The (2007)",2007,3.51,2211
72395,Precious (2009),2009,3.51,1643
6428,Two Mules for Sister Sara (1970),1970,3.51,808
7125,Spring Forward (1999),1999,3.51,77
89961,Play (2011),2011,3.51,77
90374,Martha Marcy May Marlene (2011),2011,3.51,814
3159,Fantasia 2000 (1999),1999,3.51,4675
2929,Reds (1981),1981,3.51,1520
850,Cyclo (Xich lo) (1995),1995,3.51,273
56174,I Am Legend (2007),2007,3.51,20415
175,Kids (1995),1995,3.51,5468
7190,Jane Eyre (1970),1970,3.51,119
56093,12 (2007),2007,3.51,202
90866,Hugo (2011),2011,3.51,5963
128852,Chris Rock: Bigger & Blacker (1999),1999,3.51,122
8240,Totally F***ed Up (1993),1993,3.51,82
79987,Gainsbourg (Vie Héroïque) (2010),2010,3.51,123
30816,"Phantom of the Opera, The (2004)",2004,3.51,3084
166635,Passengers (2016),2016,3.51,5934
82589,Mother and Child (2009),2009,3.51,126
187505,Tully (2018),2018,3.51,589
1923,There's Something About Mary (1998),1998,3.51,29426
26395,"Rutles: All You Need Is Cash, The (1978)",1978,3.51,170
6980,Mr. Hobbs Takes a Vacation (1962),1962,3.51,128
106841,August: Osage County (2013),2013,3.51,642
65418,Wendy and Lucy (2008),2008,3.51,429
6376,Respiro (2002),2002,3.51,86
106236,Somm (2012),2012,3.51,86
51709,"Host, The (Gwoemul) (2006)",2006,3.51,2243
50274,Venus (2006),2006,3.51,346
200842,A Dog's Journey (2019),2019,3.51,173
48412,"Guardian, The (2006)",2006,3.51,1090
108778,Stranger by the Lake (L'inconnu du lac) (2013),2013,3.51,175
8486,Bachelor Mother (1939),1939,3.51,88
37955,Innocence (2004),2004,3.51,176
142507,Pawn Sacrifice (2015),2015,3.51,485
48231,Taxidermia (2006),2006,3.51,265
56508,Starting Out in the Evening (2007),2007,3.51,133
91500,The Hunger Games (2012),2012,3.51,20315
6989,Gorky Park (1983),1983,3.51,669
27368,Asterix & Obelix: Mission Cleopatra (Astérix & Obélix: Mission Cléopâtre) (2002),2002,3.51,715
2763,"Thomas Crown Affair, The (1999)",1999,3.51,13325
119065,Scooby-Doo! and the Witch's Ghost (1999),1999,3.51,137
137296,Heaven Knows What (2014),2014,3.51,92
27513,Dog Days (Hundstage) (2001),2001,3.51,92
860,"Maybe, Maybe Not (Bewegte Mann, Der) (1994)",1994,3.51,369
5208,"Ninth Configuration, The (a.k.a. Twinkle, Twinkle, Killer Kane) (1980)",1980,3.51,140
986,Fly Away Home (1996),1996,3.51,2969
4041,"Officer and a Gentleman, An (1982)",1982,3.51,4070
51991,"Italian, The (Italianetz) (2005)",2005,3.51,95
925,Golden Earrings (1947),1947,3.51,96
49793,We Are Marshall (2006),2006,3.51,963
539,Sleepless in Seattle (1993),1993,3.51,32129
95839,"Christmas Carol, A (1999)",1999,3.51,98
161954,Anthropoid (2016),2016,3.51,343
26156,Dragon Gate Inn (Dragon Inn) (Long men kezhan) (1967),1967,3.51,50
115,"Happiness Is in the Field (Bonheur est dans le pré, Le) (1995)",1995,3.51,50
2669,Pork Chop Hill (1959),1959,3.51,504
1794,Love and Death on Long Island (1997),1997,3.51,1211
2345,Desert Bloom (1986),1986,3.51,255
26228,"Swedish Love Story, A (Kärlekshistoria, En) (1970)",1970,3.51,103
846,Flirt (1995),1995,3.51,414
254684,"Woodstock 99: Peace, Love, and Rage (2021)",2021,3.51,52
27922,Jerry Seinfeld: 'I'm Telling You for the Last Time' (1998),1998,3.51,157
169656,The Glass Castle,,3.51,210
270750,Downfall: The Case Against Boeing (2022),2022,3.51,53
132971,Magical Girl (2014),2014,3.51,53
342,Muriel's Wedding (1994),1994,3.51,11920
185443,Ricky Gervais: Humanity (2018),2018,3.51,161
282843,Missing (2023),2023,3.51,161
192503,Thunder Road (2018),2018,3.51,216
171541,Down House (2001),2001,3.51,54
1190,Tie Me Up! Tie Me Down! (¡Átame!) (1990),1990,3.51,1740
3994,Unbreakable (2000),2000,3.51,20917
5653,Django (1966),1966,3.51,388
141422,Suffragette (2015),2015,3.51,333
5465,All About Lily Chou-Chou (Riri Shushu no subete) (2001),2001,3.51,224
7309,"Black Pirate, The (1926)",1926,3.51,56
92481,Third Star (2010),2010,3.51,56
3473,Jonah Who Will Be 25 in the Year 2000 (Jonas qui aura 25 ans en l'an 2000) (1976),1976,3.51,113
93574,Resurrect Dead: The Mystery of the Toynbee Tiles (2011),2011,3.51,57
7490,At First Sight (Entre Nous) (Coup de foudre) (1983),1983,3.51,57
8753,Unprecedented: The 2000 Presidential Election (2002),2002,3.51,115
960,Angel on My Shoulder (1946),1946,3.51,173
204318,The Nightingale (2019),2019,3.51,238
1145,Snowriders (1996),1996,3.51,60
46559,"Road to Guantanamo, The (2006)",2006,3.51,243
6768,Luther (2003),2003,3.51,426
27695,Nicotina (2003),2003,3.51,61
2198,Modulations (1998),1998,3.51,61
3522,Sacco and Vanzetti (Sacco e Vanzetti) (1971),1971,3.51,62
8374,Bright Future (Akarui mirai) (2003),2003,3.51,63
143969,Er ist wieder da (2015),2015,3.51,522
3812,Everything You Always Wanted to Know About Sex * But Were Afraid to Ask (1972),1972,3.51,2370
8577,Comandante (2003),2003,3.51,66
1268,Pump Up the Volume (1990),1990,3.51,3309
48909,5 Fingers (1952),1952,3.51,67
25914,"Ivan the Terrible, Part One (Ivan Groznyy I) (1944)",1944,3.51,134
27032,Who Am I? (Wo shi shei) (1998),1998,3.51,471
127212,The Stanford Prison Experiment (2015),2015,3.51,408
1535,Love! Valour! Compassion! (1997),1997,3.51,757
165337,Denial (2016),2016,3.51,207
2166,Return to Paradise (1998),1998,3.51,1047
165961,Nikitich and The Dragon (2006),2006,3.51,71
3003,Train of Life (Train de vie) (1998),1998,3.51,215
141050,Theeb (2014),2014,3.51,72
81751,Uncle Boonmee Who Can Recall His Past Lives (Loong Boonmee raleuk chat) (2010),2010,3.51,291
3320,Mifune's Last Song (Mifunes sidste sang) (1999),1999,3.51,440
202711,Deadwood: The Movie (2019),2019,3.51,221
65130,Revolutionary Road (2008),2008,3.51,2287
25901,"Henry V (Chronicle History of King Henry the Fift with His Battell Fought at Agincourt in France, The) (1944)",1944,3.51,148
132128,Faults (2015),2015,3.51,223
82934,"Most Dangerous Man in America: Daniel Ellsberg and the Pentagon Papers, The (2009)",2009,3.51,75
6749,"Prince and the Pauper, The (1937)",1937,3.51,150
207297,First Love (2019),2019,3.51,76
27555,Fubar (2002),2002,3.51,153
171611,Baahubali 2: The Conclusion (2017),2017,3.51,155
128,Jupiter's Wife (1994),1994,3.51,78
112138,22 Jump Street (2014),2014,3.51,6258
279710,Women Talking (2022),2022,3.51,159
4308,Moulin Rouge (2001),2001,3.51,17506
26280,Traffic (Trafic) (1971),1971,3.51,161
26417,French Fried Vacation 2 (Les bronzés font du ski) (1979),1979,3.51,81
175303,It (2017),2017,3.51,5025
6458,"Blue Max, The (1966)",1966,3.51,163
205329,"The Gangster, The Cop, The Devil (2019)",2019,3.51,82
2197,Firelight (1997),1997,3.51,164
2181,Marnie (1964),1964,3.51,1395
132381,The Admiral: Roaring Currents (2014),2014,3.51,83
208096,Harriet (2019),2019,3.51,172
7092,Anna Karenina (1935),1935,3.51,173
198831,The Golden Glove (2019),2019,3.51,87
266,Legends of the Fall (1994),1994,3.51,17820
26494,Suburbia (1984),1984,3.51,89
2434,Down in the Delta (1998),1998,3.51,273
59440,Bella (2006),2006,3.51,186
180031,The Shape of Water (2017),2017,3.51,4596
4533,"Return of the Living Dead, The (1985)",1985,3.51,1714
26704,State of Grace (1990),1990,3.51,386
7757,Jason and the Argonauts (1963),1963,3.51,977
3880,"Ballad of Ramblin' Jack, The (2000)",2000,3.5,101
115170,"Judge, The (2014)",2014,3.5,1438
205,Unstrung Heroes (1995),1995,3.5,1343
103059,Hannah Arendt (2012),2012,3.5,107
3179,Angela's Ashes (1999),1999,3.5,1624
89470,Contagion (2011),2011,3.5,4239
49200,"Foreign Affair, A (1948)",1948,3.5,113
3282,Different for Girls (1996),1996,3.5,117
26512,"Hit, The (1984)",1984,3.5,118
6404,"White Sheik, The (Sceicco bianco, Lo) (1952)",1952,3.5,120
168330,I Don't Feel at Home in This World Anymore (2017),2017,3.5,848
4508,Gorillas in the Mist (1988),1988,3.5,1551
2841,Stir of Echoes (1999),1999,3.5,4928
220380,The Green Knight,,3.5,923
96588,Pitch Perfect (2012),2012,3.5,6101
97065,Viy or Spirit of Evil (Viy) (1967),1967,3.5,133
77240,I Am Love (Io sono l'amore) (2009),2009,3.5,272
151731,April and the Twisted World (2015),2015,3.5,146
4729,Aberdeen (2000),2000,3.5,147
193906,The Night Comes For Us (2018),2018,3.5,151
4029,State and Main (2000),2000,3.5,3075
109769,"Keeper of Lost Causes, The (Kvinden i buret) (2013)",2013,3.5,166
95443,"Giant Mechanical Man, The (2012)",2012,3.5,167
104337,Lee Daniels' The Butler (2013),2013,3.5,909
2048,"Great Mouse Detective, The (1986)",1986,3.5,2327
1465,Rosewood (1997),1997,3.5,1025
2185,I Confess (1953),1953,3.5,416
454,"Firm, The (1993)",1993,3.5,27224
8575,"Happenstance (Battement d'ailes du papillon, Le) (2001)",2001,3.5,219
8641,Anchorman: The Legend of Ron Burgundy (2004),2004,3.5,13409
129354,Focus (2015),2015,3.5,3084
31114,Imaginary Heroes (2004),2004,3.5,240
506,Orlando (1992),1992,3.5,1503
190939,A Simple Favor (2018),2018,3.5,1331
86833,Bridesmaids (2011),2011,3.5,6322
2704,"Lovers on the Bridge, The (Amants du Pont-Neuf, Les) (1991)",1991,3.5,581
113252,Housebound (2014),2014,3.5,597
33896,3 Extremes (Three... Extremes) (Saam gaang yi) (2004),2004,3.5,624
231057,The Dig (2021),2021,3.5,390
168610,A Ghost Story (2017),2017,3.5,899
79874,Underworld (1927),1927,3.5,59
5272,Time Out (L'emploi du temps) (2001),2001,3.5,248
6236,Fear Strikes Out (1957),1957,3.5,70
152071,Race (2016),2016,3.5,221
174957,Batman Beyond: The Movie (1999),1999,3.5,59
97326,Ill Manors (2012),2012,3.5,58
145180,Flowers and Trees (1932),1932,3.5,54
3402,Turtle Diary (1985),1985,3.5,124
214698,Tom Segura: Ball Hog (2020),2020,3.5,50
48660,"Elementary Particles, The (Elementarteilchen) (2006)",2006,3.5,111
40226,Wild Zero (2000),2000,3.5,67
242062,Wheel of Fortune and Fantasy (2021),2021,3.5,54
285851,Air: Courting a Legend (2023),2023,3.5,354
107653,"Lost Thing, The (2010)",2010,3.5,72
25893,"Memphis Belle: A Story of a Flying Fortress, The (1944)",1944,3.5,94
27326,Devdas (2002),2002,3.5,126
143462,Iris (2014),2014,3.5,55
153959,4th Man Out (2016),2016,3.5,119
74488,Ondine (2009),2009,3.5,322
59912,My Brother Is an Only Child (Mio fratello è figlio unico) (2006),2006,3.5,71
136247,Scooby-Doo on Zombie Island (1998),1998,3.5,213
5083,Rare Birds (2001),2001,3.5,83
197697,Once Upon a Deadpool (2018),2018,3.5,86
25773,Little Caesar (1931),1931,3.5,287
170361,Sami Blood (2016),2016,3.5,52
6762,Yossi & Jagger (2002),2002,3.5,146
82978,Neighbors (1920),1920,3.5,55
108660,Deceptive Practice: The Mysteries and Mentors of Ricky Jay (2012),2012,3.5,53
66547,Bigger Than Life (1956),1956,3.5,128
240296,On the Count of Three (2021),2021,3.5,53
103474,How to Make Money Selling Drugs (2013),2013,3.5,69
83096,"Haunted House, The (1921)",1921,3.5,54
89898,Generation P (2011),2011,3.5,154
146642,Wildlike (2015),2015,3.5,70
174681,"Oh, Hello: On Broadway (2017)",2017,3.5,79
71246,Amreeka (2009),2009,3.5,65
183529,Bad Day for the Cut (2017),2017,3.5,59
51314,Golden Door (Nuovomondo) (2006),2006,3.5,51
33134,"Year of the Yao, The (2004)",2004,3.5,50
275917,Jerry & Marge Go Large (2022),2022,3.5,106
3121,"Hitch-Hiker, The (1953)",1953,3.5,212
89302,Page Eight (2011),2011,3.5,180
207273,The Collini Case (2019),2019,3.5,56
33838,Rize (2005),2005,3.5,198
175665,The Only Living Boy in New York (2017),2017,3.5,69
130582,The Disappearance of Eleanor Rigby: Him (2013),2013,3.5,68
71450,Capitalism: A Love Story (2009),2009,3.5,894
4000,"Bounty, The (1984)",1984,3.5,722
36525,Just Like Heaven (2005),2005,3.5,2405
3298,Boiler Room (2000),2000,3.5,5303
159415,Swiss Army Man (2016),2016,3.5,2177
102066,Resolution (2012),2012,3.5,348
208773,I Lost My Body (2019),2019,3.5,342
7481,Enemy Mine (1985),1985,3.5,1536
1688,Anastasia (1997),1997,3.5,5829
159858,The Conjuring 2 (2016),2016,3.5,2126
2344,Runaway Train (1985),1985,3.5,1811
249540,Cruella (2021),2021,3.5,1008
5199,"Long Riders, The (1980)",1980,3.5,251
2915,Risky Business (1983),1983,3.5,9017
2009,Soylent Green (1973),1973,3.5,4868
1554,"Pillow Book, The (1996)",1996,3.5,1367
43832,"Call of Cthulhu, The (2005)",2005,3.5,208
389,"Colonel Chabert, Le (1994)",1994,3.5,205
7107,Foul Play (1978),1978,3.5,593
106487,The Hunger Games: Catching Fire (2013),2013,3.5,13777
169220,A Fantastic Woman (2017),2017,3.5,176
58803,21 (2008),2008,3.5,6820
192283,Crazy Rich Asians (2018),2018,3.5,2138
1754,Fallen (1998),1998,3.5,4431
7923,Rolling Thunder (1977),1977,3.5,164
98243,Rise of the Guardians (2012),2012,3.5,2910
8943,Being Julia (2004),2004,3.5,475
976,"Farewell to Arms, A (1932)",1932,3.5,467
97832,Chasing Mavericks (2012),2012,3.5,150
132660,Man Up (2015),2015,3.5,580
25999,The Wild One (1953),1953,3.5,287
380,True Lies (1994),1994,3.5,47148
143257,Ashby (2015),2015,3.5,138
339,While You Were Sleeping (1995),1995,3.5,24940
70846,Lorna's Silence (Le silence de Lorna) (2008),2008,3.5,129
298,Pushing Hands (Tui shou) (1992),1992,3.5,257
5959,Narc (2002),2002,3.5,1913
25835,Dead End (1937),1937,3.5,122
44041,All Quiet on the Western Front (1979),1979,3.5,120
5817,Ararat (2002),2002,3.5,236
87222,Kung Fu Panda 2 (2011),2011,3.5,4814
72737,"Princess and the Frog, The (2009)",2009,3.5,3491
5388,Insomnia (2002),2002,3.5,9510
851,Basquiat (1996),1996,3.5,1730
103335,Despicable Me 2 (2013),2013,3.5,6439
155078,Lo chiamavano Jeeg Robot (2016),2016,3.5,112
4243,Brigham City (2001),2001,3.5,107
190507,Woman at War (2018),2018,3.5,105
83411,Cops (1922),1922,3.5,100
5267,"Rookie, The (2002)",2002,3.49,2588
203934,Freaks (2019),2019,3.49,393
26203,Colossus: The Forbin Project (1970),1970,3.49,388
2630,Besieged (a.k.a. L' Assedio) (1998),1998,3.49,388
89039,Another Earth (2011),2011,3.49,1491
42018,Mrs. Henderson Presents (2005),2005,3.49,528
160876,The Innocents (2016),2016,3.49,88
160656,Tallulah (2016),2016,3.49,170
4977,Kandahar (Safar e Ghandehar) (2001),2001,3.49,254
254194,Memoria (2021),2021,3.49,84
1879,"Hanging Garden, The (1997)",1997,3.49,247
3533,"Actor's Revenge, An (Yukinojô henge) (1963)",1963,3.49,82
278420,Weird: The Al Yankovic Story (2022),2022,3.49,240
2711,My Life So Far (1999),1999,3.49,312
105703,Haute Cuisine (2012),2012,3.49,78
5079,Young at Heart (1954),1954,3.49,78
186365,Tigers Are Not Afraid (2017),2017,3.49,78
98985,"Three Brothers, The (Les trois frères) (1995)",1995,3.49,76
6202,Late Marriage (Hatuna Meuheret) (2001),2001,3.49,152
60756,Step Brothers (2008),2008,3.49,6584
94325,"Lucky One, The (2012)",2012,3.49,667
104078,Alan Partridge: Alpha Papa (2013),2013,3.49,438
4300,Bread and Roses (2000),2000,3.49,214
141812,The Most Charming and Attractive (1985),1985,3.49,71
136485,Robot Chicken: Star Wars (2007),2007,3.49,283
33162,Kingdom of Heaven (2005),2005,3.49,5210
60609,Death Note (2006),2006,3.49,484
5725,Man of Iron (Czlowiek z Zelaza) (1981),1981,3.49,68
190963,Keep an Eye Out (2018),2018,3.49,66
73900,Hum Tum (2004),2004,3.49,66
89047,Hesher (2010),2010,3.49,527
8501,"Hitcher, The (1986)",1986,3.49,1053
4724,On the Edge (2001),2001,3.49,65
178885,Princess Cyd (2017),2017,3.49,65
180587,The Wife (2017),2017,3.49,258
6816,Three O'Clock High (1987),1987,3.49,386
113250,In Order of Disappearance (Kraftidioten) (2014),2014,3.49,253
3915,Girlfight (2000),2000,3.49,820
4411,Sons of Katie Elder (1965),1965,3.49,441
31991,Love Me Tonight (1932),1932,3.49,63
3984,Diamonds Are Forever (1971),1971,3.49,5481
5856,"Do You Remember Dolly Bell? (Sjecas li se, Dolly Bell) (1981)",1981,3.49,62
179647,The Young Karl Marx (2017),2017,3.49,62
2687,Tarzan (1999),1999,3.49,8322
31104,Hester Street (1975),1975,3.49,60
2018,Bambi (1942),1942,3.49,9448
269256,After Yang (2021),2021,3.49,179
78746,Best Worst Movie (2009),2009,3.49,178
47601,7 Men from Now (Seven Men from Now) (1956),1956,3.49,59
3964,"Adventures of Ichabod and Mr. Toad, The (1949)",1949,3.49,865
80939,Conviction (2010),2010,3.49,288
6329,Manic (2001),2001,3.49,230
156783,Jimmy Carr: Making People Laugh (2010),2010,3.49,57
194348,Can You Ever Forgive Me? (2018),2018,3.49,623
89085,"Debt, The (2011)",2011,3.49,674
132991,No Tears for the Dead (2014),2014,3.49,56
8518,Anna Christie (1930),1930,3.49,56
59260,"Unknown Woman, The (La Sconosciuta) (2006)",2006,3.49,112
143410,Hyena Road,,3.49,56
6206,Seize the Day (1986),1986,3.49,55
196117,Clara (2018),2018,3.49,55
8158,Rush (1991),1991,3.49,493
104211,We're the Millers (2013),2013,3.49,5688
62054,"Friend Among Strangers, Stranger Among Friends (Svoy sredi chuzhikh, chuzhoy sredi svoikh) (1974)",1974,3.49,53
3419,Something for Everyone (1970),1970,3.49,53
275245,Nope (2022),2022,3.49,1312
51894,"Last Command, The (1928)",1928,3.49,52
56931,"Mission, The (Cheung fo) (1999)",1999,3.49,52
203218,Good Boys (2019),2019,3.49,571
25965,Summer Stock (1950),1950,3.49,51
26076,Scream of Fear (a.k.a. Taste of Fear) (1961),1961,3.49,51
215527,The Half of It (2020),2020,3.49,354
6258,"Dames du Bois de Boulogne, Les (Ladies of the Bois de Boulogne, The) (Ladies of the Park) (1945)",1945,3.49,101
142448,Everest (2015),2015,3.49,1560
1755,Shooting Fish (1997),1997,3.49,650
1054,Get on the Bus (1996),1996,3.49,793
179287,Breathe (2017),2017,3.49,96
200598,The Best of Enemies (2019),2019,3.49,95
7003,Kafka (1991),1991,3.49,380
2077,"Journey of Natty Gann, The (1985)",1985,3.49,1090
33621,Somersault (2004),2004,3.49,141
6042,Blind Spot: Hitler's Secretary (Im toten Winkel - Hitlers Sekretärin) (2002),2002,3.49,140
1615,"Edge, The (1997)",1997,3.49,2846
32371,Call Northside 777 (1948),1948,3.49,184
78122,Peter & the Wolf (2006),2006,3.49,91
255335,Shang-Chi and the Legend of the Ten Rings (2021),2021,3.49,1853
54995,Planet Terror (2007),2007,3.49,5105
5447,Sunshine State (2002),2002,3.49,492
183671,Spielberg (2017),2017,3.49,88
158842,My Scientology Movie (2016),2016,3.49,263
157338,Free State of Jones (2016),2016,3.49,387
62799,"Express, The (2008)",2008,3.49,256
76772,Carne (1991),1991,3.49,83
89000,Carancho (2010),2010,3.49,83
39886,Nine Lives (2005),2005,3.49,203
104863,What If (2013),2013,3.49,893
993,Infinity (1996),1996,3.49,243
151605,Lo and Behold: Reveries of the Connected World (2016),2016,3.49,243
25755,"Phantom of the Opera, The (1925)",1925,3.49,323
26170,"Bride Wore Black, The (La mariée était en noir) (1968)",1968,3.49,121
115881,9 (2005),2005,3.49,482
115967,These Final Hours (2014),2014,3.49,200
95167,Brave (2012),2012,3.49,9582
4623,Major League (1989),1989,3.49,4363
377,Speed (1994),1994,3.49,47210
34314,Funny Ha Ha (2002),2002,3.49,78
62235,Red (2008),2008,3.49,194
122892,Avengers: Age of Ultron (2015),2015,3.49,12099
41941,"Aura, The (Aura, El) (2005)",2005,3.49,155
3927,Fantastic Voyage (1966),1966,3.49,1821
6842,Images (1972),1972,3.49,116
2406,Romancing the Stone (1984),1984,3.49,15101
102407,"Great Gatsby, The (2013)",2013,3.49,7741
197207,Arctic (2018),2018,3.49,303
192025,Bottle Rocket (1994),1994,3.49,112
26850,71 Fragments of a Chronology of Chance (71 Fragmente einer Chronologie des Zufalls) (1994),1994,3.49,112
31696,Constantine (2005),2005,3.49,11347
26497,Another Country (1984),1984,3.49,109
2830,Cabaret Balkan (Bure Baruta) (1998),1998,3.49,144
212573,Sala samobójców. Hejter,,3.49,71
142993,The Club (2015),2015,3.49,71
178509,Our Souls at Night (2017),2017,3.49,71
134250,Striped Trip (1961),1961,3.49,71
102005,Like Someone In Love (2012),2012,3.49,139
59220,Outsourced (2006),2006,3.49,344
60382,Roman Polanski: Wanted and Desired (2008),2008,3.49,206
205327,Motherless Brooklyn (2019),2019,3.49,309
35,Carrington (1995),1995,3.49,1497
5450,Lovely & Amazing (2001),2001,3.49,679
269820,The Tinder Swindler (2022),2022,3.49,303
970,Beat the Devil (1953),1953,3.49,436
2187,Stage Fright (1950),1950,3.48,332
8583,"Clock, The (1945)",1945,3.48,66
65142,Loft (2008),2008,3.48,294
26554,"Quiet Earth, The (1985)",1985,3.48,618
57854,The Count of Monte Cristo (1934),1934,3.48,65
69406,"Proposal, The (2009)",2009,3.48,6648
8391,Big Wednesday (1978),1978,3.48,97
73211,Pontypool (2008),2008,3.48,965
3412,"Bear, The (Ours, L') (1988)",1988,3.48,1103
87040,"Housemaid, The (Hanyo) (1960)",1960,3.48,63
7151,Girl with a Pearl Earring (2003),2003,3.48,2601
67267,Sunshine Cleaning (2008),2008,3.48,1314
189783,Christopher Robin (2018),2018,3.48,715
168962,Pink (2016),2016,3.48,62
8275,College (1927),1927,3.48,155
8257,Battleground (1949),1949,3.48,93
7155,Calendar Girls (2003),2003,3.48,1544
5662,"Wrong Guy, The (1997)",1997,3.48,154
131656,Shaun the Sheep Movie (2015),2015,3.48,613
127206,"People, Places, Things (2015)",2015,3.48,153
7288,Foolish Wives (1922),1922,3.48,61
4723,"Deep End, The (2001)",2001,3.48,850
124,"Star Maker, The (Uomo delle stelle, L') (1995)",1995,3.48,330
103867,Night Train To Lisbon (2013),2013,3.48,149
5649,Horror of Dracula (Dracula) (1958),1958,3.48,891
73860,Nowhere Boy (2009),2009,3.48,324
178335,Thelma (2017),2017,3.48,411
115927,Doctor Strange (2007),2007,3.48,117
67140,Blonde Venus (1932),1932,3.48,58
184353,Bomb City (2017),2017,3.48,58
148166,Hitchcock/Truffaut (2015),2015,3.48,87
53468,Fido (2006),2006,3.48,809
140713,No Escape (2015),2015,3.48,461
78653,Everyone Else (Alle Anderen) (2009),2009,3.48,57
87197,Let the Bullets Fly (2010),2010,3.48,85
6426,"Far Country, The (1954)",1954,3.48,113
5383,"Hound of the Baskervilles, The (1959)",1959,3.48,479
224280,No Time to Die (2020),2020,3.48,1689
77788,"Good Heart, The (2009)",2009,3.48,56
136562,Steve Jobs (2015),2015,3.48,1832
269,My Crazy Life (Mi vida loca) (1993),1993,3.48,606
1345,Carrie (1976),1976,3.48,10870
5167,My Favorite Brunette (1947),1947,3.48,137
115231,St. Vincent (2014),2014,3.48,1229
134867,Tanu Weds Manu (2011),2011,3.48,81
596,Pinocchio (1940),1940,3.48,14721
212373,I'm Thinking of Ending Things,,3.48,1211
5049,48 Hrs. (1982),1982,3.48,4868
161966,Elle (2016),2016,3.48,618
60735,Shotgun Stories (2007),2007,3.48,188
71691,Fifty Dead Men Walking (2008),2008,3.48,133
142566,Sarusuberi: Miss Hokusai (2015),2015,3.48,53
195295,Dragged Across Concrete (2018),2018,3.48,370
2272,One True Thing (1998),1998,3.48,922
4468,Apartment Zero (1988),1988,3.48,210
287633,Asteroid City (2023),2023,3.48,366
41014,"Bird with the Crystal Plumage, The (Uccello dalle piume di cristallo, L') (1970)",1970,3.48,338
3012,Battling Butler (1926),1926,3.48,130
61352,Traitor (2008),2008,3.48,904
4451,Jump Tomorrow (2001),2001,3.48,103
41912,Slim Susie (Smala Sussie) (2003),2003,3.48,77
167870,The White Helmets (2016),2016,3.48,51
7111,Ryan's Daughter (1970),1970,3.48,127
2671,Notting Hill (1999),1999,3.48,17387
8292,Hakuchi (1951),1951,3.48,101
1173,"Cook the Thief His Wife & Her Lover, The (1989)",1989,3.48,3407
7181,Ship of Fools (1965),1965,3.48,126
45728,Clerks II (2006),2006,3.48,4606
55286,Things We Lost in the Fire (2007),2007,3.48,377
276903,To Leslie (2022),2022,3.48,50
26602,Pathfinder (Ofelas) (1987),1987,3.48,50
127040,Fantomas (Fantômas) (1964),1964,3.48,124
2025,Lolita (1997),1997,3.48,2727
8611,"Farmer's Daughter, The (1947)",1947,3.48,74
3205,Black Sunday (La maschera del demonio) (1960),1960,3.48,343
5980,Black Christmas (1974),1974,3.48,636
956,Penny Serenade (1941),1941,3.48,391
5349,Spider-Man (2002),2002,3.48,38627
2991,Live and Let Die (1973),1973,3.48,5787
199538,Leaving Neverland (2019),2019,3.48,145
1337,"Body Snatcher, The (1945)",1945,3.48,724
86,White Squall (1996),1996,3.48,4374
31851,Sons of the Desert (1933),1933,3.48,96
43744,Imagine Me & You (2005),2005,3.48,502
72,Kicking and Screaming (1995),1995,3.48,1378
188505,The 12th Man (2017),2017,3.48,95
3627,Carnival of Souls (1962),1962,3.48,899
60293,"Wackness, The (2008)",2008,3.48,588
26240,"Beguiled, The (1971)",1971,3.48,235
140942,The Turkish Gambit (2005),2005,3.48,70
66130,Chocolate (2008),2008,3.48,373
8622,Fahrenheit 9/11 (2004),2004,3.48,10946
132549,Grandma (2015),2015,3.48,163
26164,Fando and Lis (Fando y Lis) (1968),1968,3.48,93
7235,Ichi the Killer (Koroshiya 1) (2001),2001,3.48,1530
33539,Deep Blue (2003),2003,3.48,139
4678,UHF (1989),1989,3.48,2168
27744,"Facing Windows (Finestra di fronte, La) (2003)",2003,3.48,115
5668,White Oleander (2002),2002,3.48,1240
54256,Hot Rod (2007),2007,3.48,1917
116807,Babysitting (2014),2014,3.48,90
8826,Human Resources (Ressources humaines) (1999),1999,3.48,67
60103,Angel Face (1952),1952,3.48,67
186631,Everybody Knows (2018),2018,3.48,176
93750,Eden of the East the Movie II: Paradise Lost (Higashi no Eden Gekijôban II: Paradise Lost) (2010),2010,3.48,66
61493,Flash Point (a.k.a. Flashpoint) (Dou fo sin) (2007),2007,3.48,110
213347,A Quiet Place Part II (2020),2020,3.48,1229
177871,Victoria & Abdul (2017),2017,3.48,239
95856,Knick Knack (1989),1989,3.48,347
2455,"Fly, The (1986)",1986,3.48,12962
5168,Royal Wedding (1951),1951,3.48,259
79242,"Kids Are All Right, The (2010)",2010,3.48,1916
5472,1776 (1972),1972,3.48,495
178843,Long Shot (2017),2017,3.48,64
26749,Prospero's Books (1991),1991,3.48,106
7093,"Front Page, The (1974)",1974,3.48,231
86190,Hanna (2011),2011,3.48,3464
140289,Men & Chicken (2015),2015,3.48,104
5614,"His Secret Life (a.k.a. Ignorant Fairies, The) (Fate ignoranti, Le) (2001)",2001,3.48,104
47714,Blithe Spirit (1945),1945,3.48,83
86574,Foo Fighters: Back and Forth (2011),2011,3.48,83
55732,Martian Child (2007),2007,3.48,413
6748,"Brood, The (1979)",1979,3.48,672
80748,Alice in Wonderland (1933),1933,3.48,122
3143,Hell in the Pacific (1968),1968,3.48,223
1516,Children of the Revolution (1996),1996,3.48,466
94815,Chicken with Plums (Poulet aux prunes) (2011),2011,3.48,81
199910,The Professor and the Madman (2019),2019,3.48,243
5233,Road to Utopia (1946),1946,3.48,121
8123,Sammy and Rosie Get Laid (1987),1987,3.48,80
43883,"Great McGinty, The (1940)",1940,3.48,60
3194,"Way We Were, The (1973)",1973,3.47,1276
8360,Shrek 2 (2004),2004,3.47,26102
141544,Turbo Kid (2015),2015,3.47,435
142843,Little Witch Academia (2013),2013,3.47,79
35347,Animal Farm (1954),1954,3.47,392
56941,P.S. I Love You (2007),2007,3.47,3091
3183,"Third Miracle, The (1999)",1999,3.47,215
276929,Prey (2022),2022,3.47,800
48711,Facing the Giants (2006),2006,3.47,195
203154,Rolling Thunder Revue: A Bob Dylan Story by Martin Scorsese (2019),2019,3.47,78
4383,"Crimson Rivers, The (Rivières pourpres, Les) (2000)",2000,3.47,1245
65588,"Gamers, The: Dorkness Rising (2008)",2008,3.47,136
5287,"After Dark, My Sweet (1990)",1990,3.47,194
27112,"Tough Ones, The (Häjyt) (1999)",1999,3.47,58
26589,Dragons Forever (1988),1988,3.47,77
27758,"Easy Riders, Raging Bulls: How the Sex, Drugs and Rock 'N' Roll Generation Saved Hollywood (2003)",2003,3.47,77
118696,The Hobbit: The Battle of the Five Armies (2014),2014,3.47,8616
4562,Without a Clue (1988),1988,3.47,402
105954,All Is Lost (2013),2013,3.47,840
7713,Cat People (1942),1942,3.47,591
33437,Unleashed (Danny the Dog) (2005),2005,3.47,1905
4713,Altered States (1980),1980,3.47,1961
83540,"Silence of the Sea, The (Le silence de la mer) (1949)",1949,3.47,57
148984,The Propaganda Game (2015),2015,3.47,57
4586,"Dry White Season, A (1989)",1989,3.47,133
39941,"Love on the Run (Amour en fuite, L') (1979)",1979,3.47,57
8923,Tess (1979),1979,3.47,359
57393,Trade (2007),2007,3.47,94
8629,"Book of Life, The (1998)",1998,3.47,75
33905,Somebody Up There Likes Me (1956),1956,3.47,75
425,Blue Sky (1994),1994,3.47,880
271134,Cha Cha Real Smooth (2022),2022,3.47,112
3501,Murphy's Romance (1985),1985,3.47,949
139857,Colonia (2016),2016,3.47,334
225169,American Murder: The Family Next Door (2020),2020,3.47,111
176419,Mother! (2017),2017,3.47,2597
88140,Captain America: The First Avenger (2011),2011,3.47,13852
73101,Looking for Eric (2009),2009,3.47,220
8644,"I, Robot (2004)",2004,3.47,23382
47287,Compulsion (1959),1959,3.47,91
4055,Panic (2000),2000,3.47,781
31737,Bunny Lake Is Missing (1965),1965,3.47,145
3530,Smoking/No Smoking (1993),1993,3.47,54
47634,36 Quai des Orfèvres (Department 36) (2004),2004,3.47,198
54426,12:08 East of Bucharest (A fost sau n-a fost?) (2006),2006,3.47,90
114793,Time of Eve (Eve no jikan) (2010),2010,3.47,90
2193,Willow (1988),1988,3.47,10683
226202,Free Guy (2020),2020,3.47,2130
6820,Ginger Snaps (2000),2000,3.47,1250
54745,Rocket Science (2007),2007,3.47,500
4661,Sea of Love (1989),1989,3.47,1263
27304,Female Prisoner #701: Scorpion (Joshuu 701-gô: Sasori) (1972),1972,3.47,71
55856,Azur & Asmar (Azur et Asmar) (2006),2006,3.47,53
26565,Asterix in Britain (Astérix chez les Bretons) (1986),1986,3.47,194
204294,The Great Hack (2019),2019,3.47,176
1575,Gabbeh (1996),1996,3.47,158
1701,Deconstructing Harry (1997),1997,3.47,3369
116799,Inherent Vice (2014),2014,3.47,1702
25738,"Last of the Mohicans, The (1920)",1920,3.47,70
2287,Them! (1954),1954,3.47,1678
113862,"Guest, The (2014)",2014,3.47,1133
1810,Primary Colors (1998),1998,3.47,4091
206107,Mosul (2019),2019,3.47,52
2276,"Soldier's Daughter Never Cries, A (1998)",1998,3.47,360
78316,Letters to Juliet (2010),2010,3.47,1400
2073,Fandango (1985),1985,3.47,630
3852,"Tao of Steve, The (2000)",2000,3.47,1907
62000,"Steamroller and the Violin, The (Katok i skripka) (1961)",1961,3.47,85
40586,Calamari Union (1985),1985,3.47,153
7232,Heat and Dust (1983),1983,3.47,51
46862,Orchestra Rehearsal (Prova d'orchestra) (1978),1978,3.47,51
42546,Passport to Pimlico (1949),1949,3.47,51
3300,Pitch Black (2000),2000,3.47,11632
259665,Belfast (2021),2021,3.47,356
219444,The Outpost (2020),2020,3.47,186
52929,Red Road (2006),2006,3.47,152
7083,Sweet Dreams (1985),1985,3.47,84
183155,Lean on Pete (2018),2018,3.47,117
212387,The Translators (2019),2019,3.47,50
6394,Big Jake (1971),1971,3.47,250
99143,Cirque du Soleil: Worlds Away (2012),2012,3.47,50
206449,Saint Maud (2019),2019,3.47,366
6419,Mr. & Mrs. Bridge (1990),1990,3.47,166
206,Unzipped (1995),1995,3.47,1028
5087,Get Out Your Handkerchiefs (Préparez vos mouchoirs) (1978),1978,3.47,116
105211,Enough Said (2013),2013,3.47,679
56152,Enchanted (2007),2007,3.47,5427
64229,Cadillac Records (2008),2008,3.47,231
164933,Collector (2016),2016,3.47,66
5453,Lost in Yonkers (1993),1993,3.47,246
1083,"Great Race, The (1965)",1965,3.47,1631
5384,I Want to Live! (1958),1958,3.47,113
350,"Client, The (1994)",1994,3.47,16467
26479,"Pirates of Penzance, The (1983)",1983,3.47,177
5015,Monster's Ball (2001),2001,3.47,5935
3639,"Man with the Golden Gun, The (1974)",1974,3.47,4708
259575,Schumacher (2021),2021,3.47,64
4731,Innocence (2000),2000,3.47,144
80834,Sintel (2010),2010,3.47,80
26560,"Unknown Soldier, The (Tuntematon sotilas) (1985)",1985,3.47,96
3751,Chicken Run (2000),2000,3.47,22822
67620,Nothing But the Truth (2008),2008,3.47,335
56479,Party Monster (1998),1998,3.47,79
104457,You're Next (2011),2011,3.47,1144
74504,Letters to Father Jacob (Postia pappi Jaakobille) (2009),2009,3.47,94
114662,American Sniper (2014),2014,3.47,6578
131444,Rurouni Kenshin: The Legend Ends (2014),2014,3.47,93
109390,"Black Coal, Thin Ice (Bai ri yan huo) (2014)",2014,3.47,93
86593,African Cats (2011),2011,3.47,62
8464,Super Size Me (2004),2004,3.47,13770
212461,The Invisible Man (2020),2020,3.47,1886
96991,"Sapphires, The (2012)",2012,3.47,139
64983,Valkyrie (2008),2008,3.47,3298
176653,Superman II: The Richard Donner Cut (2006),2006,3.47,92
8522,My Little Chickadee (1940),1940,3.47,92
1029,Dumbo (1941),1941,3.47,10545
2273,Rush Hour (1998),1998,3.47,14643
2939,Niagara (1953),1953,3.47,578
1033,"Fox and the Hound, The (1981)",1981,3.47,5397
4787,Little Man Tate (1991),1991,3.47,1435
42556,7 Faces of Dr. Lao (1964),1964,3.47,105
7149,Something's Gotta Give (2003),2003,3.47,4574
85412,"Troll Hunter, The (Trolljegeren) (2010)",2010,3.47,1360
71135,Pandorum (2009),2009,3.47,2871
167990,The Young Offenders (2016),2016,3.47,89
103736,Scenic Route (2013),2013,3.47,74
128695,The Dark Valley (2014),2014,3.47,74
27571,"Rage in Placid Lake, The (2003)",2003,3.47,59
195551,Ash Is Purest White (2018),2018,3.47,117
712,Captives (1994),1994,3.47,190
89629,Point Blank (À bout portant) (2010),2010,3.47,175
84601,Unknown (2011),2011,3.47,2753
258575,Mad God (2021),2021,3.47,160
137857,The Jungle Book (2016),2016,3.47,3286
32239,Save the Green Planet! (Jigureul jikyeora!) (2003),2003,3.47,218
2981,"Brother, Can You Spare a Dime? (1975)",1975,3.47,58
186305,Kodachrome (2018),2018,3.47,116
5354,Cactus Flower (1969),1969,3.47,246
78759,"Special Relationship, The (2010)",2010,3.47,101
71542,"September Issue, The (2009)",2009,3.47,216
45722,Pirates of the Caribbean: Dead Man's Chest (2006),2006,3.47,21481
144,"Brothers McMullen, The (1995)",1995,3.47,4517
179329,Film Stars Don't Die in Liverpool (2017),2017,3.46,57
45188,"Wayward Cloud, The (Tian bian yi duo yun) (2005)",2005,3.46,71
952,Around the World in 80 Days (1956),1956,3.46,2595
77328,Red Riding: 1974 (2009),2009,3.46,240
6388,Regeneration (1997),1997,3.46,56
71695,"Docks of New York, The (1928)",1928,3.46,70
2129,"Saltmen of Tibet, The (Salzmänner von Tibet, Die) (1997)",1997,3.46,70
5795,"Big Knife, The (1955)",1955,3.46,56
74948,Harry Brown (2009),2009,3.46,1019
276047,Where the Crawdads Sing (2022),2022,3.46,279
2221,Blackmail (1929),1929,3.46,251
79006,Empire of Dreams: The Story of the 'Star Wars' Trilogy (2004),2004,3.46,195
3283,Minnie and Moskowitz (1971),1971,3.46,139
2394,"Prince of Egypt, The (1998)",1998,3.46,8094
210851,Emma (2020),2020,3.46,569
194052,At Eternity's Gate (2018),2018,3.46,263
59607,King Corn (2007),2007,3.46,124
260617,Licorice Pizza (2021),2021,3.46,784
650,Moll Flanders (1996),1996,3.46,1360
2499,God Said 'Ha!' (1998),1998,3.46,384
166705,Fences (2016),2016,3.46,781
39427,Stay (2005),2005,3.46,1192
188301,Ant-Man and the Wasp (2018),2018,3.46,4638
4245,Shadow Magic (2000),2000,3.46,82
27006,RKO 281 (1999),1999,3.46,109
26346,"Story of Adele H., The (Histoire d'Adèle H., L') (1975)",1975,3.46,68
266636,South Park: Post Covid: The Return of Covid (2021),2021,3.46,95
718,"Visitors, The (Visiteurs, Les) (1993)",1993,3.46,1248
126599,The Little Death (2014),2014,3.46,217
26399,Five Deadly Venoms (1978),1978,3.46,122
3253,Wayne's World (1992),1992,3.46,16697
6581,"Private Life of Sherlock Holmes, The (1970)",1970,3.46,336
121111,V (1983),1983,3.46,134
130518,The Amazing Screw-On Head (2006),2006,3.46,67
1555,"To Have, or Not (En avoir (ou pas)) (1995)",1995,3.46,67
103141,Monsters University (2013),2013,3.46,6587
102125,Iron Man 3 (2013),2013,3.46,12709
53880,Putney Swope (1969),1969,3.46,80
131252,Forklift Driver Klaus: The First Day on the Job (2001),2001,3.46,80
4813,When Worlds Collide (1951),1951,3.46,386
2371,Fletch (1985),1985,3.46,6943
99846,Everything or Nothing: The Untold Story of 007 (2012),2012,3.46,53
43289,"Bird People in China, The (Chûgoku no chôjin) (1998)",1998,3.46,53
139634,The True Cost (2015),2015,3.46,53
3087,Scrooged (1988),1988,3.46,6401
48972,Lunacy (Sílení) (2006),2006,3.46,66
87306,Super 8 (2011),2011,3.46,6604
3612,The Slipper and the Rose: The Story of Cinderella (1976),1976,3.46,158
4945,"Enforcer, The (1976)",1976,3.46,829
26414,"Wedding, A (1978)",1978,3.46,92
167546,Gold (2016),2016,3.46,368
174423,Rakka (2017),2017,3.46,105
8426,Robot Carnival (Roboto kânibauru) (1987),1987,3.46,170
112890,Jimmy's Hall (2014),2014,3.46,52
3832,"Black Sabbath (Tre volti della paura, I) (1963)",1963,3.46,272
4448,"Score, The (2001)",2001,3.46,5386
141688,Legend (2015),2015,3.46,1151
58223,"Method, The (Método, El) (2005)",2005,3.46,155
104875,"History of Future Folk, The (2012)",2012,3.46,103
71057,9 (2009),2009,3.46,4403
154890,Father and Daughter (2000),2000,3.46,64
8126,Shock Corridor (1963),1963,3.46,268
25980,Gate of Hell (Jigokumon) (1953),1953,3.46,51
61037,Silent Light (Stellet licht) (2007),2007,3.46,102
1056,Jude (1996),1996,3.46,748
282753,Sharper (2023),2023,3.46,76
7883,I Walked with a Zombie (1943),1943,3.46,329
27816,Saints and Soldiers (2003),2003,3.46,430
8623,Roxanne (1987),1987,3.46,2943
133945,Deep Web (2015),2015,3.46,101
6218,Bend It Like Beckham (2002),2002,3.46,10725
243642,Zack Snyder's Justice League (2021),2021,3.46,1156
27362,"Sometimes Happiness, Sometimes Sorrow (Kabhi Khushi Kabhie Gham) (2001)",2001,3.46,213
128908,Cloudburst (2011),2011,3.46,50
7761,"Soft Skin, The (La peau douce) (1964)",1964,3.46,100
172763,The Adventures of the Electronic (1979),1979,3.46,50
6105,Moonlighting (1982),1982,3.46,162
48783,Flags of Our Fathers (2006),2006,3.46,1967
7137,"Cooler, The (2003)",2003,3.46,1828
54605,"Kill, Baby, Kill (Operazione paura) (1966)",1966,3.46,87
3112,'night Mother (1986),1986,3.46,360
1768,Mother and Son (Mat i syn) (1997),1997,3.46,62
73321,"Book of Eli, The (2010)",2010,3.46,8038
1865,Wild Man Blues (1997),1997,3.46,408
861,Supercop (Police Story 3: Supercop) (Jing cha gu shi III: Chao ji jing cha) (1992),1992,3.46,2707
2074,"Night Porter, The (Portiere di notte, Il) (1974)",1974,3.46,395
1339,Dracula (Bram Stoker's Dracula) (1992),1992,3.46,11331
47446,"Moustache, La (2005)",2005,3.46,197
61024,Pineapple Express (2008),2008,3.46,8332
129781,About Alex (2014),2014,3.46,86
6522,Man's Favorite Sport? (1964),1964,3.46,86
55851,Crazy Love (2007),2007,3.46,86
93748,Eden of the East the Movie I: The King of Eden (Higashi no Eden Gekijoban) (2009),2009,3.46,86
66511,Berlin Calling (2008),2008,3.46,98
221244,Kajillionaire (2020),2020,3.46,269
47566,Born to Kill (1947),1947,3.46,61
164,Devil in a Blue Dress (1995),1995,3.46,4541
105835,"Double, The (2013)",2013,3.46,852
42213,"Goodnight, Mister Tom (1999)",1999,3.46,73
5600,"Wanderers, The (1979)",1979,3.46,194
4789,Phantom of the Paradise (1974),1974,3.46,533
27216,Katsastus (1988),1988,3.46,109
3211,"Cry in the Dark, A (1988)",1988,3.46,410
6645,THX 1138 (1971),1971,3.46,1783
43,Restoration (1995),1995,3.46,2572
4557,Tucker: The Man and His Dream (1988),1988,3.46,1031
3936,Phantom of the Opera (1943),1943,3.46,586
251086,The Suicide Squad (2021),2021,3.46,1708
53000,28 Weeks Later (2007),2007,3.46,7871
5745,"Four Seasons, The (1981)",1981,3.46,274
6020,Alice Adams (1935),1935,3.46,119
6887,Radio (2003),2003,3.46,1332
83798,Cracks (2009),2009,3.46,214
6495,Experiment in Terror (1962),1962,3.46,95
141874,The Adventures of Buratino (1975),1975,3.46,59
6573,Avanti! (1972),1972,3.46,165
275191,Ricky Gervais: SuperNature (2022),2022,3.46,94
212012,Miss Americana (2020),2020,3.46,129
27851,"Fond Kiss, A (Ae Fond Kiss...) (2004)",2004,3.46,129
233095,Palmer (2021),2021,3.46,82
1370,Die Hard 2 (1990),1990,3.46,19308
934,Father of the Bride (1950),1950,3.46,3977
228563,News of the World (2020),2020,3.46,421
85020,"Mechanic, The (2011)",2011,3.46,2618
70497,Stone of Destiny (2008),2008,3.46,70
1669,"Tango Lesson, The (1997)",1997,3.46,315
802,Phenomenon (1996),1996,3.46,14093
109578,Non-Stop (2014),2014,3.46,2155
666,All Things Fair (Lust och fägring stor) (1995),1995,3.46,198
3771,The Golden Voyage of Sinbad (1973),1973,3.46,652
5786,Paid in Full (2002),2002,3.46,93
252360,"Batman: The Long Halloween, Part One (2021)",2021,3.46,93
43921,Running Scared (2006),2006,3.46,976
2090,"Rescuers, The (1977)",1977,3.46,3702
223027,Class Action Park (2020),2020,3.46,116
8917,Team America: World Police (2004),2004,3.46,8475
54910,Behind the Mask: The Rise of Leslie Vernon (2006),2006,3.46,382
35836,"40-Year-Old Virgin, The (2005)",2005,3.46,20093
5095,"Scotland, Pa. (2001)",2001,3.46,451
40148,Revolver (2005),2005,3.46,1155
7770,Treasure Island (1990),1990,3.46,115
172671,The Rifleman of the Voroshilov Regiment (1999),1999,3.46,69
5410,Silent Running (1972),1972,3.46,1103
6567,Buffalo Soldiers (2001),2001,3.46,804
1152,He Walked by Night (1948),1948,3.46,206
188749,The Equalizer 2 (2018),2018,3.46,1098
127311,The Forbidden Room (2015),2015,3.46,80
90746,"Adventures of Tintin, The (2011)",2011,3.46,4148
2707,Arlington Road (1999),1999,3.46,7347
49815,"Place Promised in Our Early Days, The (Kumo no mukô, yakusoku no basho) (2004)",2004,3.46,251
250852,Plan B (2021),2021,3.46,57
6897,Unconditional Love (2002),2002,3.46,57
3189,My Dog Skip (1999),1999,3.46,1968
202435,Beanpole (2019),2019,3.46,91
159093,Now You See Me 2 (2016),2016,3.46,4622
7984,From Beyond (1986),1986,3.46,566
6065,I'm All Right Jack (1959),1959,3.46,124
117545,Asterix: The Land of the Gods (Astérix: Le domaine des dieux) (2014),2014,3.46,225
6528,Start the Revolution Without Me (1970),1970,3.46,135
103810,Red 2 (2013),2013,3.46,2504
3046,"Incredibly True Adventure of Two Girls in Love, The (1995)",1995,3.46,640
166721,Bleed for This (2016),2016,3.46,112
26375,Silver Streak (1976),1976,3.46,660
8198,"1000 Eyes of Dr. Mabuse, The (Die 1000 Augen des Dr. Mabuse) (1960)",1960,3.46,78
1067,"Damsel in Distress, A (1937)",1937,3.46,156
119068,"Men, Women & Children (2014)",2014,3.45,211
4195,"Abominable Dr. Phibes, The (1971)",1971,3.45,577
216963,Possessor (2020),2020,3.45,465
50651,Kenny (2006),2006,3.45,177
250968,In The Heights (2021),2021,3.45,386
3055,Felicia's Journey (1999),1999,3.45,627
99996,It's a Disaster (2012),2012,3.45,176
69509,"Vampires, Les (1915)",1915,3.45,55
33138,Palindromes (2004),2004,3.45,471
58879,Shine a Light (2008),2008,3.45,208
276087,Vengeance (2022),2022,3.45,208
116893,Trash (2014),2014,3.45,109
56908,Dedication (2007),2007,3.45,185
109740,Obvious Child (2014),2014,3.45,446
163971,Christine (2016),2016,3.45,195
1566,Hercules (1997),1997,3.45,9076
53349,Ten Canoes (2006),2006,3.45,108
72169,Good Hair (2009),2009,3.45,194
1933,"Life of Emile Zola, The (1937)",1937,3.45,237
224262,Love and Monsters (2020),2020,3.45,741
6181,"Red Badge of Courage, The (1951)",1951,3.45,161
3870,Our Town (1940),1940,3.45,225
160954,Nerve (2016),2016,3.45,1392
6854,"Bedford Incident, The (1965)",1965,3.45,107
3795,"Five Senses, The (1999)",1999,3.45,267
60503,Katyn (2007),2007,3.45,192
80729,(Untitled) (2009),2009,3.45,64
68886,I Do: How to Get Married and Stay Single (Prête-moi ta main) (2006),2006,3.45,85
91597,This Is Not a Film (In film nist) (2011),2011,3.45,85
54171,Re-cycle (Gwai wik) (2006),2006,3.45,53
263405,Nightmare Alley (2021),2021,3.45,710
84273,Zeitgeist: Moving Forward (2011),2011,3.45,349
85777,Death Note 2: The Last Name (2006),2006,3.45,190
4345,"Anniversary Party, The (2001)",2001,3.45,1041
4932,Dressed to Kill (1980),1980,3.45,924
121035,Houdini (2014),2014,3.45,84
1042,That Thing You Do! (1996),1996,3.45,8877
966,A Walk in the Sun (1945),1945,3.45,136
5055,Dragon: The Bruce Lee Story (1993),1993,3.45,1977
83264,Band Baaja Baaraat (2010),2010,3.45,115
78218,Unthinkable (2010),2010,3.45,877
5945,About Schmidt (2002),2002,3.45,7009
5846,Raggedy Man (1981),1981,3.45,73
42634,Boys Don't Cry (Chlopaki nie placza) (2000),2000,3.45,104
42935,Riding Alone for Thousands of Miles (Qian li zou dan qi) (2005),2005,3.45,52
173205,The Meyerowitz Stories (2017),2017,3.45,549
3398,"Muppets Take Manhattan, The (1984)",1984,3.45,2661
117456,Beyond the Lights (2014),2014,3.45,124
80111,Black Girl (La noire de...) (1966),1966,3.45,93
5074,Storytelling (2001),2001,3.45,1031
1312,Female Perversions (1996),1996,3.45,340
33672,Lords of Dogtown (2005),2005,3.45,864
134859,The Wolfpack (2015),2015,3.45,185
6723,Once Upon a Time in China III (Wong Fei-hung tsi sam: Siwong tsangba) (1993),1993,3.45,226
93240,Children Who Chase Lost Voices from Deep Below (Hoshi o ou kodomo) (Journey to Agartha) (2011),2011,3.45,267
2102,Steamboat Willie (1928),1928,3.45,1529
5947,Evelyn (2002),2002,3.45,246
837,Matilda (1996),1996,3.45,7130
25904,Ministry of Fear (1944),1944,3.45,133
156726,Hush (2016),2016,3.45,1571
81568,"Fuehrer's Face, Der (1942)",1942,3.45,102
7008,Last Tango in Paris (Ultimo tango a Parigi) (1972),1972,3.45,1199
6311,"Other Side of Heaven, The (2001)",2001,3.45,142
47728,Green for Danger (1946),1946,3.45,81
78729,24: Redemption (2008),2008,3.45,334
79588,Charlie St. Cloud (2010),2010,3.45,516
8748,"Yesterday, Today and Tomorrow (Ieri, oggi, domani) (1963)",1963,3.45,101
93842,Delicacy (La délicatesse) (2011),2011,3.45,101
132888,Comedy Central Roast of James Franco (2013),2013,3.45,121
49902,"Decameron, The (Decameron, Il) (1971)",1971,3.45,121
52287,Meet the Robinsons (2007),2007,3.45,2701
8521,Dr. Jekyll and Mr. Hyde (1931),1931,3.45,362
27563,"Happiness of the Katakuris, The (Katakuri-ke no kôfuku) (2001)",2001,3.45,371
25944,"Pirate, The (1948)",1948,3.45,50
261809,Bones & All,,3.45,180
178933,Newton (2017),2017,3.45,50
8504,Box of Moon Light (1996),1996,3.45,110
1611,My Own Private Idaho (1991),1991,3.45,2958
5118,"Heartbreak Kid, The (1972)",1972,3.45,248
3118,Tumbleweeds (1999),1999,3.45,386
5026,"Brotherhood of the Wolf (Pacte des loups, Le) (2001)",2001,3.45,3499
160874,"Life, Animated (2016)",2016,3.45,79
160020,The Witness (2016),2016,3.45,79
8636,Spider-Man 2 (2004),2004,3.45,26989
60745,Blast of Silence (1961),1961,3.45,69
61357,Trouble the Water (2008),2008,3.45,69
272079,Jujutsu Kaisen 0 (2021),2021,3.45,69
170213,Wallace & Gromit's Cracking Contraptions (2002),2002,3.45,69
36527,Proof (2005),2005,3.45,1239
7049,Flying Down to Rio (1933),1933,3.45,108
31854,Morocco (1930),1930,3.45,108
4416,"Day the Earth Caught Fire, The (1961)",1961,3.45,176
449,Fear of a Black Hat (1994),1994,3.45,704
58334,Hallam Foe (Mister Foe) (2007),2007,3.45,205
76127,"You're a Good Man, Charlie Brown (1985)",1985,3.45,78
514,"Ref, The (1994)",1994,3.45,4795
1529,Nowhere (1997),1997,3.45,331
177867,Borg vs McEnroe (2017),2017,3.45,175
73276,"Age of Stupid, The (2009)",2009,3.45,97
33819,Heights (2004),2004,3.45,155
85788,Insidious (2010),2010,3.45,3242
819,Stefano Quantestorie (1993),1993,3.45,58
4274,Cleopatra (1963),1963,3.45,666
40278,Jarhead (2005),2005,3.45,5054
8595,"Flim-Flam Man, The (1967)",1967,3.45,77
3753,"Patriot, The (2000)",2000,3.45,18624
7614,Oklahoma! (1955),1955,3.45,731
176929,Happy Death Day (2017),2017,3.45,1489
266788,The Lost Daughter (2021),2021,3.45,288
55417,Irina Palm (2007),2007,3.45,96
7947,Under the Volcano (1984),1984,3.45,96
96281,ParaNorman (2012),2012,3.45,1676
88267,Winnie the Pooh (2011),2011,3.45,430
183613,Thoroughbreds (2018),2018,3.45,640
280218,Avatar: The Way of Water (2022),2022,3.45,1059
33004,"Hitchhiker's Guide to the Galaxy, The (2005)",2005,3.45,12859
170745,13 reasons why,,3.45,362
163,Desperado (1995),1995,3.45,16327
111852,Generation Iron (2013),2013,3.45,57
766,I Shot Andy Warhol (1996),1996,3.45,1821
1785,King of New York (1990),1990,3.45,1517
6755,Bubba Ho-tep (2002),2002,3.45,2554
263005,West Side Story (2021),2021,3.45,435
101360,"Call, The (2013)",2013,3.45,699
130840,Spring (2015),2015,3.45,425
5687,Take Care of My Cat (Goyangileul butaghae) (2001),2001,3.45,66
7479,Watch on the Rhine (1943),1943,3.45,66
56757,Sweeney Todd: The Demon Barber of Fleet Street (2007),2007,3.45,8791
45658,On a Clear Day (2005),2005,3.45,75
751,Careful (1992),1992,3.45,178
103255,Dirty Wars (2013),2013,3.45,103
3367,"Devil's Brigade, The (1968)",1968,3.45,215
156819,Confirmation (2016),2016,3.45,56
4401,Donovan's Reef (1963),1963,3.45,298
210897,John Mulaney & The Sack Lunch Bunch (2019),2019,3.45,121
25842,Topper (1937),1937,3.45,121
8803,Blue Spring (Aoi haru) (2001),2001,3.45,65
198667,Abducted in Plain Sight (2017),2017,3.45,102
31101,Stander (2003),2003,3.45,204
31184,Appleseed (Appurushîdo) (2004),2004,3.45,945
3372,"Bridge at Remagen, The (1969)",1969,3.45,361
2427,"Thin Red Line, The (1998)",1998,3.45,9530
2029,Billy's Hollywood Screen Kiss (1997),1997,3.45,508
8662,Joan of Arc (1948),1948,3.45,101
70769,If Only (2004),2004,3.45,211
3466,Heart and Souls (1993),1993,3.45,1216
7839,Love Crazy (1941),1941,3.45,64
3731,Cutter's Way (1981),1981,3.45,265
185319,Prospect (2018),2018,3.45,374
192319,Operation Finale (2018),2018,3.45,228
79592,"Other Guys, The (2010)",2010,3.45,4833
126584,Beyond Outrage (2012),2012,3.45,82
92507,Safe House (2012),2012,3.45,1966
5359,Rambling Rose (1991),1991,3.44,307
561,Killer (Bulletproof Heart) (1994),1994,3.44,225
261839,The Electrical Life of Louis Wain (2021),2021,3.44,81
42681,49th Parallel (1941),1941,3.44,90
2085,101 Dalmatians (One Hundred and One Dalmatians) (1961),1961,3.44,9908
3786,But I'm a Cheerleader (1999),1999,3.44,2472
260243,The Power of the Dog (2021),2021,3.44,841
105246,Mood Indigo (L'écume des jours) (2013),2013,3.44,214
6701,Zero Day (2002),2002,3.44,107
6322,Confidence (2003),2003,3.44,1248
60530,Water Lilies (Naissance des pieuvres) (2007),2007,3.44,205
77266,Disgrace (2008),2008,3.44,71
27873,Metallica: Some Kind of Monster (2004),2004,3.44,949
112940,A Most Wanted Man (2014),2014,3.44,833
1910,I Went Down (1997),1997,3.44,310
5231,Road to Morocco (1942),1942,3.44,239
275157,"Good Luck to You, Leo Grande (2022)",2022,3.44,115
1743,Arguing the World (1998),1998,3.44,53
3132,Daddy Long Legs (1919),1919,3.44,159
70015,Polytechnique (2009),2009,3.44,194
114762,Two Night Stand (2014),2014,3.44,872
190401,Calibre (2018),2018,3.44,246
258451,Last Night in Soho (2021),2021,3.44,861
2189,I Married A Strange Person! (1997),1997,3.44,202
142999,Hidden (2015),2015,3.44,237
5873,The Emperor's Club (2002),2002,3.44,719
93933,Footnote (Hearat Shulayim) (2011),2011,3.44,105
164655,Gimme Danger (2016),2016,3.44,70
563,Germinal (1993),1993,3.44,358
26025,"Spirit of St. Louis, The (1957)",1957,3.44,96
168174,Jim Gaffigan: Cinco (2017),2017,3.44,61
832,Ransom (1996),1996,3.44,15696
1138,Dadetown (1995),1995,3.44,52
121202,Hansel & Gretel (2007),2007,3.44,52
7060,Jesus Christ Superstar (1973),1973,3.44,1056
72741,Everybody's Fine (2009),2009,3.44,509
4236,Keep the River on Your Right: A Modern Cannibal Tale (2000),2000,3.44,138
587,Ghost (1990),1990,3.44,32382
183619,Den of Thieves (2018),2018,3.44,672
5196,Lion of the Desert (1980),1980,3.44,86
4923,Guadalcanal Diary (1943),1943,3.44,86
570,"Slingshot, The (Kådisbellan) (1993)",1993,3.44,232
4450,Bully (2001),2001,3.44,1074
6451,"Hot Rock, The (1972)",1972,3.44,146
8807,Harold and Kumar Go to White Castle (2004),2004,3.44,7269
169692,Tom of Finland (2017),2017,3.44,60
72113,Is Anybody There? (2008),2008,3.44,77
58622,"Hammer, The (2007)",2007,3.44,162
3202,Even Dwarfs Started Small (Auch Zwerge haben klein angefangen) (1971),1971,3.44,179
6307,"Iceman Cometh, The (1973)",1973,3.44,51
4851,Things Behind the Sun (2001),2001,3.44,51
88839,Anthony Zimmer (2005),2005,3.44,51
149552,Krisha (2015),2015,3.44,110
5797,"Company of Wolves, The (1984)",1984,3.44,516
34375,"Touch of Spice, A (Politiki kouzina) (2003)",2003,3.44,93
194762,The Clovehitch Killer (2018),2018,3.44,253
8189,Zazie dans le métro (1960),1960,3.44,143
61449,"Burning Plain, The (2008)",2008,3.44,143
83525,Outrage (Autoreiji) (2010),2010,3.44,193
105869,Kill Your Darlings (2013),2013,3.44,394
116989,Tales of the Grim Sleeper (2014),2014,3.44,67
168636,Nocturama (2016),2016,3.44,67
110350,Free to Play (2014),2014,3.44,67
2989,For Your Eyes Only (1981),1981,3.44,4933
100426,"Bang Bang Club, The (2010)",2010,3.44,50
33110,Phantom Lady (1944),1944,3.44,50
72947,Make the Yuletide Gay (2009),2009,3.44,50
98485,Aftermath (2012),2012,3.44,50
7250,"Out of Towners, The (1970)",1970,3.44,291
106696,Frozen (2013),2013,3.44,11102
5237,Taps (1981),1981,3.44,839
128736,I'm Here (2010),2010,3.44,83
34359,Georgy Girl (1966),1966,3.44,141
108571,Mitt (2014),2014,3.44,58
5741,"Woman Next Door, The (Femme d'à côté, La) (1981)",1981,3.44,116
398,Frank and Ollie (1995),1995,3.44,58
187,Party Girl (1995),1995,3.44,975
2736,Brighton Beach Memoirs (1986),1986,3.44,1462
82767,Rabbit Hole (2010),2010,3.44,519
43415,As Tears Go By (Wong gok ka moon) (1988),1988,3.44,148
116397,Stonehearst Asylum (2014),2014,3.44,534
7414,Going in Style (1979),1979,3.44,115
2474,"Color of Money, The (1986)",1986,3.44,3694
7128,Things to Come (1936),1936,3.44,229
169166,To the Bone (2017),2017,3.44,277
97225,Hotel Transylvania (2012),2012,3.44,3645
266786,Swan Song (2021),2021,3.44,65
48543,Antibodies (Antikörper) (2005),2005,3.44,138
61075,Elegy (2008),2008,3.44,349
163508,Certain Women (2016),2016,3.44,146
2528,Logan's Run (1976),1976,3.44,5936
224,Don Juan DeMarco (1995),1995,3.44,8731
6193,Poolhall Junkies (2002),2002,3.44,380
119139,Ascension (2014),2014,3.44,121
5088,"Going Places (Valseuses, Les) (1974)",1974,3.44,145
153070,Rabbits (2002),2002,3.44,145
4794,Opera (1987),1987,3.44,338
93297,Act of Valor (2012),2012,3.44,554
90405,In Time (2011),2011,3.44,7842
7030,Radio Flyer (1992),1992,3.44,409
242906,The Unbearable Weight of Massive Talent (2021),2021,3.44,713
1509,All Over Me (1997),1997,3.44,208
71575,Rudo y Cursi (Rough and Vulgar) (2008),2008,3.44,80
263407,Don't Look Up (2021),2021,3.44,2409
71327,Bright Star (2009),2009,3.44,397
7891,"Last Man on Earth, The (Ultimo uomo della Terra, L') (1964)",1964,3.44,389
5830,Mysterious Island (1961),1961,3.44,222
43677,"Tuskegee Airmen, The (1995)",1995,3.44,174
109243,Joe (2013),2013,3.44,348
144606,Confessions of a Dangerous Mind (2002),2002,3.44,410
41769,Mozart and the Whale (2005),2005,3.44,173
48167,Aaltra (2004),2004,3.44,55
239262,Passing (2021),2021,3.44,86
573,"Ciao, Professore! (Io speriamo che me la cavo) (1992)",1992,3.44,211
6684,Death in Venice (Morte a Venezia) (1971),1971,3.44,328
52299,American Hardcore (2006),2006,3.44,78
109802,"Man from the Future, The (O Homem do Futuro) (2011)",2011,3.44,78
347,Bitter Moon (1992),1992,3.44,1807
2023,"Godfather: Part III, The (1990)",1990,3.44,12326
205769,Dogs Don't Wear Pants (2019),2019,3.44,62
26462,Bad Boys (1983),1983,3.44,395
191459,The Sisters Brothers (2018),2018,3.44,573
173925,Seven Sisters (2017),2017,3.44,1215
192649,My Hero Academia the Movie: The Two Heroes (2018),2018,3.44,77
109629,Breathe In (2013),2013,3.44,77
1013,"Parent Trap, The (1961)",1961,3.44,4772
1619,Seven Years in Tibet (1997),1997,3.43,5657
5066,"Walk to Remember, A (2002)",2002,3.43,3360
108056,Pokémon Origins (2013),2013,3.43,84
597,Pretty Woman (1990),1990,3.43,39189
2236,Simon Birch (1998),1998,3.43,1931
5875,Personal Velocity (2002),2002,3.43,320
7045,"Witches, The (1990)",1990,3.43,1287
5222,Kissing Jessica Stein (2001),2001,3.43,1666
44582,City on Fire (Lung fu fong wan) (1987),1987,3.43,76
58964,Inside (À l'intérieur) (2007),2007,3.43,418
26198,"Yours, Mine and Ours (1968)",1968,3.43,220
5783,Derrida (2002),2002,3.43,91
1369,I Can't Sleep (J'ai pas sommeil) (1994),1994,3.43,106
34523,The Chumscrubber (2005),2005,3.43,477
155748,Born to Be Blue (2015),2015,3.43,53
41585,Kiss of Death (1947),1947,3.43,136
2444,24 7: Twenty Four Seven (1997),1997,3.43,83
196997,Black Mirror: Bandersnatch (2018),2018,3.43,1875
26858,Felidae (1994),1994,3.43,60
4074,"Legend of Rita, The (Stille nach dem Schuß, Die) (1999)",1999,3.43,90
59118,Happy-Go-Lucky (2008),2008,3.43,862
112946,Wish I Was Here (2014),2014,3.43,292
69134,Antichrist (2009),2009,3.43,2290
8422,Kings Row (1942),1942,3.43,67
8410,Suddenly (1954),1954,3.43,134
6964,Dance with a Stranger (1985),1985,3.43,67
3033,Spaceballs (1987),1987,3.43,15168
5069,Escaflowne: The Movie (Escaflowne) (2000),2000,3.43,489
1057,Everyone Says I Love You (1996),1996,3.43,3479
94896,Bernie (2011),2011,3.43,1076
71500,Trick 'r Treat (2007),2007,3.43,1112
168040,Marvel One-Shot: A Funny Thing Happened on the Way to Thor's Hammer (2011),2011,3.43,103
5613,8 Women (2002),2002,3.43,1037
91535,"Bourne Legacy, The (2012)",2012,3.43,4929
6508,"Bank, The (2001)",2001,3.43,154
5058,Heart of Glass (Herz aus Glas) (1976),1976,3.43,154
145384,The Absent One (2014),2014,3.43,110
3302,Beautiful People (1999),1999,3.43,262
7364,Intermission (2003),2003,3.43,465
275243,Elvis (2022),2022,3.43,660
6449,From the Terrace (1960),1960,3.43,58
205839,About Endlessness (2019),2019,3.43,58
94799,Sound of My Voice (2011),2011,3.43,427
68263,Mammoth (Mammut) (2009),2009,3.43,123
140627,Battle For Sevastopol (2015),2015,3.43,94
136588,Santa Claus is Comin' to Town (1970),1970,3.43,159
127158,Tig (2015),2015,3.43,65
27713,Bukowski: Born into This (2003),2003,3.43,65
4763,"Iron Ladies, The (Satree lek) (2000)",2000,3.43,65
8365,"Mother, The (2003)",2003,3.43,130
96834,Knuckleball! (2012),2012,3.43,65
3763,F/X (1986),1986,3.43,3452
7617,Rooster Cogburn (1975),1975,3.43,296
8667,A Home at the End of the World (2004),2004,3.43,345
7171,Aileen: Life and Death of a Serial Killer (2003),2003,3.43,345
26965,"Boxer, The (1997)",1997,3.43,280
89570,Restless (2011),2011,3.43,136
176943,Dave Made a Maze (2017),2017,3.43,136
179811,Last Flag Flying (2017),2017,3.43,193
31247,"Fighting Sullivans, The (Sullivans, The) (1944)",1944,3.43,50
171439,A Dark Song (2017),2017,3.43,300
8201,At Play in the Fields of the Lord (1991),1991,3.43,114
1493,Love and Other Catastrophes (1996),1996,3.43,220
61132,Tropic Thunder (2008),2008,3.43,10818
5054,Brainstorm (1983),1983,3.43,722
192357,Colette (2018),2018,3.43,191
7918,"Indian Runner, The (1991)",1991,3.43,198
4008,Born on the Fourth of July (1989),1989,3.43,4468
104243,Riddick (2013),2013,3.43,3743
7416,"Sunshine Boys, The (1975)",1975,3.43,240
165831,Marvel One-Shot: All Hail the King (2014),2014,3.43,127
195001,Behind the Curve (2018),2018,3.43,134
1414,Mother (1996),1996,3.43,1684
39,Clueless (1995),1995,3.43,30616
50601,Bridge to Terabithia (2007),2007,3.43,2617
68,French Twist (Gazon maudit) (1995),1995,3.43,1241
69372,Big Man Japan (Dai-Nihonjin) (2007),2007,3.43,77
97302,Madame Tutli-Putli (2007),2007,3.43,63
170125,Little Witch Academia: The Enchanted Parade (2015),2015,3.43,56
5085,Carmen Jones (1954),1954,3.43,140
139205,Tanu Weds Manu Returns (2015),2015,3.43,63
7624,School Ties (1992),1992,3.43,706
14,Nixon (1995),1995,3.43,6116
183309,Every Day (2018),2018,3.43,160
34536,The Great Raid (2005),2005,3.43,417
10,GoldenEye (1995),1995,3.43,32474
390,Faster Pussycat! Kill! Kill! (1965),1965,3.43,970
2490,Payback (1999),1999,3.43,9557
32735,Arabian Nights (Il fiore delle mille e una notte) (1974),1974,3.43,83
4743,Tortilla Soup (2001),2001,3.43,559
3250,Alive (1993),1993,3.43,3040
3575,Defying Gravity (1997),1997,3.43,55
1650,Washington Square (1997),1997,3.43,433
4082,Barfly (1987),1987,3.43,885
111387,Palo Alto (2013),2013,3.43,313
162350,The Magnificent Seven (2016),2016,3.43,1939
187611,Adrift (2018),2018,3.43,306
92048,"Whistleblower, The (2010)",2010,3.43,272
187719,McQueen (2018),2018,3.43,68
203904,Blinded by the Light (2019),2019,3.43,217
2883,Mumford (1999),1999,3.43,1797
3567,Bossa Nova (2000),2000,3.43,183
45179,"Glass Key, The (1942)",1942,3.43,61
2240,My Bodyguard (1980),1980,3.43,1615
32902,Whisky (2004),2004,3.43,54
26702,"Reflecting Skin, The (1990)",1990,3.43,135
6072,"Unfaithful Wife, The (Femme infidèle, La) (1969)",1969,3.43,81
186381,Campeones (2018),2018,3.43,54
86644,"Fast Five (Fast and the Furious 5, The) (2011)",2011,3.43,4079
8608,"Butcher, The (Boucher, Le) (1970)",1970,3.43,155
149650,Childhood's End (2015),2015,3.43,128
26394,"Turning Point, The (1977)",1977,3.43,128
26675,Boiling Point (3-4 x jûgatsu) (1990),1990,3.43,74
4836,"Competition, The (1980)",1980,3.43,195
95375,Boundin' (2003),2003,3.43,316
1047,"Long Kiss Goodnight, The (1996)",1996,3.43,9265
1444,Guantanamera (1994),1994,3.43,134
3261,Singles (1992),1992,3.43,2934
77,Nico Icon (1995),1995,3.43,221
34162,Wedding Crashers (2005),2005,3.43,14627
67734,Adventureland (2009),2009,3.43,3999
68069,Ride Lonesome (1959),1959,3.42,60
8194,Baby Doll (1956),1956,3.42,120
58492,Snow Angels (2007),2007,3.42,213
2347,"Pope of Greenwich Village, The (1984)",1984,3.42,685
64501,Che: Part Two (2008),2008,3.42,379
146866,Louder Than Bombs (2015),2015,3.42,93
81725,How I Ended This Summer (Kak ya provyol etim letom) (2010),2010,3.42,93
43460,Tristram Shandy: A Cock and Bull Story (2005),2005,3.42,571
261273,Ron's Gone Wrong (2021),2021,3.42,146
25924,Humoresque (1946),1946,3.42,53
225221,Dick Johnson Is Dead (2020),2020,3.42,86
254238,Benedetta (2021),2021,3.42,119
1428,Angel Baby (1995),1995,3.42,323
81403,"Gendarme Gets Married, The (Le gendarme se marie) (1968)",1968,3.42,79
964,Angel and the Badman (1947),1947,3.42,362
4279,True Believer (1989),1989,3.42,276
113604,If I Stay (2014),2014,3.42,774
2527,Westworld (1973),1973,3.42,4964
239258,Together Together (2021),2021,3.42,59
7774,My Side of the Mountain (1969),1969,3.42,59
180161,Castello Cavalcanti (2013),2013,3.42,72
114378,CBGB (2013),2013,3.42,72
729,"Institute Benjamenta, or This Dream People Call Human Life (1995)",1995,3.42,144
279412,Enola Holmes 2 (2022),2022,3.42,359
106,Nobody Loves Me (Keiner liebt mich) (1994),1994,3.42,137
3101,Fatal Attraction (1987),1987,3.42,10267
53737,"Night of the Generals, The (1967)",1967,3.42,104
96567,"Words, The (2012)",2012,3.42,416
8520,Deep Cover (1992),1992,3.42,286
53406,Go (2001),2001,3.42,65
26245,"Go-Between, The (1970)",1970,3.42,65
1504,Hollow Reed (1996),1996,3.42,136
222137,The Devil All the Time (2020),2020,3.42,641
53972,Live Free or Die Hard (2007),2007,3.42,8504
269426,Emily the Criminal (2022),2022,3.42,336
86762,Attenberg (2010),2010,3.42,71
77561,Iron Man 2 (2010),2010,3.42,17099
6988,Broken Blossoms or The Yellow Man and the Girl (1919),1919,3.42,219
5381,"Charge of the Light Brigade, The (1968)",1968,3.42,103
86628,Kill the Irishman (2011),2011,3.42,457
26160,Asterix and the Gauls (Astérix le Gaulois) (1967),1967,3.42,148
1728,"Winter Guest, The (1997)",1997,3.42,238
198,Strange Days (1995),1995,3.42,9747
164649,The Fury of a Patient Man (2016),2016,3.42,64
148466,The Garden of Sinners - Chapter 1: Thanatos. (Overlooking View) (2007),2007,3.42,51
139130,Afro Samurai (2007),2007,3.42,223
2304,Love Is the Devil (1998),1998,3.42,121
5395,"Gambler, The (1974)",1974,3.42,146
3633,On Her Majesty's Secret Service (1969),1969,3.42,3429
4464,"Accidental Tourist, The (1988)",1988,3.42,1375
7898,Junior Bonner (1972),1972,3.42,76
96664,Where Do We Go Now? (2011),2011,3.42,76
33760,Anna and the King of Siam (1946),1946,3.42,57
4090,"Brave Little Toaster, The (1987)",1987,3.42,1753
6022,American Me (1992),1992,3.42,253
8633,"Last Starfighter, The (1984)",1984,3.42,1916
781,Stealing Beauty (1996),1996,3.42,2143
1596,Career Girls (1997),1997,3.42,511
34111,"God Who Wasn't There, The (2005)",2005,3.42,82
86898,"Tree of Life, The (2011)",2011,3.42,2503
45003,Shutter (2004),2004,3.42,592
208807,Queen & Slim (2019),2019,3.42,201
7285,Thirteen (2003),2003,3.42,2769
60758,Brideshead Revisited (2008),2008,3.42,219
4036,Shadow of the Vampire (2000),2000,3.42,2728
71693,Bay of Angels (La baie des anges) (1963),1963,3.42,50
164598,Gringo: The Dangerous Life of John McAfee (2016),2016,3.42,75
95309,Seeking a Friend for the End of the World (2012),2012,3.42,1868
88950,"Conspirator, The (2010)",2010,3.42,256
164367,The Girl with All the Gifts (2016),2016,3.42,674
162418,A Conspiracy of Faith (2016),2016,3.42,106
176101,Kingsman: The Golden Circle (2017),2017,3.42,3771
33677,Rock School (2005),2005,3.42,218
1101,Top Gun (1986),1986,3.42,24068
6272,Eye of God (1997),1997,3.42,56
191351,To All the Boys I've Loved Before (2018),2018,3.42,1007
2046,Flight of the Navigator (1986),1986,3.42,5617
8532,"Door in the Floor, The (2004)",2004,3.42,509
7194,Bonjour tristesse (1958),1958,3.42,93
121169,The Duke of Burgundy (2014),2014,3.42,186
47836,Sketches of Frank Gehry (2005),2005,3.42,62
170403,Going in Style (2017),2017,3.42,723
875,Nothing to Lose (1994),1994,3.42,525
53189,Eagle vs Shark (2007),2007,3.42,630
101088,Stoker (2013),2013,3.42,1130
94130,Bully (2011),2011,3.42,111
7221,Platinum Blonde (1931),1931,3.42,74
8931,Born Rich (2003),2003,3.42,141
155509,Mr. Right (2016),2016,3.42,711
79897,Get Low (2009),2009,3.42,392
105420,Parkland (2013),2013,3.42,98
74740,Fermat's Room (La habitación de Fermat) (2007),2007,3.42,306
47997,Idiocracy (2006),2006,3.42,6000
179977,In the Fade (2017),2017,3.42,159
144656,The Measure of a Man (2015),2015,3.42,55
103306,Europa Report (2013),2013,3.42,1307
209917,Bombshell (2019),2019,3.42,708
140809,Sailor Moon R: The Movie (1993),1993,3.42,61
3982,What's Cooking? (2000),2000,3.42,201
115467,Harmontown (2014),2014,3.42,67
368,Maverick (1994),1994,3.42,18685
91079,Like Crazy (2011),2011,3.42,548
5641,"Moderns, The (1988)",1988,3.42,73
75341,Remember Me (2010),2010,3.42,1046
81520,Undisputed III: Redemption (2010),2010,3.42,158
346,Backbeat (1993),1993,3.42,1160
6437,13 Rue Madeleine (1947),1947,3.42,85
3928,Abbott and Costello Meet Frankenstein (1948),1948,3.42,1066
3480,Lucas (1986),1986,3.42,1090
32721,Battle of the Bulge (1965),1965,3.42,157
42418,"New World, The (2005)",2005,3.42,1344
4649,Wet Hot American Summer (2001),2001,3.42,1496
482,Killing Zoe (1994),1994,3.42,2769
5340,Joe (1970),1970,3.42,144
6790,Avalon (2001),2001,3.42,744
266278,Munich: The Edge of War (2021),2021,3.42,84
6066,Murder by Decree (1979),1979,3.42,162
100515,War Witch (Rebelle) (2012),2012,3.42,60
83359,"Play House, The (1921)",1921,3.42,66
193477,Outlaw King (2018),2018,3.42,425
6239,Journey to the Center of the Earth (1959),1959,3.42,790
110591,Oculus (2013),2013,3.42,1497
169756,Their Finest (2017),2017,3.42,155
713,Of Love and Shadows (1994),1994,3.42,137
495,In the Realm of the Senses (Ai no corrida) (1976),1976,3.42,810
5436,"Horse's Mouth, The (1958)",1958,3.42,119
26491,To Be or Not to Be (1983),1983,3.42,202
3670,Story of G.I. Joe (1945),1945,3.42,101
188941,Under the Silver Lake (2018),2018,3.42,558
7818,School For Scoundrels (1960),1960,3.42,89
80862,Catfish (2010),2010,3.42,795
4024,"House of Mirth, The (2000)",2000,3.42,670
3738,"Sugarland Express, The (1974)",1974,3.42,474
8726,"President's Analyst, The (1967)",1967,3.42,154
8019,Dark Water (Honogurai mizu no soko kara) (2002),2002,3.42,923
39529,"Race for Your Life, Charlie Brown (1977)",1977,3.42,71
71650,Werner Herzog Eats His Shoe (1980),1980,3.42,71
59814,Ex Drummer (2007),2007,3.42,118
48385,Borat: Cultural Learnings of America for Make Benefit Glorious Nation of Kazakhstan (2006),2006,3.42,19566
187723,Set It Up (2018),2018,3.42,572
52938,"Adventures of Mark Twain, The (1986)",1986,3.42,53
5484,Happy Times (Xingfu shiguang) (2000),2000,3.42,106
159,Clockers (1995),1995,3.41,2463
85565,Chalet Girl (2011),2011,3.41,241
217469,Hannah Gadsby: Douglas (2020),2020,3.41,88
8631,Hard Times (1975),1975,3.41,123
72605,Brothers (2009),2009,3.41,948
68612,Outrage (2009),2009,3.41,70
230183,The Call (2020),2020,3.41,134
71433,"Black God, White Devil (Deus e o Diabo na Terra do Sol) (1964)",1964,3.41,64
129428,The Second Best Exotic Marigold Hotel (2015),2015,3.41,349
86922,Nothing to Declare (Rien à déclarer) (2010),2010,3.41,157
3032,"Omega Man, The (1971)",1971,3.41,1929
283139,Sisu (2023),2023,3.41,174
58301,Funny Games U.S. (2007),2007,3.41,1351
237227,Raya and the Last Dragon (2021),2021,3.41,886
4866,"Last Castle, The (2001)",2001,3.41,2072
33410,Crackerjack (2002),2002,3.41,81
165937,Collateral Beauty (2016),2016,3.41,624
32811,Diary of a Lost Girl (Tagebuch einer Verlorenen) (1929),1929,3.41,52
160644,Indignation (2016),2016,3.41,104
1517,Austin Powers: International Man of Mystery (1997),1997,3.41,27589
26128,What a Way to Go! (1964),1964,3.41,69
27124,Bleeder (1999),1999,3.41,69
80928,David Cross: Bigger & Blackerer (2010),2010,3.41,138
1631,"Assignment, The (1997)",1997,3.41,529
6515,You Only Live Once (1937),1937,3.41,115
5488,"Merchant of Four Seasons, The (Händler der vier Jahreszeiten) (1972)",1972,3.41,92
50005,Curse of the Golden Flower (Man cheng jin dai huang jin jia) (2006),2006,3.41,763
33912,"Unmarried Woman, An (1978)",1978,3.41,86
55274,Elizabeth: The Golden Age (2007),2007,3.41,1003
170591,DMB (2000),2000,3.41,63
27,Now and Then (1995),1995,3.41,1802
5933,Cannery Row (1982),1982,3.41,160
32834,Macbeth (1948),1948,3.41,80
33145,"Lot Like Love, A (2005)",2005,3.41,971
94503,"Decoy Bride, The (2011)",2011,3.41,177
44301,Lights in the Dusk (Laitakaupungin valot) (2006),2006,3.41,154
8572,"Littlest Rebel, The (1935)",1935,3.41,57
36537,Thumbsucker (2005),2005,3.41,723
31539,Overnight (2003),2003,3.41,108
2553,Village of the Damned (1960),1960,3.41,1574
4796,"Grass Is Greener, The (1960)",1960,3.41,125
78034,Cemetery Junction (2010),2010,3.41,250
2295,"Impostors, The (1998)",1998,3.41,534
151459,Airlift (2016),2016,3.41,85
131830,Samba (2014),2014,3.41,119
165883,May God Save Us (2016),2016,3.41,51
127130,Mistress America (2015),2015,3.41,385
27738,"Cathedral, The (Katedra) (2002)",2002,3.41,113
3142,U2: Rattle and Hum (1988),1988,3.41,1135
87192,Attack the Block (2011),2011,3.41,1948
1255,Bad Taste (1987),1987,3.41,2343
1399,Marvin's Room (1996),1996,3.41,1545
104231,Drug War (Du zhan) (2012),2012,3.41,124
648,Mission: Impossible (1996),1996,3.41,42879
8576,Kopps (2003),2003,3.41,574
7208,Dr. Jekyll and Mr. Hyde (1941),1941,3.41,287
5314,Behind the Sun (Abril Despedaçado) (2001),2001,3.41,135
3699,Starman (1984),1984,3.41,4491
128679,The Year Without a Santa Claus (1974),1974,3.41,118
53788,Exiled (Fong juk) (2006),2006,3.41,146
92920,"Hunter, The (2011)",2011,3.41,376
80584,"Patrik Age 1.5 (Patrik 1,5) (2008)",2008,3.41,101
292,Outbreak (1995),1995,3.41,27883
7561,Paperhouse (1988),1988,3.41,157
83424,Ghajini (2008),2008,3.41,196
1129,Escape from New York (1981),1981,3.41,10981
90528,This Must Be the Place (2011),2011,3.41,352
99030,Wrong (2012),2012,3.41,134
59985,Chaos Theory (2007),2007,3.41,469
989,Brother of Sleep (Schlafes Bruder) (1995),1995,3.41,78
8795,Musa the Warrior (Musa) (2001),2001,3.41,195
213604,The Night House (2020),2020,3.41,284
1075,"Sexual Life of the Belgians, The (Vie sexuelle des Belges 1950-1978, La) (1994)",1994,3.41,128
200110,The Dirt (2019),2019,3.41,256
4459,Alaska: Spirit of the Wild (1997),1997,3.41,89
71619,Coco Before Chanel (Coco avant Chanel) (2009),2009,3.41,467
202155,The Art of Self-Defense (2019),2019,3.41,489
130784,The Whisperer in Darkness (2011),2011,3.41,50
592,Batman (1989),1989,3.41,49789
142997,Hotel Transylvania 2 (2015),2015,3.41,1898
5628,Wasabi (2001),2001,3.41,998
6765,Under the Tuscan Sun (2003),2003,3.41,2376
3809,What About Bob? (1991),1991,3.41,6424
81804,Wild Target (2010),2010,3.41,381
277,Miracle on 34th Street (1994),1994,3.41,9590
3502,My Life (1993),1993,3.41,601
2436,Tea with Mussolini (1999),1999,3.41,1345
160988,The Student (2016),2016,3.41,88
101186,Populaire (2012),2012,3.41,132
26467,"Day After, The (1983)",1983,3.41,231
40833,"Fists in the Pocket (Pugni in tasca, I) (1965)",1965,3.41,55
260929,Dave Chappelle: The Closer (2021),2021,3.41,170
97904,Smashed (2012),2012,3.41,126
135288,Mr. Holmes (2015),2015,3.41,733
203278,Plus One (2019),2019,3.41,142
8660,"Deluge, The (Potop) (1974)",1974,3.41,60
25960,"Terrible Kids (Enfants terribles, Les) (Strange Ones, The) (1950)",1950,3.41,60
4538,Salome's Last Dance (1988),1988,3.41,60
8462,Executive Suite (1954),1954,3.41,60
491,"Man Without a Face, The (1993)",1993,3.41,5538
4755,Wish Upon a Star (1996),1996,3.41,147
83302,Last Night (2010),2010,3.41,294
2155,"Slums of Beverly Hills, The (1998)",1998,3.41,1970
7480,Under Fire (1983),1983,3.41,125
31617,El Cid (1961),1961,3.41,201
6974,"Freshman, The (1990)",1990,3.41,986
205945,Steven Universe: The Movie (2019),2019,3.41,130
83457,Hum Aapke Hain Koun...! (1994),1994,3.41,65
157569,Al Final del Túnel (2016),2016,3.41,65
257,Just Cause (1995),1995,3.41,3975
240138,The Sparks Brothers (2021),2021,3.41,54
7253,It (1927),1927,3.41,81
7112,Accident (1967),1967,3.41,81
5692,"Mechanic, The (1972)",1972,3.41,334
58439,Downhill Racer (1969),1969,3.41,70
50944,S.P.L.: Kill Zone (Saat po long) (2005),2005,3.41,113
8272,Cromwell (1970),1970,3.41,86
32591,Look at Me (Comme une image) (2004),2004,3.41,172
107565,"Fuck You, Goethe (Fack Ju Göhte) (2013)",2013,3.41,188
974,Algiers (1938),1938,3.41,145
8227,Drums Along the Mohawk (1939),1939,3.41,102
135133,The Hunger Games: Mockingjay - Part 2 (2015),2015,3.41,6401
83059,White Material (2009),2009,3.41,118
185231,"The Chronicles of Narnia: The Lion, the Witch and the Wardrobe (1988)",1988,3.41,75
6863,School of Rock (2003),2003,3.41,19044
5416,Cherish (2002),2002,3.41,139
5316,Enigma (2001),2001,3.41,1197
116823,The Hunger Games: Mockingjay - Part 1 (2014),2014,3.41,9665
165087,Brimstone (2016),2016,3.41,176
37335,Come Drink with Me (Da zui xia) (1966),1966,3.41,80
6054,"Moon-Spinners, The (1964)",1964,3.41,101
2466,Belizaire the Cajun (1986),1986,3.41,85
6232,Born Free (1966),1966,3.41,361
6234,Equus (1977),1977,3.41,207
71418,Ballast (2008),2008,3.41,53
95021,Outer Space (2000),2000,3.41,53
4571,Bill & Ted's Excellent Adventure (1989),1989,3.41,10845
167036,Sing (2016),2016,3.41,1727
4975,Vanilla Sky (2001),2001,3.41,13471
1194,Cheech and Chong's Up in Smoke (1978),1978,3.41,2847
3914,"Broken Hearts Club, The (2000)",2000,3.41,375
112,Rumble in the Bronx (Hont faan kui) (1995),1995,3.41,12308
128991,Johnny Express (2014),2014,3.41,58
3586,The Idolmaker (1980),1980,3.41,116
205515,The Wild Goose Lake (2019),2019,3.41,58
26925,Cannibal! The Musical (a.k.a. Alferd Packer: The Musical) (1996),1996,3.41,216
7038,Things You Can Tell Just by Looking at Her (2000),2000,3.4,205
198143,Then Came You (2019),2019,3.4,84
56286,I'm Not There (2007),2007,3.4,876
961,Little Lord Fauntleroy (1936),1936,3.4,262
25785,"Land Without Bread (Hurdes, tierra sin pan, Las) (1933)",1933,3.4,68
34319,"Island, The (2005)",2005,3.4,9298
43708,Block Party (a.k.a. Dave Chappelle's Block Party) (2005),2005,3.4,413
99437,John Dies at the End (2012),2012,3.4,736
26219,Brewster McCloud (1970),1970,3.4,73
1511,"Chef in Love, A (Shekvarebuli kulinaris ataserti retsepti) (1997)",1997,3.4,156
18,Four Rooms (1995),1995,3.4,6191
4506,Frantic (1988),1988,3.4,1321
37736,Oliver Twist (2005),2005,3.4,523
155,Beyond Rangoon (1995),1995,3.4,1289
7053,Roberta (1935),1935,3.4,62
148482,Truth (2015),2015,3.4,134
51857,"Taste of Honey, A (1961)",1961,3.4,72
68901,Chop Shop (2007),2007,3.4,77
282,Nell (1994),1994,3.4,11523
67792,"Black Balloon, The (2008)",2008,3.4,82
7130,Darling (1965),1965,3.4,123
3554,Love and Basketball (2000),2000,3.4,1189
6231,"Benny Goodman Story, The (1955)",1955,3.4,128
7743,Explorers (1985),1985,3.4,609
178907,Blade Runner: Black Out 2022 (2017),2017,3.4,174
175809,Jungle (2017),2017,3.4,281
8955,Undertow (2004),2004,3.4,235
33587,"Uninvited, The (1944)",1944,3.4,143
60311,"Black Swan, The (1942)",1942,3.4,51
98061,Himizu (2011),2011,3.4,51
1721,Titanic (1997),1997,3.4,45767
2282,Pecker (1998),1998,3.4,2352
289097,Gran Turismo (2023),2023,3.4,56
2159,Henry: Portrait of a Serial Killer (1986),1986,3.4,1924
26750,Quigley Down Under (1990),1990,3.4,407
33021,Dark Habits (Entre tinieblas) (1983),1983,3.4,66
81782,Unstoppable (2010),2010,3.4,2156
1049,"Ghost and the Darkness, The (1996)",1996,3.4,5362
61319,Somers Town (2008),2008,3.4,76
2782,Pit and the Pendulum (1961),1961,3.4,780
188305,"Don't Worry, He Won't Get Far on Foot (2018)",2018,3.4,238
79230,"Yellow Handkerchief, The (2008)",2008,3.4,81
5869,True Confessions (1981),1981,3.4,167
195305,Stan & Ollie (2018),2018,3.4,283
8761,"Three Lives of Thomasina, The (1964)",1964,3.4,96
2056,In Search of the Castaways (1962),1962,3.4,192
5108,John Q (2002),2002,3.4,2760
200866,Monos (2019),2019,3.4,121
91014,Shaolin (Xin shao lin si) (2011),2011,3.4,121
8928,"Fearless Vampire Killers, The (1967)",1967,3.4,549
4871,Focus (2001),2001,3.4,256
42732,Last Holiday (2006),2006,3.4,682
26521,Racing with the Moon (1984),1984,3.4,85
222913,Worth (2020),2020,3.4,65
58029,It's a Free World... (2007),2007,3.4,50
4842,"Dogs of War, The (1980)",1980,3.4,285
151515,My King (2015),2015,3.4,55
148367,Sanjay's Super Team (2015),2015,3.4,70
196343,Amazing Grace (2018),2018,3.4,70
1664,Nenette and Boni (Nénette et Boni) (1996),1996,3.4,80
40988,Hondo (1953),1953,3.4,135
6924,Sherlock Holmes Faces Death (1943),1943,3.4,80
106852,"Tale of Zatoichi Continues, The (Zoku Zatôichi monogatari) (Zatôichi 2) (1962)",1962,3.4,50
55267,Dan in Real Life (2007),2007,3.4,2239
5139,"Bad News Bears, The (1976)",1976,3.4,1522
4389,Lost and Delirious (2001),2001,3.4,494
93740,Salmon Fishing in the Yemen (2011),2011,3.4,687
54796,2 Days in Paris (2007),2007,3.4,686
49822,"Good Shepherd, The (2006)",2006,3.4,2055
193455,Aniara (2018),2018,3.4,183
6531,"Hour of the Pig, The (1993)",1993,3.4,168
2923,Handle with Care (a.k.a. Citizen's Band) (1977),1977,3.4,138
3422,She's Gotta Have It (1986),1986,3.4,1059
8979,Guerrilla: The Taking of Patty Hearst (2004),2004,3.4,64
6830,Sudden Fear (1952),1952,3.4,64
108041,"Me, Myself and Mum (Les garçons et Guillaume, à table!) (2013)",2013,3.4,64
81383,Heartbreaker (L'Arnacoeur) (2010),2010,3.4,256
41716,"Matador, The (2005)",2005,3.4,1363
6499,Orphans of the Storm (1921),1921,3.4,59
1112,Palookaville (1996),1996,3.4,393
155800,Jimmy Carr: Funny Business (2016),2016,3.4,108
82242,Rare Exports: A Christmas Tale (Rare Exports) (2010),2010,3.4,638
104,Happy Gilmore (1996),1996,3.4,22963
381,When a Man Loves a Woman (1994),1994,3.4,4970
2640,Superman (1978),1978,3.4,16890
179055,2036: Nexus Dawn (2017),2017,3.4,88
94985,Get the Gringo (2012),2012,3.4,933
7195,"Enforcer, The (1951)",1951,3.4,83
63222,JCVD (2008),2008,3.4,512
7266,"Lost Skeleton of Cadavra, The (2002)",2002,3.4,195
82041,"Loved Ones, The (2009)",2009,3.4,437
136467,Kim Possible: A Sitch in Time (2003),2003,3.4,131
59339,Mister Lonely (2007),2007,3.4,155
8057,Sweet Bird of Youth (1962),1962,3.4,92
210859,Run (2020),2020,3.4,421
1366,"Crucible, The (1996)",1996,3.4,2151
6342,"Trip, The (2002)",2002,3.4,58
5859,Southern Comfort (1981),1981,3.4,290
2175,Déjà Vu (1997),1997,3.4,111
144182,SPL 2: A Time for Consequences (2015),2015,3.4,53
128366,Patton Oswalt: Tragedy Plus Comedy Equals Time (2014),2014,3.4,53
8378,"Doctor, The (1991)",1991,3.4,183
72405,Bad Lieutenant: Port of Call New Orleans (2009),2009,3.4,1102
95761,Killer Joe (2011),2011,3.4,783
26187,Head (1968),1968,3.4,115
43853,"Business, The (2005)",2005,3.4,91
8832,Warriors of Heaven and Earth (Tian di ying xiong) (2003),2003,3.4,153
276249,Three Thousand Years of Longing (2022),2022,3.4,325
6190,"Lawless Heart, The (2003)",2003,3.4,86
78703,TiMER (2009),2009,3.4,387
7990,Rock 'N' Roll High School (1979),1979,3.4,320
4072,Faithless (Trolösa) (2000),2000,3.4,148
113225,Magic in the Moonlight (2014),2014,3.4,802
1143,Three Lives and Only One Death (Trois vies & une seule mort) (1996),1996,3.4,62
105028,Post Tenebras Lux (2012),2012,3.4,62
197177,Richard Says Goodbye (2018),2018,3.4,162
2311,2010: The Year We Make Contact (1984),1984,3.39,4673
57695,"Clean, Shaven (1993)",1993,3.39,76
7581,"Fountainhead, The (1949)",1949,3.39,223
27604,Suicide Club (Jisatsu saakuru) (2001),2001,3.39,517
27020,Gia (1998),1998,3.39,682
43762,"Mississippi Mermaid (Sirène du Mississipi, La) (1969)",1969,3.39,52
166149,A United Kingdom (2016),2016,3.39,104
6446,"Comancheros, The (1961)",1961,3.39,137
184165,Padmaavat (2018),2018,3.39,85
57353,Flawless (2007),2007,3.39,406
679,"Run of the Country, The (1995)",1995,3.39,99
155056,War (2002),2002,3.39,66
70637,I Can't Think Straight (2007),2007,3.39,66
125970,Halloweentown (1998),1998,3.39,278
2370,"Emerald Forest, The (1985)",1985,3.39,1003
89102,Freakonomics (2010),2010,3.39,226
90929,House of Tolerance (2011),2011,3.39,80
86412,That's What I Am (2011),2011,3.39,80
57464,He Was a Quiet Man (2007),2007,3.39,395
138104,Justice League: Gods and Monsters (2015),2015,3.39,202
3598,Hamlet (2000),2000,3.39,1239
8140,The Cruel Sea (1953),1953,3.39,75
6148,White Dog (1982),1982,3.39,178
109848,Under the Skin (2013),2013,3.39,2574
616,"Aristocats, The (1970)",1970,3.39,9559
65225,Zeitgeist: Addendum (2008),2008,3.39,416
31660,Steamboy (Suchîmubôi) (2004),2004,3.39,930
69251,Special (2006),2006,3.39,112
7475,Raid (2003),2003,3.39,70
62376,City of Ember (2008),2008,3.39,1622
2985,RoboCop (1987),1987,3.39,18396
2784,"Masque of the Red Death, The (1964)",1964,3.39,610
889,1-900 (06) (1994),1994,3.39,121
47200,Crank (2006),2006,3.39,5000
7616,Body Double (1984),1984,3.39,576
65894,Fear[s] of the Dark (Peur[s] du noir) (2007),2007,3.39,65
30996,Little Miss Marker (1934),1934,3.39,65
500,Mrs. Doubtfire (1993),1993,3.39,39296
146670,The Gendarme Takes Off (1970),1970,3.39,51
4615,Last Exit to Brooklyn (1989),1989,3.39,227
108760,Big Bad Wolves (2013),2013,3.39,125
120795,The Big Shave (1968),1968,3.39,74
5818,"Crime of Father Amaro, The (Crimen del padre Amaro, El) (2002)",2002,3.39,333
54328,My Best Friend (Mon meilleur ami) (2006),2006,3.39,134
3536,Keeping the Faith (2000),2000,3.39,4551
4805,Sayonara (1957),1957,3.39,120
8008,Brigadoon (1954),1954,3.39,452
150194,Quo vado? (2016),2016,3.39,83
55360,Climates (Iklimler) (2006),2006,3.39,83
2463,Ruthless People (1986),1986,3.39,3559
139655,Goodnight Mommy (Ich seh ich seh) (2014),2014,3.39,599
59336,Redbelt (2008),2008,3.39,428
49651,Rocky Balboa (2006),2006,3.39,2612
2275,Six-String Samurai (1998),1998,3.39,795
962,They Made Me a Criminal (1939),1939,3.39,110
169792,Carrie Pilby (2016),2016,3.39,87
4908,"Little Soldier, The (Petit soldat, Le) (1963)",1963,3.39,119
53125,Pirates of the Caribbean: At World's End (2007),2007,3.39,15453
151199,"Un peu, beaucoup, aveuglément (2015)",2015,3.39,64
2097,Something Wicked This Way Comes (1983),1983,3.39,1481
3155,Anna and the King (1999),1999,3.39,3643
2112,Grand Canyon (1991),1991,3.39,2747
185109,Disobedience (2018),2018,3.39,292
194016,Ralph Breaks the Internet (2018),2018,3.39,1838
6659,Tremors (1990),1990,3.39,4464
257595,The Witcher: Nightmare of the Wolf (2021),2021,3.39,182
204868,Light of My Life (2019),2019,3.39,100
96751,Arbitrage (2012),2012,3.39,527
206714,Abominable (2019),2019,3.39,295
25971,Carrie (1952),1952,3.39,186
6223,Spun (2001),2001,3.39,946
88118,"Perfect Host, The (2010)",2010,3.39,353
39703,Little Fish (2005),2005,3.39,95
91261,Hipsters (Stilyagi) (2008),2008,3.39,95
5180,"Great Rock 'n' Roll Swindle, The (1980)",1980,3.39,104
41566,"Chronicles of Narnia: The Lion, the Witch and the Wardrobe, The (2005)",2005,3.39,16536
3769,Thunderbolt and Lightfoot (1974),1974,3.39,799
114426,Trailer Park Boys: Don't Legalize It (2014),2014,3.39,54
170973,Boyka: Undisputed IV (2016),2016,3.39,90
25782,Boudu Saved From Drowning (Boudu sauvé des eaux) (1932),1932,3.39,99
215911,Beastie Boys Story (2020),2020,3.39,63
208747,The Good Liar (2019),2019,3.39,243
72228,Creation (2009),2009,3.39,198
5241,Seems Like Old Times (1980),1980,3.39,324
8972,National Treasure (2004),2004,3.39,12517
33493,Star Wars: Episode III - Revenge of the Sith (2005),2005,3.39,24773
708,"Truth About Cats & Dogs, The (1996)",1996,3.39,15472
4907,Across 110th Street (1972),1972,3.39,139
64114,Fireproof (2008),2008,3.39,260
115174,Love Is Strange (2014),2014,3.39,112
4351,Point Break (1991),1991,3.39,5034
286903,Elemental (2023),2023,3.39,179
163965,Miss Stevens (2016),2016,3.39,85
91414,Arthur Christmas (2011),2011,3.39,662
6478,"Life and Times of Judge Roy Bean, The (1972)",1972,3.39,286
1777,"Wedding Singer, The (1998)",1998,3.39,16337
182615,The Landlord (2007),2007,3.39,67
47538,Crime Busters (1977),1977,3.39,67
107083,Geography Club (2013),2013,3.39,67
4804,Pocketful of Miracles (1961),1961,3.39,174
201811,Yesterday (2019),2019,3.39,1386
97328,Liberal Arts (2012),2012,3.39,405
6059,"Recruit, The (2003)",2003,3.39,4186
84234,Simple Simon (I rymden finns inga känslor) (2010),2010,3.39,80
71429,World's Greatest Dad (2009),2009,3.39,671
136020,Spectre (2015),2015,3.39,5513
2867,Fright Night (1985),1985,3.39,2730
845,"Day the Sun Turned Cold, The (Tianguo niezi) (1994)",1994,3.39,71
6538,Swimming Pool (2003),2003,3.39,1757
100244,"East, The (2013)",2013,3.39,439
70159,Orphan (2009),2009,3.39,2292
66090,Eden Lake (2008),2008,3.39,758
52973,Knocked Up (2007),2007,3.39,11104
242,Farinelli: il castrato (1994),1994,3.39,1108
4392,Alice (1990),1990,3.39,478
195921,The Mule (2018),2018,3.39,857
93473,Pale Cocoon (Peiru Kokun) (2006),2006,3.39,53
103027,Much Ado About Nothing (2012),2012,3.39,286
5606,Society (1989),1989,3.39,343
6803,Phenomena (a.k.a. Creepers) (1985),1985,3.39,584
823,"Collector, The (La collectionneuse) (1967)",1967,3.39,180
26204,Death Rides a Horse (Da uomo a uomo) (1967),1967,3.39,79
58937,Julia (2008),2008,3.39,92
4049,Rancho Deluxe (1975),1975,3.39,92
85072,"Wild and Wonderful Whites of West Virginia, The (2009)",2009,3.39,70
181355,Robot Chicken: Star Wars Episode II (2008),2008,3.39,70
5625,Moonlight Mile (2002),2002,3.39,621
77414,"Last Song, The (2010)",2010,3.39,682
6197,Spider (2002),2002,3.39,1297
103685,"Field in England, A (2013)",2013,3.39,244
32261,Thirty Seconds Over Tokyo (1944),1944,3.39,122
285833,Bottoms (2023),2023,3.39,61
76158,Air Doll (Kûki ningyô) (2009),2009,3.38,100
6200,Insignificance (1985),1985,3.38,100
120466,Chappie (2015),2015,3.38,4407
6610,"Honeymoon Killers, The (1970)",1970,3.38,126
8273,"Tale of Ham and Passion, A (Jamón, Jamón) (1992)",1992,3.38,221
31270,Shivers (They Came from Within) (1975),1975,3.38,429
794,Midnight Dancers (Sibak) (1994),1994,3.38,104
31889,"Five People You Meet in Heaven, The (2004)",2004,3.38,91
4185,Elvis: That's the Way It Is (1970),1970,3.38,117
1087,Madame Butterfly (1995),1995,3.38,268
3948,Meet the Parents (2000),2000,3.38,25370
193898,Life Itself (2018),2018,3.38,95
25786,"Old Dark House, The (1932)",1932,3.38,151
4722,All Over the Guy (2001),2001,3.38,194
4889,Heist (2001),2001,3.38,2210
856,Mille bolle blu (1993),1993,3.38,56
54272,"Simpsons Movie, The (2007)",2007,3.38,12517
234257,The Dry (2021),2021,3.38,129
171583,Super Dark Times (2017),2017,3.38,215
7348,Spartan (2004),2004,3.38,1081
4259,"Luzhin Defence, The (2000)",2000,3.38,313
1156,"Children Are Watching Us, The (Bambini ci guardano, I) (1944)",1944,3.38,60
46919,End of the Spear (2005),2005,3.38,137
85007,Happythankyoumoreplease (2010),2010,3.38,261
53578,"Valet, The (La doublure) (2006)",2006,3.38,171
3969,Pay It Forward (2000),2000,3.38,7766
8225,Night of the Living Dead (1990),1990,3.38,863
152545,The Commune (2016),2016,3.38,64
60763,American Teen (2008),2008,3.38,162
69951,"Imaginarium of Doctor Parnassus, The (2009)",2009,3.38,2667
26303,Sisters (1973),1973,3.38,328
6002,Love Liza (2002),2002,3.38,396
5940,Eating Raoul (1982),1982,3.38,502
163959,Loving (2016),2016,3.38,251
184835,Lu Over the Wall (2017),2017,3.38,51
104583,Logorama (2009),2009,3.38,68
193958,Creed II (2018),2018,3.38,790
53953,1408 (2007),2007,3.38,5355
54193,Broken English (2007),2007,3.38,123
209497,The Vast of Night (2019),2019,3.38,479
6341,"Shape of Things, The (2003)",2003,3.38,466
5518,Beau Pere (a.k.a. Stepfather) (Beau-père) (1981),1981,3.38,55
33294,Vampire Hunter D (1985),1985,3.38,241
128594,Boy Meets Girl (2015),2015,3.38,93
1507,Paradise Road (1997),1997,3.38,393
275169,The Stranger (2022),2022,3.38,76
7336,"Damned, The (La Caduta degli dei) (1969)",1969,3.38,97
105855,"Right Kind of Wrong, The (2013)",2013,3.38,59
127116,Experimenter (2015),2015,3.38,295
160553,De Palma (2016),2016,3.38,80
5574,"Transporter, The (2002)",2002,3.38,7768
316,Stargate (1994),1994,3.38,35215
780,Independence Day (a.k.a. ID4) (1996),1996,3.38,57224
168366,Beauty and the Beast (2017),2017,3.38,3030
5299,My Big Fat Greek Wedding (2002),2002,3.38,15762
8295,"Most Dangerous Game, The (1932)",1932,3.38,260
4152,Vatel (2000),2000,3.38,222
27096,Of Freaks and Men (Pro urodov i lyudey) (1998),1998,3.38,67
103315,Odd Thomas (2013),2013,3.38,427
71460,Wanted (2009),2009,3.38,180
601,"Wooden Man's Bride, The (Yan shen) (1994)",1994,3.38,113
47394,"Bon Cop, Bad Cop (2006)",2006,3.38,213
6732,"Hello, Dolly! (1969)",1969,3.38,546
163941,The Hollars (2016),2016,3.38,75
34051,My Brilliant Career (1979),1979,3.38,75
48268,Empire Falls (2005),2005,3.38,50
279630,Werewolf by Night (2022),2022,3.38,175
5123,"Touch of Class, A (1973)",1973,3.38,125
166042,Riley's First Date? (2015),2015,3.38,100
3657,Pandora and the Flying Dutchman (1951),1951,3.38,50
27754,Foolproof (2003),2003,3.38,104
36056,Man of the West (1958),1958,3.38,104
200330,Troop Zero (2019),2019,3.38,79
4519,"Land Before Time, The (1988)",1988,3.38,3060
8725,"Goodbye, Columbus (1969)",1969,3.38,108
3760,"Kentucky Fried Movie, The (1977)",1977,3.38,1617
91325,Extremely Loud and Incredibly Close (2011),2011,3.38,800
3917,Hellraiser (1987),1987,3.38,3853
54513,Talk to Me (2007),2007,3.38,203
2801,Oscar and Lucinda (a.k.a. Oscar & Lucinda) (1997),1997,3.38,870
202099,Batman vs. Teenage Mutant Ninja Turtles (2019),2019,3.38,87
8377,City of Joy (1992),1992,3.38,87
5868,This Is Elvis (1981),1981,3.38,91
7458,Troy (2004),2004,3.38,14150
8446,Sands of Iwo Jima (1949),1949,3.38,244
97936,Anna Karenina (2012),2012,3.38,868
101210,"Silence, The (Das letzte Schweigen) (2010)",2010,3.38,62
66801,Crips and Bloods: Made in America (2008),2008,3.38,62
98361,Byzantium (2012),2012,3.38,405
104908,Insidious: Chapter 2 (2013),2013,3.38,1252
178,Love & Human Remains (1993),1993,3.38,504
8495,Animal Factory (2000),2000,3.38,227
37830,Final Fantasy VII: Advent Children (2004),2004,3.38,2047
3477,Empire Records (1995),1995,3.38,3195
60303,Strange Circus (Kimyô na sâkasu) (2005),2005,3.38,103
74370,"House of the Devil, The (2009)",2009,3.38,655
45,To Die For (1995),1995,3.38,9306
2891,"Happy, Texas (1999)",1999,3.38,1364
127140,Sleeping with Other People (2015),2015,3.38,419
30846,"Assassination of Richard Nixon, The (2004)",2004,3.38,636
224338,Pieces of a Woman (2020),2020,3.38,160
6198,American Heart (1992),1992,3.38,82
6091,Labyrinth of Passion (Laberinto de Pasiones) (1982),1982,3.38,82
99220,Quartet (2012),2012,3.38,205
193916,Mirai (2018),2018,3.38,172
5179,Gloria (1980),1980,3.38,176
34696,Dirty Money (Un flic) (1972),1972,3.38,90
42728,Tristan & Isolde (2006),2006,3.38,670
267654,Harry Potter 20th Anniversary: Return to Hogwarts (2022),2022,3.38,253
610,Heavy Metal (1981),1981,3.38,8208
2045,"Far Off Place, A (1993)",1993,3.38,424
1014,Pollyanna (1960),1960,3.38,1749
40010,Duck Season (Temporada de patos) (2004),2004,3.38,110
2167,Blade (1998),1998,3.38,15679
525,"Saint of Fort Washington, The (1993)",1993,3.38,179
8376,Napoleon Dynamite (2004),2004,3.38,14216
61986,Appaloosa (2008),2008,3.38,634
1482,"Van, The (1996)",1996,3.38,516
6806,Time and Tide (Seunlau Ngaklau) (2000),2000,3.38,142
140481,"Family Guy Presents: Something, Something, Something, Dark Side (2009)",2009,3.38,288
41724,Wal-Mart: The High Cost of Low Price (2005),2005,3.38,231
84,Last Summer in the Hamptons (1995),1995,3.38,158
272411,Apollo 10½:  A Space Age Childhood (2022),2022,3.38,85
108780,Labor Day (2013),2013,3.38,255
58154,"Other Boleyn Girl, The (2008)",2008,3.38,1449
149011,He Never Died (2015),2015,3.38,259
93475,"Awakening, The (2011)",2011,3.38,607
82534,"Company Men, The (2010)",2010,3.38,384
265432,The Unforgivable (2021),2021,3.38,238
1657,Wonderland (1997),1997,3.38,149
5800,How to Murder Your Wife (1965),1965,3.38,181
6851,"Gas, Food, Lodging (1992)",1992,3.38,261
66335,Afro Samurai: Resurrection (2009),2009,3.38,297
100159,Sightseers (2012),2012,3.38,349
2141,"American Tail, An (1986)",1986,3.38,5291
6944,Father of the Bride (1991),1991,3.38,3963
37384,Waiting... (2005),2005,3.38,1771
8762,"No Deposit, No Return (1976)",1976,3.38,52
101218,Leviathan (2012),2012,3.38,56
106234,Great Expectations (2012),2012,3.38,72
1563,Dream With the Fishes (1997),1997,3.38,216
5836,Houseboat (1958),1958,3.38,328
4716,Bad Timing: A Sensual Obsession (1980),1980,3.38,168
151717,Long Way North (2016),2016,3.38,64
193589,Boy Erased (2018),2018,3.38,240
118354,Kill the Messenger (2014),2014,3.38,280
2145,Pretty in Pink (1986),1986,3.37,8076
4246,Bridget Jones's Diary (2001),2001,3.37,18623
1814,"Price Above Rubies, A (1998)",1998,3.37,239
340,"War, The (1994)",1994,3.37,1499
91681,"Julia's Eyes (Ojos de Julia, Los) (2010)",2010,3.37,258
55116,"Hunting Party, The (2007)",2007,3.37,258
70708,Tetro (2009),2009,3.37,123
179411,Blade of the Immortal (2017),2017,3.37,115
86548,Water for Elephants (2011),2011,3.37,1074
3659,Quatermass 2 (Enemy from Space) (1957),1957,3.37,178
122104,Kevin Hart: Seriously Funny (2010),2010,3.37,83
362,"Jungle Book, The (1994)",1994,3.37,7782
70927,To Each His Own Cinema (Chacun son cinéma ou Ce petit coup au coeur quand la lumière s'éteint et que le film commence) (2007),2007,3.37,75
67138,Live Free or Die (2006),2006,3.37,71
3550,The Hunger (1983),1983,3.37,1195
144632,Back In Time (2015),2015,3.37,138
201368,Long Shot (2019),2019,3.37,966
27772,Ju-on: The Grudge (2002),2002,3.37,1343
64969,Yes Man (2008),2008,3.37,8294
1163,Mina Tannenbaum (1994),1994,3.37,244
50615,Killer of Sheep (1977),1977,3.37,122
51911,"Fugitive Kind, The (1959)",1959,3.37,59
33688,Parineeta (2005),2005,3.37,59
162600,Miss Peregrine's Home for Peculiar Children (2016),2016,3.37,2289
109728,Kai Po Che! (2013),2013,3.37,55
26308,Turkish Delight (Turks fruit) (1973),1973,3.37,55
4252,"Circle, The (Dayereh) (2000)",2000,3.37,161
2015,"Absent-Minded Professor, The (1961)",1961,3.37,2603
6365,"Matrix Reloaded, The (2003)",2003,3.37,29835
4289,"City of Women, The (Città delle donne, La) (1980)",1980,3.37,157
7388,"Brother Sun, Sister Moon (Fratello sole, sorella luna) (1972)",1972,3.37,98
4332,Suspect (1987),1987,3.37,407
1486,"Quiet Room, The (1996)",1996,3.37,90
5372,Calamity Jane (1953),1953,3.37,305
84944,Rango (2011),2011,3.37,5605
131658,Infinitely Polar Bear (2014),2014,3.37,117
113780,"As Above, So Below (2014)",2014,3.37,1005
25746,"Hunchback of Notre Dame, The (1923)",1923,3.37,109
2211,Secret Agent (1936),1936,3.37,284
4595,Fat Man and Little Boy (1989),1989,3.37,350
82167,Love and Other Drugs (2010),2010,3.37,2162
3270,"Cutting Edge, The (1992)",1992,3.37,1635
176571,Trinity is Still My Name (1971),1971,3.37,66
77731,Vengeance (Fuk sau) (2009),2009,3.37,97
160400,Genius (2016),2016,3.37,128
32728,"Little Girl Who Lives Down the Lane, The (1976)",1976,3.37,190
2420,"Karate Kid, The (1984)",1984,3.37,11493
285601,Boston Strangler (2023),2023,3.37,62
207213,The Traitor (2019),2019,3.37,62
48879,Catch a Fire (2006),2006,3.37,186
488,M. Butterfly (1993),1993,3.37,585
4066,I'm Gonna Git You Sucka (1988),1988,3.37,1170
281190,Babylon (2022),2022,3.37,391
80727,Middle Men (2009),2009,3.37,178
6754,Underworld (2003),2003,3.37,8612
4023,"Family Man, The (2000)",2000,3.37,5994
112550,White God (Fehér isten) (2014),2014,3.37,139
206200,Ema (2019),2019,3.37,54
4780,Liam (2000),2000,3.37,135
164264,Audrie & Daisy (2016),2016,3.37,54
110796,Le Week-End (2013),2013,3.37,81
91351,Asterix and the Big Fight (Astérix et le coup du menhir) (1989),1989,3.37,108
3483,"Road to El Dorado, The (2000)",2000,3.37,3995
1395,Tin Men (1987),1987,3.37,2289
4301,Calle 54 (2000),2000,3.37,77
102956,Take Me Home (2011),2011,3.37,77
8657,"Tin Star, The (1957)",1957,3.37,77
102819,Behind the Candelabra (2013),2013,3.37,377
5099,Heidi (1937),1937,3.37,423
4577,Casualties of War (1989),1989,3.37,884
60948,Bottle Shock (2008),2008,3.37,311
40826,Rent (2005),2005,3.37,1320
2414,Young Sherlock Holmes (1985),1985,3.37,2803
1116,"Single Girl, A (Fille seule, La) (1995)",1995,3.37,184
8689,"Shock to the System, A (1990)",1990,3.37,138
125926,Kiwi! (2006),2006,3.37,138
8499,Pretty Baby (1978),1978,3.37,230
4366,Atlantis: The Lost Empire (2001),2001,3.37,5113
106002,Ender's Game (2013),2013,3.37,5549
333,Tommy Boy (1995),1995,3.37,12644
2879,Armour of God II: Operation Condor (Operation Condor) (Fei ying gai wak) (1991),1991,3.37,1176
2388,Steam: The Turkish Bath (Hamam) (1997),1997,3.37,180
45186,Mission: Impossible III (2006),2006,3.37,7870
99537,Extracted (2012),2012,3.37,130
7789,"11'09""01 - September 11 (2002)",2002,3.37,130
7236,"Boy and His Dog, A (1975)",1975,3.37,679
2337,Velvet Goldmine (1998),1998,3.37,1571
25972,Clash by Night (1952),1952,3.37,61
4939,"Final Countdown, The (1980)",1980,3.37,671
187959,Gonjiam: Haunted Asylum (2018),2018,3.37,99
30822,In Good Company (2004),2004,3.37,2161
6279,"Good Thief, The (2002)",2002,3.37,459
4869,Burnt Money (Plata Quemada) (2000),2000,3.37,91
33817,My Summer of Love (2004),2004,3.37,489
65939,Kummeli Goldrush (Kummeli kultakuume) (1997),1997,3.37,125
7758,Same Old Song (On connaît la chanson) (1997),1997,3.37,53
209333,"Bikram: Yogi, Guru, Predator (2019)",2019,3.37,53
4536,Rocket Gibraltar (1988),1988,3.37,53
5024,Come Undone (Presque Rien) (2000),2000,3.37,87
2012,Back to the Future Part III (1990),1990,3.37,26166
165483,Joe Rogan: Triggered (2016),2016,3.37,102
94864,Prometheus (2012),2012,3.37,11254
6427,"Railway Children, The (1970)",1970,3.37,162
6215,Laurel Canyon (2002),2002,3.37,678
208737,Midway (2019),2019,3.37,384
48061,Snoopy Come Home (1972),1972,3.37,320
32988,Clean (2004),2004,3.37,79
1471,Boys Life 2 (1997),1997,3.37,94
27875,Redemption: The Stan Tookie Williams Story (2004),2004,3.37,60
61816,Import/Export (2007),2007,3.37,90
152163,A War (2015),2015,3.37,75
3687,Light Years (Gandahar) (1988),1988,3.37,116
116161,Foxcatcher (2014),2014,3.37,1508
2600,eXistenZ (1999),1999,3.37,6619
5037,"Long Gray Line, The (1955)",1955,3.37,56
132496,Danny Collins (2015),2015,3.37,220
6063,May (2002),2002,3.37,876
67068,"Quick and the Dead, The (1987)",1987,3.37,82
136501,Three Little Pigs (1933),1933,3.37,82
207,"Walk in the Clouds, A (1995)",1995,3.37,5608
27826,Touch of Pink (2004),2004,3.37,119
1154,T-Men (1947),1947,3.37,130
4431,Rembrandt (1936),1936,3.37,52
113064,"Trip to Italy, The (2014)",2014,3.37,234
47808,Mutual Appreciation (2005),2005,3.37,52
173255,"Norm Macdonald: Hitler's Dog, Gossip & Trickery (2017)",2017,3.37,52
799,"Frighteners, The (1996)",1996,3.37,6670
52356,Copying Beethoven (2006),2006,3.37,89
66200,Two Lovers (2008),2008,3.37,378
197201,Fighting with My Family (2019),2019,3.37,478
2672,"Thirteenth Floor, The (1999)",1999,3.37,4850
467,Live Nude Girls (1995),1995,3.36,748
32170,Chronicles (Crónicas) (2004),2004,3.36,74
3199,Pal Joey (1957),1957,3.36,307
6184,"Man Who Fell to Earth, The (1976)",1976,3.36,1514
188477,Ali Wong: Hard Knock Wife (2018),2018,3.36,96
8880,Mask (1985),1985,3.36,1524
2459,"Texas Chainsaw Massacre, The (1974)",1974,3.36,4589
7455,"Mudge Boy, The (2003)",2003,3.36,59
182479,Mary and the Witch's Flower (2017),2017,3.36,236
49280,Bobby (2006),2006,3.36,553
229037,Ma Rainey's Black Bottom (2020),2020,3.36,280
7,Sabrina (1995),1995,3.36,13585
2657,"Rocky Horror Picture Show, The (1975)",1975,3.36,15472
3070,"Adventures of Buckaroo Banzai Across the 8th Dimension, The (1984)",1984,3.36,4033
56805,Walk Hard: The Dewey Cox Story (2007),2007,3.36,1640
1092,Basic Instinct (1992),1992,3.36,12968
4020,"Gift, The (2000)",2000,3.36,3106
195745,A Private War (2018),2018,3.36,110
64273,"Lovers, The (Les Amants) (1958)",1958,3.36,66
3333,"Killing of Sister George, The (1968)",1968,3.36,88
118101,Donald Glover: Weirdo (2011),2011,3.36,99
2738,Crimes of the Heart (1986),1986,3.36,539
4884,Trembling Before G-d (2001),2001,3.36,121
4841,Divine Madness! (1980),1980,3.36,99
1164,2 ou 3 choses que je sais d'elle (2 or 3 Things I Know About Her) (1967),1967,3.36,230
142628,The Brave Little Toaster to the Rescue (1997),1997,3.36,62
81641,Fair Game (2010),2010,3.36,605
1620,Kiss the Girls (1997),1997,3.36,5040
91094,"Muppets, The (2011)",2011,3.36,1493
183323,Small Town Crime (2017),2017,3.36,91
62155,Nick and Norah's Infinite Playlist (2008),2008,3.36,2303
7730,Matinee (1993),1993,3.36,200
30721,Hell Is for Heroes (1962),1962,3.36,69
249122,Oxygen (2021),2021,3.36,294
4403,"Fall of the House of Usher, The (House of Usher) (1960)",1960,3.36,381
26731,Homicide (1991),1991,3.36,127
111617,Blended (2014),2014,3.36,1148
148369,The Wave (2015),2015,3.36,239
8921,"Rose Tattoo, The (1955)",1955,3.36,76
263481,Finch (2021),2021,3.36,351
7394,Those Magnificent Men in Their Flying Machines (1965),1965,3.36,264
47465,Tideland (2005),2005,3.36,732
5068,Beijing Bicycle (Shiqi sui de dan che) (2001),2001,3.36,173
212883,Swallow (2020),2020,3.36,191
8534,Two Brothers (Deux frères) (2004),2004,3.36,216
8661,How the West Was Won (1962),1962,3.36,288
177483,The Strange Thing About the Johnsons (2011),2011,3.36,72
4671,Sweetie (1989),1989,3.36,144
167426,Manifesto (2015),2015,3.36,54
4443,Outland (1981),1981,3.36,1240
2340,Meet Joe Black (1998),1998,3.36,7193
101765,"Perfect Plan, A (Plan parfait, Un) (2012)",2012,3.36,79
1892,"Perfect Murder, A (1998)",1998,3.36,4774
33421,Dear Wendy (2005),2005,3.36,208
2293,Shadrach (1998),1998,3.36,86
25765,"Fall of the House of Usher, The (chute de la maison Usher, La) (1928)",1928,3.36,68
105653,Escape Plan (2013),2013,3.36,1936
32632,Electra Glide in Blue (1973),1973,3.36,100
7009,Lorenzo's Oil (1992),1992,3.36,724
215685,Bad Trip (2020),2020,3.36,221
166655,Hell House LLC (2015),2015,3.36,235
2996,Music of the Heart (1999),1999,3.36,776
278820,The Woman King (2022),2022,3.36,185
4299,"Knight's Tale, A (2001)",2001,3.36,10077
203749,Heroic Losers (2019),2019,3.36,64
51091,Black Snake Moan (2006),2006,3.36,1445
26985,Nirvana (1997),1997,3.36,142
4823,Serendipity (2001),2001,3.36,5356
1093,"Doors, The (1991)",1991,3.36,8116
6387,Once a Thief (Zong heng si hai) (1991),1991,3.36,255
80553,Howl (2010),2010,3.36,191
663,Kids in the Hall: Brain Candy (1996),1996,3.36,3384
633,Denise Calls Up (1995),1995,3.36,328
8980,Our Music (Notre musique) (2004),2004,3.36,74
7637,Irma Vep (1996),1996,3.36,222
755,Kim (1950),1950,3.36,155
114265,Laggies (2014),2014,3.36,405
136443,Gabriel Iglesias: Hot and Fluffy (2007),2007,3.36,88
27134,Dark Portals: The Chronicles of Vidocq  (Vidocq) (2001),2001,3.36,211
155625,Under the Shadow (2016),2016,3.36,267
46653,"300 Spartans, The (1962)",1962,3.36,137
151695,The Survivalist (2015),2015,3.36,214
7708,Bedazzled (1967),1967,3.36,505
1840,He Got Game (1998),1998,3.36,1809
96314,Celeste and Jesse Forever (Celeste & Jesse Forever) (2012),2012,3.36,382
6281,Phone Booth (2002),2002,3.36,9092
33615,Madagascar (2005),2005,3.36,9708
4791,Valdez Is Coming (1971),1971,3.36,84
203557,Fisherman's Friends (2019),2019,3.36,63
8407,"Molly Maguires, The (1970)",1970,3.36,63
290213,The Equalizer 3 (2023),2023,3.36,56
128520,The Wedding Ringer (2015),2015,3.36,528
490,Malice (1993),1993,3.36,3292
172813,The Wizard of Lies (2017),2017,3.36,157
2057,"Incredible Journey, The (1963)",1963,3.36,802
71928,Cairo Time (2009),2009,3.36,129
227877,Zola (2020),2020,3.36,122
79684,Paper Man (2009),2009,3.36,237
78116,Please Give (2010),2010,3.36,202
136564,Macbeth (2015),2015,3.36,390
38994,Separate Lies (2005),2005,3.36,94
130073,Cinderella (2015),2015,3.36,1773
26770,Diggstown (1992),1992,3.36,139
140339,Admiral (2015),2015,3.36,66
77893,Merantau (2009),2009,3.36,66
26345,"Great Waldo Pepper, The (1975)",1975,3.36,66
1315,Paris Was a Woman (1995),1995,3.36,66
46967,Scoop (2006),2006,3.36,1365
5853,Scanners (1981),1981,3.36,1736
92439,"Art of Getting By, The (2011)",2011,3.36,524
5243,"Young Master, The (Shi di chu ma) (1980)",1980,3.36,163
4777,"American Astronaut, The (2001)",2001,3.36,163
30742,Some Came Running (1958),1958,3.36,52
84120,Wittgenstein (1993),1993,3.36,52
27491,Pulse (Kairo) (2001),2001,3.36,419
30898,"Upside of Anger, The (2005)",2005,3.36,778
269638,Turning Red (2022),2022,3.36,850
210973,Ip Man 4: The Finale (2019),2019,3.36,190
5699,Tom Horn (1980),1980,3.36,107
6884,Veronica Guerin (2003),2003,3.36,438
51638,"Westerner, The (1940)",1940,3.35,93
96501,Little White Lies (Les petits mouchoirs) (2010),2010,3.35,148
61729,Ghost Town (2008),2008,3.35,1504
2245,Working Girl (1988),1988,3.35,5144
97692,We Are Legion: The Story of the Hacktivists (2012),2012,3.35,110
6936,Elf (2003),2003,3.35,11360
6576,Juggernaut (1974),1974,3.35,79
73266,Youth in Revolt (2009),2009,3.35,1367
5686,Russian Ark (Russkiy Kovcheg) (2002),2002,3.35,656
33675,After You (Après vous...) (2003),2003,3.35,103
4679,Uncle Buck (1989),1989,3.35,3586
8614,Overboard (1987),1987,3.35,1527
103275,We Steal Secrets: The Story of WikiLeaks (2013),2013,3.35,96
1871,"Friend of the Deceased, A (Priyatel pokonika) (1997)",1997,3.35,72
13,Balto (1995),1995,3.35,2107
764,Heavy (1995),1995,3.35,606
31042,Hell's Angels (1930),1930,3.35,65
37785,"Anderson Tapes, The (1971)",1971,3.35,82
158402,The Crew (2016),2016,3.35,82
51187,Kidulthood (2006),2006,3.35,123
55278,Sleuth (2007),2007,3.35,362
169400,Gantz: O (2016),2016,3.35,140
8781,"Manchurian Candidate, The (2004)",2004,3.35,3755
143444,"Bigger Splash, A (2015)",2015,3.35,232
174035,BoJack Horseman Christmas Special: Sabrina's Christmas Wish (2014),2014,3.35,75
101142,"Croods, The (2013)",2013,3.35,2809
275919,Mrs. Harris Goes to Paris (2022),2022,3.35,92
95804,Wild Bill (2011),2011,3.35,92
7039,Thunderheart (1992),1992,3.35,385
3172,Ulysses (Ulisse) (1954),1954,3.35,68
184445,The Girl in the Fog (2017),2017,3.35,85
284411,Champions (2023),2023,3.35,51
3251,Agnes of God (1985),1985,3.35,1374
4314,Our Song (2000),2000,3.35,61
7395,Cheaper by the Dozen (1950),1950,3.35,491
494,Executive Decision (1996),1996,3.35,12663
5375,"Harvey Girls, The (1946)",1946,3.35,159
1875,Clockwatchers (1997),1997,3.35,1079
3301,"Whole Nine Yards, The (2000)",2000,3.35,8972
170891,The Legend Is Born: Ip Man (2010),2010,3.35,108
6764,"Rundown, The (2003)",2003,3.35,2603
1031,Bedknobs and Broomsticks (1971),1971,3.35,4691
89837,Kill List (2011),2011,3.35,566
117871,"Water Diviner, The (2014)",2014,3.35,320
31349,I Married a Witch (1942),1942,3.35,128
118985,Big Eyes (2014),2014,3.35,906
151777,The Finest Hours (2016),2016,3.35,367
132965,Appropriate Behaviour (2014),2014,3.35,74
163955,The Promise (2016),2016,3.35,84
78088,Buried (2010),2010,3.35,1588
4981,Clockwise (1986),1986,3.35,473
6832,Regarding Henry (1991),1991,3.35,1100
26501,Choose Me (1984),1984,3.35,57
183,Mute Witness (1994),1994,3.35,627
139713,Un moment d'égarement (2015),2015,3.35,57
2803,"Pelican Brief, The (1993)",1993,3.35,5689
91653,We Bought a Zoo (2011),2011,3.35,1810
74750,[REC]² (2009),2009,3.35,676
289,Only You (1994),1994,3.35,3301
7341,The Chase (1966),1966,3.35,107
82765,Little Big Soldier (Da bing xiao jiang) (2010),2010,3.35,137
51694,Starter for 10 (2006),2006,3.35,394
2001,Lethal Weapon 2 (1989),1989,3.35,15124
26256,Support Your Local Gunfighter (1971),1971,3.35,80
26529,Asterix vs. Caesar (Astérix et la surprise de César) (1985),1985,3.35,130
49330,London to Brighton (2006),2006,3.35,70
2681,Free Enterprise (1998),1998,3.35,463
44613,Take the Lead (2006),2006,3.35,373
265550,Sing 2 (2021),2021,3.35,213
43917,Eight Below (2006),2006,3.35,795
6756,Casa de los babys (2003),2003,3.35,133
1442,Prefontaine (1997),1997,3.35,771
4517,Lady in White (a.k.a. The Mystery of the Lady in White) (1988),1988,3.35,342
3529,"Postman Always Rings Twice, The (1981)",1981,3.35,1105
443,"Endless Summer 2, The (1994)",1994,3.35,597
8828,Dead Ringer (1964),1964,3.35,63
8236,While the City Sleeps (1956),1956,3.35,63
5204,Death Watch (La Mort en Direct) (1980),1980,3.35,63
5239,Rude Boy (1980),1980,3.35,53
142204,Twitches Too (2007),2007,3.35,53
5593,No Way to Treat a Lady (1968),1968,3.35,96
58376,Zeitgeist: The Movie (2007),2007,3.35,940
163663,Other People (2016),2016,3.35,119
6179,"Prayer for the Dying, A (1987)",1987,3.35,66
771,"Life Is Rosy (a.k.a. Life Is Beautiful) (Vie est belle, La) (1987)",1987,3.35,155
3214,American Flyers (1985),1985,3.35,425
71170,All's Well (1972),1972,3.35,56
7357,Peyton Place (1957),1957,3.35,112
72692,Mickey's Once Upon a Christmas (1999),1999,3.35,171
3628,Flying Tigers (1942),1942,3.35,332
68963,Easy Virtue (2008),2008,3.35,269
41831,They Died with Their Boots On (1941),1941,3.35,82
3970,"Beyond, The (E tu vivrai nel terrore - L'aldilà) (1981)",1981,3.35,377
63446,"Christmas Tale, A (Un conte de Noël) (2008)",2008,3.35,118
47493,Cabin in the Sky (1943),1943,3.35,59
74795,Green Zone (2010),2010,3.35,1996
155392,"Hello, My Name Is Doris (2016)",2016,3.35,213
171233,The Trip to Spain (2017),2017,3.35,95
280114,The Good Nurse (2022),2022,3.35,131
182825,All the Money in the World (2017),2017,3.35,563
1347,"Nightmare on Elm Street, A (1984)",1984,3.35,9714
5885,"What to Do in Case of Fire (Was tun, wenn's brennt?) (2002)",2002,3.35,85
450,With Honors (1994),1994,3.35,3059
221576,Enola Holmes,,3.35,1176
114392,"Homesman, The (2014)",2014,3.35,258
103203,Eden (2012),2012,3.35,62
196191,Nothing to Hide (2018),2018,3.35,75
26285,Dark Star (1974),1974,3.35,681
26155,Khartoum (1966),1966,3.35,101
93443,Goon (2011),2011,3.35,827
6401,Rio Lobo (1970),1970,3.35,218
8134,Wonderful Days (a.k.a. Sky Blue) (2003),2003,3.35,244
36539,"Thing About My Folks, The (2005)",2005,3.35,52
172807,A Family Man (2017),2017,3.35,52
200042,The Mustang (2019),2019,3.35,65
264,"Enfer, L' (1994)",1994,3.35,195
26181,"War Wagon, The (1967)",1967,3.35,143
111659,Maleficent (2014),2014,3.35,5202
5016,"Shipping News, The (2001)",2001,3.35,1568
190349,"Juliet, Naked (2018)",2018,3.35,198
103621,Brain Dead (1990),1990,3.35,120
1502,Kissed (1996),1996,3.35,269
211726,Escape from Pretoria (2020),2020,3.35,191
78626,Barking Dogs Never Bite (Flandersui gae) (2000),2000,3.35,110
143345,Shazam! (2019),2019,3.35,2649
6455,North to Alaska (1960),1960,3.35,152
26762,Aileen Wuornos: The Selling of a Serial Killer (1993),1993,3.34,58
92841,Winter in Wartime (Oorlogswinter) (2008),2008,3.34,58
152866,The Alphabet (1968),1968,3.34,87
4486,Clean and Sober (1988),1988,3.34,309
91266,Another Cinderella Story (2008),2008,3.34,296
25993,Magnificent Obsession (1954),1954,3.34,148
67839,"Lucky Ones, The (2008)",2008,3.34,106
94777,Men in Black III (M.III.B.) (M.I.B.³) (2012),2012,3.34,7712
111680,At Middleton (2013),2013,3.34,61
8371,"Chronicles of Riddick, The (2004)",2004,3.34,7576
60007,Doctor Who (1996),1996,3.34,186
196491,Asterix: The Magic Potion ’s Secret (2018),2018,3.34,93
90,The Journey of August King (1995),1995,3.34,218
5250,Stir Crazy (1980),1980,3.34,772
4725,Session 9 (2001),2001,3.34,1544
5394,Don't Bother to Knock (1952),1952,3.34,96
275161,Holy Spider (2022),2022,3.34,64
45668,"Lake House, The (2006)",2006,3.34,2754
52606,Big Nothing (2006),2006,3.34,435
7879,Notorious C.H.O. (2002),2002,3.34,211
7164,Peter Pan (2003),2003,3.34,1936
797,"Old Lady Who Walked in the Sea, The (Vieille qui marchait dans la mer, La) (1991)",1991,3.34,115
90645,Anonymous (2011),2011,3.34,297
110611,Cold in July (2014),2014,3.34,281
89580,Neds (2010),2010,3.34,67
70,From Dusk Till Dawn (1996),1996,3.34,16824
38188,Bubble (2006),2006,3.34,204
151345,Batman: Bad Blood (2016),2016,3.34,239
5770,Ms. 45 (a.k.a. Angel of Vengeance) (1981),1981,3.34,188
31685,Hitch (2005),2005,3.34,11066
45891,Lady in the Lake (1947),1947,3.34,70
1476,Private Parts (1997),1997,3.34,6064
79590,"Rebound, The (2009)",2009,3.34,321
106022,Toy Story of Terror (2013),2013,3.34,359
140291,About Ray (2015),2015,3.34,54
207233,Jumanji: The Next Level (2019),2019,3.34,1553
5357,Iron Will (1994),1994,3.34,403
192105,Black 47 (2018),2018,3.34,57
56786,W.R.: Mysteries of the Organism  (1971),1971,3.34,76
4435,Colonel Redl (Oberst Redl) (1985),1985,3.34,57
131270,Kung Fu Jungle (2014),2014,3.34,95
203296,Purl (2019),2019,3.34,57
57640,Hellboy II: The Golden Army (2008),2008,3.34,6321
38097,Dumplings (Gaau ji) (2004),2004,3.34,231
1909,"X-Files: Fight the Future, The (1998)",1998,3.34,13082
25899,Cover Girl (1944),1944,3.34,79
27876,Schultze Gets the Blues (2003),2003,3.34,142
155583,Miracles from Heaven (2016),2016,3.34,104
106254,Boy Wonder (2010),2010,3.34,63
131092,"Mickey, Donald, Goofy: The Three Musketeers (2004)",2004,3.34,129
1459,Absolute Power (1997),1997,3.34,3884
112316,Jersey Boys (2014),2014,3.34,239
5679,"Ring, The (2002)",2002,3.34,16246
276137,Beavis and Butt-Head Do the Universe (2022),2022,3.34,88
26680,Cry-Baby (1990),1990,3.34,1199
3770,Dreamscape (1984),1984,3.34,1384
8593,Juice (1992),1992,3.34,229
3903,Urbania (2000),2000,3.34,257
2106,Swing Kids (1993),1993,3.34,1623
74541,Trailer Park Boys: Countdown to Liquor Day (2009),2009,3.34,144
8984,Ocean's Twelve (2004),2004,3.34,13348
2926,Hairspray (1988),1988,3.34,3529
195849,Dumplin' (2018),2018,3.34,244
2562,Bandits (1997),1997,3.34,247
171111,Skins (2017),2017,3.34,50
3450,Grumpy Old Men (1993),1993,3.34,6086
2874,"Pajama Game, The (1957)",1957,3.34,481
54094,Driving Lessons (2006),2006,3.34,153
2331,Living Out Loud (1998),1998,3.34,1220
1040,"Secret Agent, The (1996)",1996,3.34,156
34534,Four Brothers (2005),2005,3.34,1934
199219,I See You (2019),2019,3.34,268
4478,Biloxi Blues (1988),1988,3.34,1159
68511,Black Ice (Musta jää) (2007),2007,3.34,81
75351,"Night Stalker, The (1972)",1972,3.34,81
79533,"Bugs Bunny / Road Runner Movie, The (a.k.a. The Great American Chase) (1979)",1979,3.34,137
5392,Bus Stop (1956),1956,3.34,305
6822,"Ballad of Little Jo, The (1993)",1993,3.34,56
2157,"Chambermaid on the Titanic, The (Femme de chambre du Titanic, La) (1998)",1998,3.34,115
3161,Onegin (1999),1999,3.34,205
188797,Tag (2018),2018,3.34,1263
26117,"Killers, The (1964)",1964,3.34,121
3185,Snow Falling on Cedars (1999),1999,3.34,2128
200638,Tolkien (2019),2019,3.34,214
204686,Boss Level (2019),2019,3.34,508
3555,U-571 (2000),2000,3.34,7900
5364,Unfaithful (2002),2002,3.34,2459
3718,American Pimp (1999),1999,3.34,402
91273,Bunraku (2010),2010,3.34,170
27792,"Saddest Music in the World, The (2003)",2003,3.34,241
3684,"Fabulous Baker Boys, The (1989)",1989,3.34,1909
2172,"Strike! (a.k.a. All I Wanna Do, The Hairy Bird) (1998)",1998,3.34,139
71264,Cloudy with a Chance of Meatballs (2009),2009,3.34,5429
114074,The Skeleton Twins (2014),2014,3.34,570
8487,Please Don't Eat the Daisies (1960),1960,3.34,154
104339,In a World... (2013),2013,3.34,551
254744,"Batman: The Long Halloween, Part Two (2021)",2021,3.34,80
31804,Night Watch (Nochnoy dozor) (2004),2004,3.34,1678
6957,Bad Santa (2003),2003,3.34,6235
69140,Sweeney Todd (2006),2006,3.34,304
278800,"Confess, Fletch (2022)",2022,3.34,132
5426,Bad Company (1972),1972,3.34,89
582,Métisse (Café au Lait) (1993),1993,3.34,135
130988,A Little Chaos (2014),2014,3.34,135
2633,"Mummy, The (1932)",1932,3.34,1905
461,Go Fish (1994),1994,3.34,908
281082,Roald Dahl's Matilda the Musical (2022),2022,3.34,92
6334,Blue Car (2002),2002,3.34,196
177237,Battle of the Sexes (2017),2017,3.34,692
91978,Man on a Ledge (2012),2012,3.34,1154
71792,Shoulder Arms (1918),1918,3.34,52
135518,Self/less (2015),2015,3.34,1204
207301,The Weeping Woman (2019),2019,3.34,55
88566,Mysteries of Lisbon (Mistérios de Lisboa) (2010),2010,3.34,55
5810,8 Mile (2002),2002,3.34,10093
1883,Bulworth (1998),1998,3.34,5244
84772,Paul (2011),2011,3.34,4686
7110,Blind Beast (Môjuu) (1969),1969,3.34,58
151933,The Birth of a Nation (2016),2016,3.34,116
103883,2 Guns (2013),2013,3.34,1515
132632,The Pirate Fairy (2014),2014,3.34,131
104881,"Out of the Furnace (Dust to Dust) (Low Dweller, The) (2013)",2013,3.34,664
4984,Morgan! (1966),1966,3.34,67
988,Grace of My Heart (1996),1996,3.34,542
27724,Hitler: The Rise of Evil (2003),2003,3.34,140
5759,"Ladies and Gentlemen, the Fabulous Stains (a.k.a. All Washed Up) (1981)",1981,3.34,70
31502,Salem's Lot (1979),1979,3.34,359
4303,Sordid Lives (2000),2000,3.34,73
51933,Pride (2007),2007,3.34,73
173941,Atomic Blonde (2017),2017,3.34,1992
87079,Trust (2010),2010,3.34,298
136018,Black Mass (2015),2015,3.34,1456
1773,Tokyo Fist (Tokyo ken) (1995),1995,3.34,155
194638,The Kindergarten Teacher (2018),2018,3.34,161
91126,War Horse (2011),2011,3.34,1187
179005,Newness (2017),2017,3.34,88
3073,"Sandpiper, The (1965)",1965,3.34,176
3792,Duel in the Sun (1946),1946,3.34,273
105,"Bridges of Madison County, The (1995)",1995,3.34,10131
114552,"Boxtrolls, The (2014)",2014,3.33,893
2105,Tron (1982),1982,3.33,11973
156755,Things to Come (2016),2016,3.33,130
200328,All the Bright Places (2019),2019,3.33,136
93212,"Cat in Paris, A (Une vie de chat) (2010)",2010,3.33,142
125974,Halloweentown High (2004),2004,3.33,160
177763,Murder on the Orient Express (2017),2017,3.33,2363
7007,"Last Boy Scout, The (1991)",1991,3.33,2070
49284,10 Items or Less (2006),2006,3.33,503
85790,Meek's Cutoff (2010),2010,3.33,280
1597,Conspiracy Theory (1997),1997,3.33,11518
191869,The Old Man and the Gun (2018),2018,3.33,418
57368,Cloverfield (2008),2008,3.33,8984
188761,Puzzle (2018),2018,3.33,57
44115,Shinobi: Heart Under Blade (2005),2005,3.33,99
50705,Neverwas (2005),2005,3.33,75
188067,Toc Toc (2017),2017,3.33,114
197141,The Standoff at Sparrow Creek (2019),2019,3.33,54
26153,Grand Prix (1966),1966,3.33,78
208110,A Shaun the Sheep Movie: Farmageddon (2019),2019,3.33,123
145070,They Look Like People (2015),2015,3.33,174
142861,Cemetery of Splendour (2015),2015,3.33,57
173467,Sarah Silverman: A Speck of Dust (2017),2017,3.33,69
117368,The Madagascar Penguins in a Christmas Caper (2005),2005,3.33,132
73370,"Thorn Birds, The (1983)",1983,3.33,75
56098,"Steel Helmet, The (1951)",1951,3.33,51
5230,"Paleface, The (1948)",1948,3.33,183
72491,"Police, Adjective (Politist, adj.) (2009)",2009,3.33,63
32139,"Agony and the Ecstasy, The (1965)",1965,3.33,197
89072,Stake Land (2010),2010,3.33,391
26540,Demons (Dèmoni) (1985),1985,3.33,185
65982,Outlander (2008),2008,3.33,868
31807,Dot the I (2003),2003,3.33,173
4147,Nico and Dani (Krámpack) (2000),2000,3.33,167
6536,Sinbad: Legend of the Seven Seas (2003),2003,3.33,1127
6969,"Dernier Combat, Le (Last Battle, The) (1983)",1983,3.33,149
6480,Thoroughly Modern Millie (1967),1967,3.33,292
1008,"Davy Crockett, King of the Wild Frontier (1955)",1955,3.33,825
51063,Trailer Park Boys: The Movie (2006),2006,3.33,211
1585,Love Serenade (1996),1996,3.33,208
91241,Singham (2011),2011,3.33,101
2205,Mr. & Mrs. Smith (1941),1941,3.33,683
2454,"Fly, The (1958)",1958,3.33,3784
77264,Ballet Shoes (2007),2007,3.33,92
188,"Prophecy, The (1995)",1995,3.33,2656
130686,The Final Girls (2015),2015,3.33,433
210849,The Call of the Wild (2020),2020,3.33,258
5503,"Last Kiss, The (Ultimo bacio, L') (2001)",2001,3.33,154
104685,"Suicide Shop, The (Le magasin des suicides) (2012) ",2012,3.33,77
211952,The Personal History of David Copperfield (2019),2019,3.33,148
253498,Fear Street Part Two: 1978 (2021),2021,3.33,284
127128,Mississippi Grind (2015),2015,3.33,213
73319,Leap Year (2010),2010,3.33,1405
5245,Simon (1980),1980,3.33,68
209321,Babyteeth (2019),2019,3.33,133
155285,Dil Dhadakne Do (2015),2015,3.33,62
179813,LBJ (2017),2017,3.33,62
170489,Sidney Hall (2017),2017,3.33,62
135512,Three Wishes for Cinderella (1973),1973,3.33,59
2037,Candleshoe (1977),1977,3.33,466
149670,Namastey London (2007),2007,3.33,56
6562,Spencer's Mountain (1963),1963,3.33,109
167762,Batman Beyond Darwyn Cooke's Batman 75th Anniversary Short (2014),2014,3.33,50
8766,Black Angel (1946),1946,3.33,50
229483,One Night in Miami... (2020),2020,3.33,197
186263,Suicide Squad: Hell to Pay (2018),2018,3.33,97
85211,Norwegian Wood (Noruwei no mori) (2010),2010,3.33,144
75813,Leaves of Grass (2009),2009,3.33,399
2518,Night Shift (1982),1982,3.33,2162
3585,"Great Locomotive Chase, The (1956)",1956,3.33,88
2573,Tango (1998),1998,3.33,322
1676,Starship Troopers (1997),1997,3.33,21043
8681,Lancelot of the Lake (Lancelot du Lac) (1974),1974,3.33,76
56389,My Blueberry Nights (2007),2007,3.33,716
86815,Soul Surfer (2011),2011,3.33,403
2899,Gulliver's Travels (1939),1939,3.33,709
1372,Star Trek VI: The Undiscovered Country (1991),1991,3.33,11736
82931,"Last Circus, The (Balada triste de trompeta) (Sad Trumpet Ballad, A) (2010)",2010,3.33,134
2397,Mass Appeal (1984),1984,3.33,163
2433,"Civil Action, A (1998)",1998,3.33,4072
34018,At the Circus (1939),1939,3.33,128
2712,Eyes Wide Shut (1999),1999,3.33,19727
1573,Face/Off (1997),1997,3.33,23875
630,Carried Away (1996),1996,3.33,221
2297,What Dreams May Come (1998),1998,3.33,5036
31689,Inside Deep Throat (2005),2005,3.33,314
2209,Young and Innocent (1937),1937,3.33,212
44073,Stromboli (1950),1950,3.33,90
139415,Irrational Man (2015),2015,3.33,595
61215,13 Beloved (13 game sayawng) (2006),2006,3.33,58
34466,Hum Dil De Chuke Sanam (1999),1999,3.33,58
103299,American Mary (2012),2012,3.33,258
72694,Shrink (2009),2009,3.33,255
7650,"Witchfinder General (Conquerer Worm, The) (1968)",1968,3.33,226
103228,Pacific Rim (2013),2013,3.33,7911
361,It Could Happen to You (1994),1994,3.33,5425
2280,Clay Pigeons (1998),1998,3.33,925
87869,Horrible Bosses (2011),2011,3.33,7067
3641,"Woman of Paris, A (1923)",1923,3.33,104
8460,State Fair (1945),1945,3.33,153
118338,Hard to Be a God (2013),2013,3.33,127
4672,"Tall Guy, The (1989)",1989,3.33,366
142509,Hardcore Henry (2015),2015,3.33,1043
113378,"Giver, The (2014)",2014,3.33,1725
27040,Rogue Trader (1999),1999,3.33,95
481,Kalifornia (1993),1993,3.33,5568
5527,Possession (2002),2002,3.33,670
65682,Underworld: Rise of the Lycans (2009),2009,3.33,2967
106839,Mandela: Long Walk to Freedom (2013),2013,3.33,138
197591,A Dog's Way Home (2019),2019,3.33,69
7134,"Element of Crime, The (Forbrydelsens Element) (1984)",1984,3.33,241
41025,"Good Woman, A (2004)",2004,3.33,175
3272,Bad Lieutenant (1992),1992,3.33,1600
36083,Main Hoon Na (2004),2004,3.33,106
114847,Autómata (Automata) (2014),2014,3.33,1057
26386,High Anxiety (1977),1977,3.33,523
100485,Unfinished Song (Song for Marion) (2012),2012,3.32,60
117466,In the Heart of the Sea (2015),2015,3.32,740
112850,Words and Pictures (2013),2013,3.32,60
4668,Some Girls (1988),1988,3.32,60
34164,Happy Endings (2005),2005,3.32,297
5466,My Wife is an Actress (Ma Femme est une Actrice) (2001),2001,3.32,191
194134,Knife + Heart (2018),2018,3.32,57
2457,Running Scared (1986),1986,3.32,1402
155659,Florence Foster Jenkins (2016),2016,3.32,467
167038,Dear Zindagi (2016),2016,3.32,74
190017,The Death of Superman,,3.32,148
6998,House of Cards (1993),1993,3.32,165
120468,Toy Story Toons: Partysaurus Rex (2012),2012,3.32,91
203503,Deerskin (2019),2019,3.32,108
60654,"Last Mistress, The (vieille maîtresse, Une) (2007)",2007,3.32,54
32060,"Cat and the Canary, The (1927)",1927,3.32,54
4488,Colors (1988),1988,3.32,1182
1518,Breakdown (1997),1997,3.32,3330
77596,Lebanon (2009),2009,3.32,125
1318,Blue Juice (1995),1995,3.32,173
114180,"Maze Runner, The (2014)",2014,3.32,7209
4056,"Pledge, The (2001)",2001,3.32,1879
8918,Eulogy (2004),2004,3.32,297
32381,Bells Are Ringing (1960),1960,3.32,82
5505,"Good Girl, The (2002)",2002,3.32,2765
135184,Gunnm (1993),1993,3.32,65
27776,Red Lights (Feux rouges) (2004),2004,3.32,65
27441,Blood: The Last Vampire (2000),2000,3.32,373
329,Star Trek: Generations (1994),1994,3.32,27773
221396,Host (2020),2020,3.32,291
7790,"Bon Voyage, Charlie Brown (and Don't Come Back!) (1980)",1980,3.32,206
142366,Cigarette Burns (2005),2005,3.32,79
136538,Teen Titans: Trouble in Tokyo (2007),2007,3.32,110
2837,Bedrooms & Hallways (1998),1998,3.32,203
3110,Country (1984),1984,3.32,203
4624,Meet the Feebles (1989),1989,3.32,955
8836,Wicker Park (2004),2004,3.32,794
3588,"King of Marvin Gardens, The (1972)",1972,3.32,242
40755,Forty Guns (1957),1957,3.32,59
2928,"Razor's Edge, The (1984)",1984,3.32,542
2746,Little Shop of Horrors (1986),1986,3.32,9699
34323,"Devil's Rejects, The (2005)",2005,3.32,1499
271,Losing Isaiah (1995),1995,3.32,1271
99750,"Iceman, The (2012)",2012,3.32,440
26251,Mon Oncle Antoine (1971),1971,3.32,56
63989,"Devil Doll, The (1936)",1936,3.32,56
179417,Patton Oswalt: Annihilation (2017),2017,3.32,70
34583,Prime Cut (1972),1972,3.32,98
99413,Juan of the Dead (Juan de los Muertos) (2011),2011,3.32,70
167018,Why Him? (2016),2016,3.32,1150
2774,Better Than Chocolate (1999),1999,3.32,730
521,Romeo Is Bleeding (1993),1993,3.32,2212
71211,"Informant!, The (2009)",2009,3.32,1672
2705,"Late August, Early September (Fin août, début septembre) (1998)",1998,3.32,123
288861,They Cloned Tyrone (2023),2023,3.32,109
392,"Secret Adventures of Tom Thumb, The (1993)",1993,3.32,285
5528,One Hour Photo (2002),2002,3.32,6425
6583,"Blood of Heroes, The (Salute of the Jugger, The) (1989)",1989,3.32,201
139608,Learning to Drive (2014),2014,3.32,53
101739,Evil Dead (2013),2013,3.32,1447
132446,Atari: Game Over (2014),2014,3.32,131
192579,Johnny English Strikes Again (2018),2018,3.32,627
31162,"Life and Death of Peter Sellers, The (2004)",2004,3.32,362
567,Kika (1993),1993,3.32,451
5993,Max (2002),2002,3.32,228
67624,"Square, The (2008)",2008,3.32,50
6895,Normal (2003),2003,3.32,75
62344,Rachel Getting Married (2008),2008,3.32,922
80844,Lake Mungo (2008),2008,3.32,361
26299,Phase IV (1974),1974,3.32,161
6453,Man of Aran (1934),1934,3.32,111
1044,Surviving Picasso (1996),1996,3.32,516
163771,For the Love of Spock (2016),2016,3.32,86
7562,Dobermann (1997),1997,3.32,319
130634,Furious 7 (2015),2015,3.32,3520
7492,Martin (1977),1977,3.32,244
257387,The Innocents (2021),2021,3.32,97
5833,Dog Soldiers (2002),2002,3.32,1361
145030,The 33 (2015),2015,3.32,152
47092,On Dangerous Ground (1952),1952,3.32,58
191811,Iliza Shlesinger: Elder Millennial (2018),2018,3.32,58
44849,Renaissance (2006),2006,3.32,345
6588,And Now... Ladies and Gentlemen... (2002),2002,3.32,69
202393,Always Be My Maybe (2019),2019,3.32,618
7081,I'm No Angel (1933),1933,3.32,80
2261,One Crazy Summer (1986),1986,3.32,1202
2180,Torn Curtain (1966),1966,3.32,689
67,Two Bits (1995),1995,3.32,179
105799,"Unbelievers, The (2013)",2013,3.32,88
4139,No Man's Land (1987),1987,3.32,88
76763,"Runaways, The (2010)",2010,3.32,539
58898,"Aerial, The (La antena) (2007)",2007,3.32,55
8056,Harper (1966),1966,3.32,165
26562,White Nights (1985),1985,3.32,154
30783,Blood and Black Lace (Sei donne per l'assassino) (1964),1964,3.32,154
8899,Hardcore (1979),1979,3.32,195
6124,Savannah Smiles (1982),1982,3.32,151
52975,Hairspray (2007),2007,3.32,2906
105769,"Congress, The (2013)",2013,3.32,348
55451,The Jane Austen Book Club (2007),2007,3.32,578
3377,Hangmen Also Die! (1943),1943,3.32,63
4291,Nine to Five (a.k.a. 9 to 5) (1980),1980,3.32,2301
219059,Archive (2020),2020,3.32,238
91134,My Week with Marilyn (2011),2011,3.32,640
236,French Kiss (1995),1995,3.32,12617
3015,Coma (1978),1978,3.32,1133
4434,"10th Victim, The (La decima vittima) (1965)",1965,3.32,139
4321,City Slickers (1991),1991,3.32,7751
61373,"Woman in Black, The (1989)",1989,3.32,79
268,Little Odessa (1994),1994,3.32,749
7993,"Bucket Of Blood, A (1959)",1959,3.32,147
8852,Lord Jim (1965),1965,3.32,68
3625,Better Living Through Circuitry (1999),1999,3.32,68
4064,Coffy (1973),1973,3.32,242
4844,Bandits (2001),2001,3.32,2969
3963,"Unsinkable Molly Brown, The (1964)",1964,3.32,511
7487,Henry & June (1990),1990,3.32,364
22,Copycat (1995),1995,3.32,10317
6792,"Barber of Siberia, The (Sibirskij tsiryulnik) (1998)",1998,3.32,152
5659,"Rocking Horse Winner, The (1950)",1950,3.32,57
26901,Last of the Dogmen (1995),1995,3.32,57
230231,Black Bear (2020),2020,3.32,171
171263,Tramps (2016),2016,3.32,57
2089,"Rescuers Down Under, The (1990)",1990,3.32,2942
185031,Alpha (2018),2018,3.32,369
109895,Bad Words (2013),2013,3.32,556
185545,The Current War (2018),2018,3.32,160
51084,Music and Lyrics (2007),2007,3.32,2725
5227,Barabbas (1961),1961,3.32,122
86332,Thor (2011),2011,3.32,14456
42738,Underworld: Evolution (2006),2006,3.32,4924
690,"Promise, The (Versprechen, Das) (1995)",1995,3.32,84
4165,"Me You Them (Eu, Tu, Eles) (2000)",2000,3.32,84
4828,"Party, The (Boum, La) (1980)",1980,3.32,149
34532,"Skeleton Key, The (2005)",2005,3.32,2313
8528,Dodgeball: A True Underdog Story (2004),2004,3.32,10974
3145,Cradle Will Rock (1999),1999,3.32,1160
49389,The Great Train Robbery (1903),1903,3.31,227
4919,Subway (1985),1985,3.31,354
49666,Fur: An Imaginary Portrait of Diane Arbus (2006),2006,3.31,181
49856,"Page Turner, The (Tourneuse de pages, La) (2006)",2006,3.31,135
170551,The Quiet Family (1998),1998,3.31,54
4360,There's No Business Like Show Business (1954),1954,3.31,251
4420,"Barefoot Contessa, The (1954)",1954,3.31,224
45517,Cars (2006),2006,3.31,11703
54331,You Kill Me (2007),2007,3.31,348
53766,Breaking News (Daai si gin) (2004),2004,3.31,62
170407,Alibi.com (2017),2017,3.31,62
78335,"Mermaid, The (Rusalka) (2007)",2007,3.31,70
143868,Beauty & the Briefcase (2010),2010,3.31,70
394,Coldblooded (1995),1995,3.31,148
194396,Overlord (2018),2018,3.31,793
25934,3 Godfathers (1948),1948,3.31,86
186953,Hearts Beat Loud (2018),2018,3.31,153
31921,"Seven-Per-Cent Solution, The (1976)",1976,3.31,102
74111,Arn: The Kingdom at Road's End (Arn: Riket vid vägens slut) (2008),2008,3.31,110
31584,Rosenstrasse (2003),2003,3.31,59
38388,Goal! The Dream Begins (Goal!) (2005),2005,3.31,429
183011,The Commuter (2018),2018,3.31,922
5175,Hidden Agenda (1990),1990,3.31,67
369,Mrs. Parker and the Vicious Circle (1994),1994,3.31,1120
7571,"Blue Gardenia, The (1953)",1953,3.31,75
140341,Lava (2015),2015,3.31,233
196113,Kursk (2018),2018,3.31,91
468,"Englishman Who Went Up a Hill But Came Down a Mountain, The (1995)",1995,3.31,7444
2013,"Poseidon Adventure, The (1972)",1972,3.31,5391
1608,Air Force One (1997),1997,3.31,17233
57,Home for the Holidays (1995),1995,3.31,2451
2003,Gremlins (1984),1984,3.31,14222
33245,Earth (Zemlya) (1930),1930,3.31,72
4601,Happy Together (1989),1989,3.31,72
53373,Godzilla vs. Destroyah (Gojira vs. Desutoroiâ) (1995) ,1995,3.31,72
3242,Santitos (1999),1999,3.31,56
86715,Daughters of Darkness (Les lèvres rouges) (1971),1971,3.31,80
99642,Tiny Toon Adventures: How I Spent My Vacation (1992),1992,3.31,56
8773,Sherlock Holmes and the Secret Weapon (1942),1942,3.31,157
2519,House on Haunted Hill (1959),1959,3.31,1043
168344,King Arthur: Legend of the Sword (2017),2017,3.31,1298
140523,"Visit, The (2015)",2015,3.31,1274
26695,"Krays, The (1990)",1990,3.31,125
5174,"Field, The (1990)",1990,3.31,101
7675,"Canterville Ghost, The (1944)",1944,3.31,93
31263,Torremolinos 73 (2003),2003,3.31,85
281208,Violent Night (2022),2022,3.31,255
3618,Small Time Crooks (2000),2000,3.31,2287
7791,Internal Affairs (1990),1990,3.31,409
126548,The DUFF (2015),2015,3.31,1245
61742,Maradona by Kusturica (2008),2008,3.31,69
140162,Love (2015),2015,3.31,443
114601,This Is Where I Leave You (2014),2014,3.31,538
48229,Lemming (2005),2005,3.31,53
7196,"Men, The (1950)",1950,3.31,53
33683,High Tension (Haute tension) (Switchblade Romance) (2003),2003,3.31,983
5493,In Like Flint (1967),1967,3.31,384
44966,Where the Red Fern Grows (1974),1974,3.31,90
179275,Happy End (2017),2017,3.31,119
61,Eye for an Eye (1996),1996,3.31,2327
3107,Backdraft (1991),1991,3.31,8386
7247,Chitty Chitty Bang Bang (1968),1968,3.31,1718
101741,Trance (2013),2013,3.31,975
1870,"Dancer, Texas Pop. 81 (1998)",1998,3.31,388
170781,The Case for Christ (2017),2017,3.31,58
1071,For the Moment (1994),1994,3.31,58
142536,Burnt (2015),2015,3.31,767
85401,Super (2010),2010,3.31,1136
221850,#Alive (2020),2020,3.31,224
5765,"Looney, Looney, Looney Bugs Bunny Movie, The (1981)",1981,3.31,374
55205,Interview (2007),2007,3.31,229
60461,"Home of Dark Butterflies, The (Tummien perhosten koti) (2008)",2008,3.31,50
185999,Beast (2018),2018,3.31,100
47382,Step Up (2006),2006,3.31,2042
3005,"Bone Collector, The (1999)",1999,3.31,7973
131,Frankie Starlight (1995),1995,3.31,192
4436,Obsession (1976),1976,3.31,213
225776,Titane,,3.31,368
265460,The Black Phone (2022),2022,3.31,570
58078,"Air I Breathe, The (2007)",2007,3.31,344
136441,Ferdinand the Bull (1938),1938,3.31,63
168328,Ingrid Goes West (2017),2017,3.31,509
4282,Fellini Satyricon (1969),1969,3.31,467
496,What Happened Was... (1994),1994,3.31,425
194400,Widows (2018),2018,3.31,747
60647,Transsiberian (2008),2008,3.31,723
117549,The Taking of Deborah Logan (2014),2014,3.31,440
103541,Thanks for Sharing (2012),2012,3.31,199
8805,Attack the Gas Station! (Juyuso seubgyuksageun) (1999),1999,3.31,144
1932,"Great Ziegfeld, The (1936)",1936,3.31,327
7324,Hidalgo (2004),2004,3.31,2443
87433,"Ghidorah, the Three-Headed Monster (San daikaijû: Chikyû saidai no kessen) (1964)",1964,3.31,68
4865,From Hell (2001),2001,3.31,5952
143369,The Clan (2015),2015,3.31,81
2482,Still Crazy (1998),1998,3.31,371
157268,Don't Think Twice (2016),2016,3.31,274
96592,Hello I Must Be Going (2012),2012,3.31,60
43684,Something New (2006),2006,3.31,240
69516,"Limits of Control, The (2009)",2009,3.31,365
6909,"Eye, The (Gin gwai) (Jian gui) (2002)",2002,3.31,610
4815,Hearts in Atlantis (2001),2001,3.31,1435
3519,Force 10 from Navarone (1978),1978,3.31,1098
39934,"Bridges at Toko-Ri, The (1954)",1954,3.31,52
237240,Supernova (2020),2020,3.31,52
1380,Grease (1978),1978,3.31,18926
53140,"Librarian: Quest for the Spear, The (2004)",2004,3.31,335
5970,My Girl (1991),1991,3.31,2529
27821,"Interpreter, The (2005)",2005,3.31,2489
148855,Ghost in the Shell: The New Movie (2015),2015,3.31,96
83086,Burlesque (2010),2010,3.31,840
5497,Our Man Flint (1965),1965,3.31,500
709,Oliver & Company (1988),1988,3.31,3214
4042,"Alamo, The (1960)",1960,3.31,681
8882,"Boston Strangler, The (1968)",1968,3.31,150
103372,"Heat, The (2013)",2013,3.31,2294
44197,Find Me Guilty (2006),2006,3.31,426
404,Brother Minister: The Assassination of Malcolm X (1994),1994,3.31,80
61167,Henry Poole is Here (2008),2008,3.31,209
215335,Justice League Dark: Apokolips War (2020),2020,3.31,129
7570,Octopussy (1983),1983,3.31,2289
3117,Ride with the Devil (1999),1999,3.31,590
7373,Hellboy (2004),2004,3.31,12169
127390,Family Guy Presents: Blue Harvest (2007),2007,3.31,340
1836,"Last Days of Disco, The (1998)",1998,3.31,1673
4045,Breakheart Pass (1975),1975,3.31,175
5406,"Desert Rats, The (1953)",1953,3.31,108
155062,Girl Asleep (2015),2015,3.31,54
127124,I'll See You in My Dreams (2015),2015,3.31,72
77843,"Disappearance of Alice Creed, The (2009)",2009,3.31,339
118710,The Frame (2014),2014,3.31,77
4872,Intimacy (2000),2000,3.31,254
6100,"Midsummer Night's Sex Comedy, A (1982)",1982,3.31,549
148980,Finders Keepers (2015),2015,3.31,59
48161,Gridiron Gang (2006),2006,3.3,464
1407,Scream (1996),1996,3.3,19963
3524,Arthur (1981),1981,3.3,3160
109742,Cheap Thrills (2013),2013,3.3,228
76210,Defendor (2009),2009,3.3,494
3875,"Devil Rides Out, The (1968)",1968,3.3,197
95756,"Cat in the Hat, The (1971)",1971,3.3,69
152083,Whiskey Tango Foxtrot (2016),2016,3.3,613
183909,A Futile & Stupid Gesture (2018),2018,3.3,194
198619,Greener Grass (2019),2019,3.3,97
72612,"Fly, The (Légy, A) (1980)",1980,3.3,51
27193,Taxi 2 (2000),2000,3.3,859
31433,"Wedding Date, The (2005)",2005,3.3,1223
193952,Hunter Killer (2018),2018,3.3,293
2049,"Happiest Millionaire, The (1967)",1967,3.3,214
110771,"Other Woman, The (2014)",2014,3.3,1215
47719,"Music Box, The (1932)",1932,3.3,56
55284,Rendition (2007),2007,3.3,565
62577,Flash of Genius (2008),2008,3.3,229
89305,"Inbetweeners Movie, The (2011)",2011,3.3,547
574,Spanking the Monkey (1994),1994,3.3,1416
225766,The Lie (2018),2018,3.3,61
174479,Unedited Footage of a Bear (2014),2014,3.3,61
158974,Neruda (2016),2016,3.3,61
2889,"Mystery, Alaska (1999)",1999,3.3,1972
5975,War and Peace (1956),1956,3.3,193
196891,The Lego Movie 2: The Second Part (2019),2019,3.3,929
177239,Stronger (2017),2017,3.3,236
33126,"Frisco Kid, The (1979)",1979,3.3,137
117430,Gone Nutty (2002),2002,3.3,104
47793,"Puffy Chair, The (2006)",2006,3.3,152
103444,Woody Allen: A Documentary (2012),2012,3.3,114
54734,Sydney White (2007),2007,3.3,519
2021,Dune (1984),1984,3.3,10675
2880,Armour of God (Long xiong hu di) (1987),1987,3.3,653
44193,She's the Man (2006),2006,3.3,2839
97280,We Are from the Future (My iz budushchego) (2008),2008,3.3,86
114184,Camp X-Ray (2014),2014,3.3,215
169864,Life (2017),2017,3.3,2314
3036,"Quest for Fire (Guerre du feu, La) (1981)",1981,3.3,1286
26603,Prince of Darkness (1987),1987,3.3,634
3790,Groove (2000),2000,3.3,298
205857,Judy (2019),2019,3.3,202
6648,Chunhyang (2000),2000,3.3,53
137278,Cyberbully (2015),2015,3.3,53
50442,Alpha Dog (2007),2007,3.3,1211
25900,"Curse of the Cat People, The (1944)",1944,3.3,111
256819,Respect (2021),2021,3.3,58
77709,"Sky Crawlers, The (Sukai kurora) (2008)",2008,3.3,116
6476,Shattered (1991),1991,3.3,237
161034,Sultan (2016),2016,3.3,63
6445,Cloak and Dagger (1946),1946,3.3,63
661,James and the Giant Peach (1996),1996,3.3,11317
4965,"Business of Strangers, The (2001)",2001,3.3,365
1901,Dear Jesse (1997),1997,3.3,73
70046,"Vault of Horror, The (1973)",1973,3.3,73
33669,"Sisterhood of the Traveling Pants, The (2005)",2005,3.3,1794
4111,Gardens of Stone (1987),1987,3.3,236
183701,12 Strong (2018),2018,3.3,364
2727,Killer's Kiss (1955),1955,3.3,487
115991,"Kumiko, the Treasure Hunter (2014)",2014,3.3,153
7317,EuroTrip (2004),2004,3.3,4824
254178,Lamb (2021),2021,3.3,193
2361,Pink Flamingos (1972),1972,3.3,1467
2541,Cruel Intentions (1999),1999,3.3,10690
187595,Solo: A Star Wars Story (2018),2018,3.3,3687
66320,"11th Hour, The (2007)",2007,3.3,85
146668,The Gendarme in New York (1965),1965,3.3,55
97388,"Farewell, My Queen (Les adieux à la reine) (2012)",2012,3.3,50
985,Small Wonders (1995),1995,3.3,55
8801,In the Soup (1992),1992,3.3,85
59621,How to Rob a Bank (2007),2007,3.3,60
179701,One of Us (2017),2017,3.3,55
7108,Crime Story (Zhong an zu) (1993),1993,3.3,135
27641,Upswing (Nousukausi) (2003),2003,3.3,80
50954,It's a Boy Girl Thing (2006),2006,3.3,485
59016,Street Kings (2008),2008,3.3,856
5039,Dragonslayer (1981),1981,3.3,1033
73027,"Last Station, The (2009)",2009,3.3,177
2734,"Mosquito Coast, The (1986)",1986,3.3,2906
6889,Brother Bear (2003),2003,3.3,2624
3643,"Fighting Seabees, The (1944)",1944,3.3,294
49263,Fuck (2005),2005,3.3,142
1477,Love Jones (1997),1997,3.3,366
8862,Criminal (2004),2004,3.3,291
351,"Corrina, Corrina (1994)",1994,3.3,3704
1153,Raw Deal (1948),1948,3.3,169
7346,"Girl Next Door, The (2004)",2004,3.3,4698
54872,Keoma (1976),1976,3.3,62
212863,Nimic (2019),2019,3.3,62
6868,Wonderland (2003),2003,3.3,580
843,Lotto Land (1995),1995,3.3,57
95773,King of Thorn (King of Thorns) (Ibara no O) (2009),2009,3.3,57
49007,Arabesque (1966),1966,3.3,114
5681,Fidel (2001),2001,3.3,52
73981,Man Hunt (1941),1941,3.3,52
4509,"Great Outdoors, The (1988)",1988,3.3,1203
37211,Go West (1940),1940,3.3,99
25798,Island of Lost Souls (1932),1932,3.3,146
7307,Flesh & Blood (1985),1985,3.3,334
66330,Fireflies in the Garden (2008),2008,3.3,94
1027,Robin Hood: Prince of Thieves (1991),1991,3.3,9446
5540,Clash of the Titans (1981),1981,3.3,1963
63113,Quantum of Solace (2008),2008,3.3,9919
115824,Mr. Turner (2014),2014,3.3,279
2407,Cocoon (1985),1985,3.3,11559
141924,The Lady in the Van (2015),2015,3.3,249
57528,Rambo (Rambo 4) (2008),2008,3.3,3715
54962,"Nines, The (2007)",2007,3.3,643
27827,Infernal Affairs III (Mou gaan dou III: Jung gik mou gaan) (2003),2003,3.3,101
4628,New York Stories (1989),1989,3.3,734
99007,Warm Bodies (2013),2013,3.3,3200
4208,Unmade Beds (1997),1997,3.3,96
3370,Betrayed (1988),1988,3.3,337
235471,Cherry (2021),2021,3.3,91
5966,"Kiss Before Dying, A (1956)",1956,3.3,91
753,"Month by the Lake, A (1995)",1995,3.3,514
1429,First Strike (Police Story 4: First Strike) (Ging chaat goo si 4: Ji gaan daan yam mo) (1996),1996,3.3,3605
159755,Popstar: Never Stop Never Stopping (2016),2016,3.3,840
4005,"Living Daylights, The (1987)",1987,3.3,2665
90471,Puncture (2011),2011,3.3,152
109864,Veronica Mars (2014),2014,3.3,527
163985,ARQ (2016),2016,3.3,625
2622,William Shakespeare's A Midsummer Night's Dream (1999),1999,3.3,3778
6217,"Safety of Objects, The (2001)",2001,3.3,169
2743,Native Son (1986),1986,3.3,93
939,"Reluctant Debutante, The (1958)",1958,3.3,115
273433,Operation Mincemeat (2022),2022,3.3,159
1063,Johns (1996),1996,3.3,159
7716,"Lonely Guy, The (1984)",1984,3.3,181
171023,The Hero (2017),2017,3.3,66
2432,Stepmom (1998),1998,3.3,2669
197875,"Extremely Wicked, Shockingly Evil and Vile (2019)",2019,3.3,430
81784,Morning Glory (2010),2010,3.3,1021
2346,"Stepford Wives, The (1975)",1975,3.3,2351
170943,Band Aid (2017),2017,3.3,83
5635,"Man from Elysian Fields, The (2001)",2001,3.3,205
63033,Blindness (2008),2008,3.3,966
116841,Rosewater (2014),2014,3.3,100
6882,Returner (Ritaanaa) (2002),2002,3.29,378
143237,Freeheld (2015),2015,3.29,78
196567,Wild Rose (2019),2019,3.29,78
74139,"Red Baron, The (Der rote Baron) (2008)",2008,3.29,95
3318,Deterrence (1999),1999,3.29,207
32162,My Sister Eileen (1955),1955,3.29,56
79187,"Greatest, The (2009)",2009,3.29,56
54999,Shoot 'Em Up (2007),2007,3.29,2684
6470,Chisum (1970),1970,3.29,175
5028,What Time Is It There? (Ni neibian jidian) (2001),2001,3.29,170
72718,Trucker (2008),2008,3.29,51
8040,Brain Donors (1992),1992,3.29,119
115437,Blind (2014),2014,3.29,85
82906,Baghban (2003),2003,3.29,51
34002,Room Service (1938),1938,3.29,114
8142,Dead or Alive: Hanzaisha (1999),1999,3.29,194
5541,Hot Shots! (1991),1991,3.29,4230
127144,Drunk Stoned Brilliant Dead: The Story of the National Lampoon (2015),2015,3.29,63
4062,Mystic Pizza (1988),1988,3.29,2254
125972,Halloweentown II: Kalabar's Revenge (2001),2001,3.29,196
155874,Love & Friendship (2016),2016,3.29,346
55402,Beaufort (2007),2007,3.29,75
1531,Losing Chase (1996),1996,3.29,75
276015,Speak No Evil (2022),2022,3.29,104
130576,Midnight Special (2015),2015,3.29,1059
88127,Conan O'Brien Can't Stop (2011),2011,3.29,191
58105,"Spiderwick Chronicles, The (2008)",2008,3.29,1644
72995,"Offence, The (1972)",1972,3.29,58
49396,Tenacious D in The Pick of Destiny (2006),2006,3.29,2259
6392,"Man Called Horse, A (1970)",1970,3.29,302
3608,Pee-wee's Big Adventure (1985),1985,3.29,6463
2134,Weird Science (1985),1985,3.29,7000
26289,Emperor of the North (Emperor of the North Pole) (1973),1973,3.29,70
4079,Amazon Women on the Moon (1987),1987,3.29,922
27408,Ripley's Game (2002),2002,3.29,374
47940,Time to Leave (2005),2005,3.29,82
272407,The Bad Guys (2022),2022,3.29,258
5232,Road to Singapore (1940),1940,3.29,176
74095,Wicked City (Yôjû toshi) (1987),1987,3.29,135
159193,Café Society (2016),2016,3.29,776
132630,Tinker Bell and the Legend of the NeverBeast (2014),2014,3.29,147
7951,Nightbreed (1990),1990,3.29,448
5221,Harrison's Flowers (2000),2000,3.29,154
5090,"Hunchback of Notre Dame, The (Notre Dame de Paris) (1956)",1956,3.29,173
2059,"Parent Trap, The (1998)",1998,3.29,4899
109853,Barefoot (2014),2014,3.29,192
103083,"Reluctant Fundamentalist, The (2012)",2012,3.29,84
65631,Battle in Seattle (2007),2007,3.29,132
52950,Day Watch (Dnevnoy dozor) (2006),2006,3.29,839
45221,Stick It (2006),2006,3.29,551
101640,Don (2006),2006,3.29,103
136337,Scooby-Doo and the Cyber Chase (2001),2001,3.29,146
4370,A.I. Artificial Intelligence (2001),2001,3.29,17225
205048,21 Bridges (2019),2019,3.29,299
211225,Pinocchio (2019),2019,3.29,55
94833,"Pirates! Band of Misfits, The (2012)",2012,3.29,550
5240,Running Scared (1980),1980,3.29,165
58627,Never Back Down (2008),2008,3.29,660
1589,Cop Land (1997),1997,3.29,5505
94405,Safe (2012),2012,3.29,878
90249,Real Steel (2011),2011,3.29,3982
197225,T-34 (2018),2018,3.29,62
269146,Fresh (2022),2022,3.29,248
7184,This Property is Condemned (1966),1966,3.29,62
5850,Road Games (a.k.a. Roadgames) (1981),1981,3.29,81
71129,Green Lantern: First Flight (2009),2009,3.29,412
180033,The Leisure Seeker (2017),2017,3.29,50
865,Small Faces (1996),1996,3.29,100
1448,Fire on the Mountain (1996),1996,3.29,50
4933,"Earthling, The (1980)",1980,3.29,50
75423,"Devil's Eye, The (Djävulens öga) (1960)",1960,3.29,50
162828,Imperium (2016),2016,3.29,407
3126,"End of the Affair, The (1955)",1955,3.29,69
331,Tom & Viv (1994),1994,3.29,552
43936,16 Blocks (2006),2006,3.29,2714
74,Bed of Roses (1996),1996,3.29,3565
93819,Absentia (2011),2011,3.29,221
106785,Homefront (2013),2013,3.29,684
98585,Hitchcock (2012),2012,3.29,584
3566,"Big Kahuna, The (2000)",2000,3.29,1531
140,Up Close and Personal (1996),1996,3.29,5049
2476,Heartbreak Ridge (1986),1986,3.29,2313
69746,Watchmen: Tales of the Black Freighter (2009),2009,3.29,306
45880,Marie Antoinette (2006),2006,3.29,2151
2962,Fever Pitch (1997),1997,3.29,493
225625,Borat Subsequent Moviefilm (2020),2020,3.29,1420
5328,Rain (2001),2001,3.29,71
5968,Miami Blues (1990),1990,3.29,369
5345,Triumph of the Spirit (1989),1989,3.29,52
74275,I Love You Phillip Morris (2009),2009,3.29,1470
5397,Monkey Business (1952),1952,3.29,319
47117,Tears of the Black Tiger (Fah talai jone) (2000),2000,3.29,59
999,2 Days in the Valley (1996),1996,3.29,3200
286131,The Super Mario Bros. Movie (2023),2023,3.29,538
785,Kingpin (1996),1996,3.29,11611
5165,Zombie (a.k.a. Zombie 2: The Dead Are Among Us) (Zombi 2) (1979),1979,3.29,467
8957,Saw (2004),2004,3.29,12829
92335,Big Miracle (2012),2012,3.29,132
6681,All the Little Animals (1998),1998,3.29,66
82461,Tron: Legacy (2010),2010,3.29,7458
26398,Capricorn One (1978),1978,3.29,443
157853,Patton Oswalt: Talking for Clapping (2016),2016,3.29,73
26378,Who Can Kill a Child? (a.k.a. Island of the Damned) (¿Quién puede matar a un niño?) (1976),1976,3.29,73
279188,Deadstream (2022),2022,3.29,73
140928,Joy (2015),2015,3.29,1153
2143,Legend (1985),1985,3.29,3675
8367,"Time of the Wolf, The (Le temps du loup) (2003)",2003,3.29,181
130842,Power/Rangers (2015),2015,3.29,101
52458,Disturbia (2007),2007,3.29,3333
251726,Stillwater (2021),2021,3.29,155
69552,Tulpan (2008),2008,3.29,54
138204,7 Days in Hell (2015),2015,3.29,244
30952,Last Train from Gun Hill (1959),1959,3.29,68
26861,Freaked (1993),1993,3.29,82
102070,Grabbers (2012),2012,3.29,246
70344,Cold Souls (2009),2009,3.29,206
27798,Ju-on: The Grudge 2 (2003),2003,3.29,117
52448,Goya's Ghosts (2006),2006,3.29,248
3514,Joe Gould's Secret (2000),2000,3.29,255
8616,By the Light of the Silvery Moon (1953),1953,3.29,70
8692,Wake Island (1942),1942,3.29,56
853,Dingo (1991),1991,3.29,112
79946,"Joneses, The (2009)",2009,3.29,357
4570,"Big Picture, The (1989)",1989,3.29,315
1470,Rhyme & Reason (1997),1997,3.29,56
32029,Hostage (2005),2005,3.29,1785
1378,Young Guns (1988),1988,3.29,7185
5666,"Rules of Attraction, The (2002)",2002,3.29,1601
1015,Homeward Bound: The Incredible Journey (1993),1993,3.29,4210
3513,Rules of Engagement (2000),2000,3.29,2845
138,"Neon Bible, The (1995)",1995,3.29,142
214776,Extraction (2020),2020,3.29,952
202934,Anna (2019),2019,3.29,428
2998,Dreaming of Joseph Lees (1999),1999,3.28,79
1753,Half Baked (1998),1998,3.28,3019
6083,Hammett (1982),1982,3.28,65
103249,World War Z (2013),2013,3.28,9609
131739,Batman vs. Robin (2015),2015,3.28,225
2006,"Mask of Zorro, The (1998)",1998,3.28,16068
6629,House of Wax (1953),1953,3.28,473
80124,Sisters (Syostry) (2001),2001,3.28,51
179491,Mayhem (2017),2017,3.28,190
59103,"Forbidden Kingdom, The (2008)",2008,3.28,1418
7355,Mr. Toad's Wild Ride (a.k.a. The Wind in the Willows) (1996),1996,3.28,183
132112,Good Kill (2014),2014,3.28,162
218,Boys on the Side (1995),1995,3.28,4264
5131,How to Kill Your Neighbor's Dog (2000),2000,3.28,148
258279,Good Boys (2019),2019,3.28,74
5063,One-Eyed Jacks (1961),1961,3.28,208
261271,The Harder They Fall (2021),2021,3.28,171
79860,"Experiment, The (2010)",2010,3.28,358
25916,They Were Expendable (1945),1945,3.28,127
176921,The Villainess (2017),2017,3.28,143
7048,Nothing to Lose (1997),1997,3.28,687
72018,H.H. Holmes: America's First Serial Killer (2004),2004,3.28,53
27706,Lemony Snicket's A Series of Unfortunate Events (2004),2004,3.28,6979
288167,Extraction 2 (2023),2023,3.28,182
191495,White Boy Rick (2018),2018,3.28,152
3896,"Way of the Gun, The (2000)",2000,3.28,1788
44590,Don't Torture a Duckling (Non si sevizia un paperino) (1972),1972,3.28,115
197881,Brittany Runs a Marathon (2019),2019,3.28,207
2834,"Very Thought of You, The (1998)",1998,3.28,207
145,Bad Boys (1995),1995,3.28,15155
93598,"Snowtown (Snowtown Murders, The) (2011)",2011,3.28,177
90620,Mulan (2009),2009,3.28,131
638,Jack and Sarah (1995),1995,3.28,586
55844,Itty Bitty Titty Committee (2007),2007,3.28,85
95201,To Rome with Love (2012),2012,3.28,843
176625,Message from the King (2017),2017,3.28,62
194556,Terrified (2017),2017,3.28,101
6439,Attack! (1956),1956,3.28,55
128832,The Last Five Years (2014),2014,3.28,126
3594,Center Stage (2000),2000,3.28,1466
133123,Barbie as The Princess & the Pauper (2004),2004,3.28,142
54276,No Reservations (2007),2007,3.28,1142
375,Safe Passage (1994),1994,3.28,254
225,Disclosure (1994),1994,3.28,12836
106195,How I Live Now (2013),2013,3.28,263
6603,"Double Life, A (1947)",1947,3.28,64
4121,Innerspace (1987),1987,3.28,3529
536,"Simple Twist of Fate, A (1994)",1994,3.28,767
161586,Little Men (2016),2016,3.28,73
605,One Fine Day (1996),1996,3.28,3685
63329,Christmas Story (Joulutarina) (2007),2007,3.28,98
98019,Vexille (Bekushiru: 2077 Nihon sakoku) (2007),2007,3.28,82
6714,So Close (Chik Yeung Tin Sai) (2002),2002,3.28,164
60482,Towelhead (a.k.a. Nothing is Private) (2007),2007,3.28,148
225165,His House (2020),2020,3.28,255
169828,Fallen (2016),2016,3.28,66
73413,My One and Only (2009),2009,3.28,91
2043,Darby O'Gill and the Little People (1959),1959,3.28,1183
109157,"Long Way Down, A (2014)",2014,3.28,216
5035,Wuthering Heights (1970),1970,3.28,125
114250,My Old Lady (2014),2014,3.28,75
116261,Wuthering Heights (2009),2009,3.28,50
92391,Grave Encounters (2011),2011,3.28,520
6390,Silk Stockings (1957),1957,3.28,118
58520,Mala Noche (1985),1985,3.28,59
288979,A Haunting in Venice (2023),2023,3.28,59
275173,The Bob's Burgers Movie (2022),2022,3.28,136
76272,Five Minutes of Heaven (2009),2009,3.28,111
70984,Taking Woodstock (2009),2009,3.28,396
807,"Rendezvous in Paris (Rendez-vous de Paris, Les) (1995)",1995,3.28,224
3427,Coogan's Bluff (1968),1968,3.28,389
207309,Fractured (2019),2019,3.28,312
2104,Tex (1982),1982,3.28,312
46970,Talladega Nights: The Ballad of Ricky Bobby (2006),2006,3.28,5789
127188,Advantageous (2015),2015,3.28,122
270696,The Adam Project (2022),2022,3.28,811
3560,Empire of Passion (a.k.a. In the Realm of Passion) (a.k.a. Phantom Love) (Ai No Borei) (1978),1978,3.28,70
7293,50 First Dates (2004),2004,3.28,14774
48319,Flyboys (2006),2006,3.28,501
5485,Tadpole (2002),2002,3.28,510
864,"Wife, The (1995)",1995,3.28,88
25946,"Three Musketeers, The (1948)",1948,3.28,88
105159,Alps (Alpeis) (2011),2011,3.28,151
421,Black Beauty (1994),1994,3.28,1832
4473,Bat*21 (1988),1988,3.28,351
60418,Kabluey (2007),2007,3.28,126
27830,"Bobby Jones, Stroke of Genius (2004)",2004,3.28,72
8700,Destination Tokyo (1943),1943,3.28,99
68932,"Soloist, The (2009)",2009,3.28,652
27746,Ginger Snaps: Unleashed (2004),2004,3.28,245
1922,Whatever (1998),1998,3.28,227
1447,Gridlock'd (1997),1997,3.28,647
3729,Shaft (1971),1971,3.28,1332
100810,Dark Skies (2013),2013,3.28,572
261275,Ghostbusters: Afterlife (2021),2021,3.28,601
90914,"Devil's Double, The (2011)",2011,3.28,269
65899,12:01 (1993),1993,3.28,130
8727,"Day of the Locust, The (1975)",1975,3.28,121
204246,Sword of Trust (2019),2019,3.28,56
6471,Defense of the Realm (1986),1986,3.28,56
91474,Flypaper (2011),2011,3.28,215
101262,Geek Charming (2011),2011,3.28,159
2024,"Rapture, The (1991)",1991,3.28,848
136333,Scooby-Doo and the Ghoul School (1988),1988,3.28,85
60289,Kit Kittredge: An American Girl (2008),2008,3.28,123
65126,Choke (2008),2008,3.28,742
88405,Friends with Benefits (2011),2011,3.28,4766
376,"River Wild, The (1994)",1994,3.28,11536
218657,A Whisker Away (2020),2020,3.28,105
8987,Bush's Brain (2004),2004,3.28,105
114007,Before I Go to Sleep (2014),2014,3.28,487
80917,Monsters (2010),2010,3.28,1206
6256,"House with Laughing Windows, The (Casa dalle finestre che ridono, La) (1976)",1976,3.28,67
82169,"Chronicles of Narnia: The Voyage of the Dawn Treader, The (2010)",2010,3.28,2885
2706,American Pie (1999),1999,3.28,29519
6602,Brain Damage (1988),1988,3.28,232
25737,"Golem, The (Golem, wie er in die Welt kam, Der) (1920)",1920,3.28,116
208531,Earthquake Bird (2019),2019,3.28,58
2,Jumanji (1995),1995,3.28,28904
91974,Underworld: Awakening (2012),2012,3.28,2236
97172,Frankenweenie (2012),2012,3.28,1284
96612,Compliance (2012),2012,3.28,405
127134,A Walk in the Woods (2015),2015,3.28,200
72131,Michael Jackson's This Is It (2009),2009,3.28,380
96467,Sleepwalk with Me (2012),2012,3.28,260
5693,Saturday Night Fever (1977),1977,3.27,3150
4847,Fat Girl (À ma soeur!) (2001),2001,3.27,382
174395,Better Watch Out (2016),2016,3.27,313
53375,Godzilla vs. King Ghidorah (Gojira vs. Kingu Gidorâ) (1991),1991,3.27,71
70643,Bandslam (2009),2009,3.27,142
169958,Buster's Mal Heart (2017),2017,3.27,122
33463,DuckTales: The Movie - Treasure of the Lost Lamp (1990),1990,3.27,244
86408,Welcome to the South (Benvenuti al Sud) (2010),2010,3.27,51
4173,When Brendan Met Trudy (2000),2000,3.27,51
211966,WHAT DID JACK DO? (2017),2017,3.27,133
5353,Butterflies Are Free (1972),1972,3.27,228
33136,House of D (2004),2004,3.27,135
85367,Just Go with It (2011),2011,3.27,2341
4701,Rush Hour 2 (2001),2001,3.27,9895
69640,Public Enemies (2009),2009,3.27,3380
272135,Bodies Bodies Bodies (2022),2022,3.27,347
32882,"Big Store, The (1941)",1941,3.27,95
1020,Cool Runnings (1993),1993,3.27,7931
4091,Can't Buy Me Love (1987),1987,3.27,1599
884,Sweet Nothing (1996),1996,3.27,53
1569,My Best Friend's Wedding (1997),1997,3.27,11802
58381,Jellyfish (Meduzot) (2007),2007,3.27,64
3865,"Original Kings of Comedy, The (2000)",2000,3.27,1029
36477,"Baxter, The (2005)",2005,3.27,152
137,Man of the Year (1995),1995,3.27,218
6285,Levity (2003),2003,3.27,143
4441,Game of Death (1978),1978,3.27,363
135127,Metro (2013),2013,3.27,88
7272,Super Fly (Superfly) (1972),1972,3.27,189
2545,Relax... It's Just Sex (1998),1998,3.27,134
6705,Party Monster (2003),2003,3.27,391
72176,Big Fan (2009),2009,3.27,257
49524,"Nativity Story, The (2006)",2006,3.27,180
26555,Spies Like Us (1985),1985,3.27,1152
173627,Manitou's Shoe (2001),2001,3.27,57
26370,"Message, The (a.k.a. Mohammad: Messenger of God) (1976)",1976,3.27,103
172743,Somnio (2016),2016,3.27,184
178667,Gerald's Game (2017),2017,3.27,889
38701,Don't Come Knocking (2005),2005,3.27,127
3930,"Creature from the Black Lagoon, The (1954)",1954,3.27,1307
103253,Elysium (2013),2013,3.27,7469
7179,Wuthering Heights (1992),1992,3.27,238
3745,Titan A.E. (2000),2000,3.27,6608
2833,Lucie Aubrac (1997),1997,3.27,168
175579,The Nile Hilton Incident (2017),2017,3.27,72
3749,"Time Regained (Temps retrouvé, Le) (1999)",1999,3.27,144
62526,"Drowning Pool, The (1975)",1975,3.27,72
194256,A Charlie Brown Thanksgiving (1973),1973,3.27,96
1902,Dream for an Insomniac (1996),1996,3.27,288
55080,"Brave One, The (2007)",2007,3.27,781
189567,Alex Strangelove (2018),2018,3.27,181
184069,Accident Man (2018),2018,3.27,85
4817,Born Romantic (2000),2000,3.27,61
53919,"Man in the Iron Mask, The (1939)",1939,3.27,98
102123,This Is the End (2013),2013,3.27,4636
178521,The Babysitter (2017),2017,3.27,773
78128,True Legend (Su Qi-Er) (2010),2010,3.27,74
5297,"Cat's Meow, The (2002)",2002,3.27,494
3565,Where the Heart Is (2000),2000,3.27,2126
1088,Dirty Dancing (1987),1987,3.27,14112
6782,Leningrad Cowboys Go America (1989),1989,3.27,348
75985,Repo Men (2010),2010,3.27,1711
79203,Nightwatching (2007),2007,3.27,50
8619,Sister My Sister (1994),1994,3.27,50
110453,Draft Day (2014),2014,3.27,465
8678,Guns of the Magnificent Seven (1969),1969,3.27,63
86642,Cold Weather (2010),2010,3.27,63
127096,Project Almanac (2015),2015,3.27,827
288269,No Hard Feelings (2023),2023,3.27,191
55272,We Own the Night (2007),2007,3.27,796
469,"House of the Spirits, The (1993)",1993,3.27,1349
1508,Traveller (1997),1997,3.27,206
2759,Dick (1999),1999,3.27,2962
7491,"Naked Prey, The (1966)",1966,3.27,91
55926,Hellfighters (1968),1968,3.27,52
114436,"World of Kanako, The (Kawaki.) (2014)",2014,3.27,52
4819,Go Figure (Va savoir) (2001),2001,3.27,117
53447,Paranoid Park (2007),2007,3.27,487
104361,Ain't Them Bodies Saints (2013),2013,3.27,145
103665,Ip Man: The Final Fight (2013),2013,3.27,106
2110,Dead Men Don't Wear Plaid (1982),1982,3.27,2687
5684,Naqoyqatsi (2002),2002,3.27,281
271865,X (2022),2022,3.27,549
108899,Gloria (2013),2013,3.27,67
26301,Save the Tiger (1973),1973,3.27,67
172915,Falling Skies,,3.27,67
205082,Invader ZIM: Enter the Florpus (2019),2019,3.27,108
26809,"Baby of Mâcon, The (a.k.a. The Baby of Macon) (1993)",1993,3.27,54
71745,Where the Wild Things Are (2009),2009,3.27,2656
783,"Hunchback of Notre Dame, The (1996)",1996,3.27,12497
97311,Butter (2011),2011,3.27,248
4922,Halls of Montezuma (1950),1950,3.27,69
7822,Mogambo (1953),1953,3.27,84
7613,White Palace (1990),1990,3.27,140
26493,"4th Man, The (Fourth Man, The) (Vierde man, De) (1983)",1983,3.27,112
46,How to Make an American Quilt (1995),1995,3.27,3179
320,Suture (1993),1993,3.27,323
117529,Jurassic World (2015),2015,3.27,8820
216671,Have a Good Trip: Adventures in Psychedelics (2020),2020,3.27,99
272663,All the Old Knives (2022),2022,3.27,71
163020,The Fits (2016),2016,3.27,71
79927,Terribly Happy (Frygtelig lykkelig) (2008),2008,3.27,71
54612,Resurrecting the Champ (2007),2007,3.27,185
82360,Rammbock (2010),2010,3.27,58
8263,Take Me Out to the Ball Game (1949),1949,3.27,73
407,In the Mouth of Madness (1995),1995,3.27,2516
100302,Upside Down (2012),2012,3.27,865
2675,"Twice Upon a Yesterday (a.k.a. Man with Rain in His Shoes, The) (1998)",1998,3.27,103
8512,Silent Movie (1976),1976,3.27,429
2560,Ravenous (1999),1999,3.27,1832
3122,Santa Fe Trail (1940),1940,3.27,154
224983,The Croods: A New Age (2020),2020,3.27,201
3926,Voyage to the Bottom of the Sea (1961),1961,3.27,588
200838,Pokémon: Detective Pikachu (2019),2019,3.27,1659
352,Crooklyn (1994),1994,3.27,1377
957,"Scarlet Letter, The (1926)",1926,3.27,239
45611,Vera Cruz (1954),1954,3.27,64
171491,Unlocked (2017),2017,3.27,177
465,Heaven & Earth (1993),1993,3.27,757
359,I Like It Like That (1994),1994,3.27,275
56167,Om Shanti Om (2007),2007,3.27,213
251900,The Forgotten Battle (2020),2020,3.27,66
30949,"Grateful Dead Movie, The (1977)",1977,3.27,66
5290,First Men in the Moon (1964),1964,3.27,149
63859,Bolt (2008),2008,3.26,4900
175165,What the Health (2017),2017,3.26,117
3259,Far and Away (1992),1992,3.26,3329
168420,Justice League Dark (2017),2017,3.26,219
188383,Time Trap (2017),2017,3.26,306
161060,Goldstone (2016),2016,3.26,51
109187,"Zero Theorem, The (2013)",2013,3.26,850
8375,"Hunting of the President, The (2004)",2004,3.26,85
252932,Belle (2021),2021,3.26,104
79287,"Wizard of Oz, The (1925)",1925,3.26,87
66156,"Escapist, The (2008)",2008,3.26,157
4951,Lord of the Flies (1990),1990,3.26,1402
162322,Mechanic: Resurrection (2016),2016,3.26,793
8488,Siddhartha (1972),1972,3.26,53
166562,Panfilov's 28 Men (2016),2016,3.26,53
31932,Fallen Angel (1945),1945,3.26,53
74668,District 13: Ultimatum (Banlieue 13 - Ultimatum) (2009),2009,3.26,661
71530,Surrogates (2009),2009,3.26,3764
6690,Don't Tempt Me (Sin noticias de Dios) (2001),2001,3.26,108
7959,"Trip, The (1967)",1967,3.26,108
4734,Jay and Silent Bob Strike Back (2001),2001,3.26,8839
371,"Paper, The (1994)",1994,3.26,4305
166526,The Space Between Us (2016),2016,3.26,472
3591,Mr. Mom (1983),1983,3.26,3177
205072,Zombieland: Double Tap (2019),2019,3.26,1583
38600,Factotum (2005),2005,3.26,311
224781,Run Hide Fight (2020),2020,3.26,55
72369,Goemon (2009),2009,3.26,55
2963,Joe the King (1999),1999,3.26,129
8780,"Assassination Bureau, The (1969)",1969,3.26,74
142422,The Night Before (2015),2015,3.26,520
8119,Crossroads (1986),1986,3.26,298
196081,Ben Is Back (2018),2018,3.26,112
4238,Along Came a Spider (2001),2001,3.26,3872
4698,Orphans (1997),1997,3.26,57
6704,Home Room (2002),2002,3.26,57
51082,Tyler Perry's Daddy's Little Girls (2007),2007,3.26,95
6900,Black Sunday (1977),1977,3.26,209
38798,In Her Shoes (2005),2005,3.26,1807
6664,Commando (1985),1985,3.26,3185
161348,The Love Witch (2016),2016,3.26,291
26492,Twilight Zone: The Movie (1983),1983,3.26,681
176073,The Incredible Jessica James (2017),2017,3.26,78
52037,Avenue Montaigne (Fauteuils d'orchestre) (2006),2006,3.26,78
121143,Flu (2013),2013,3.26,78
4617,Let It Ride (1989),1989,3.26,257
58103,Vantage Point (2008),2008,3.26,1965
7573,Never Say Never Again (1983),1983,3.26,1533
1587,Conan the Barbarian (1982),1982,3.26,8273
92393,Detective Dee and the Mystery of the Phantom Flame (Di Renjie) (2010),2010,3.26,120
4286,"Home of Our Own, A (1993)",1993,3.26,120
3414,Love Is a Many-Splendored Thing (1955),1955,3.26,242
281904,Infinity Pool (2023),2023,3.26,202
115216,"Salvation, The (2014)",2014,3.26,263
31956,5x2 (2004),2004,3.26,183
1375,Star Trek III: The Search for Spock (1984),1984,3.26,11835
253972,Fear Street: 1666 (2021),2021,3.26,246
31694,Bride & Prejudice (2004),2004,3.26,866
130452,While We're Young (2014),2014,3.26,559
3425,Mo' Better Blues (1990),1990,3.26,502
5125,Used Cars (1980),1980,3.26,468
219726,The Old Guard (2020),2020,3.26,982
288,Natural Born Killers (1994),1994,3.26,26472
179819,Star Wars: The Last Jedi (2017),2017,3.26,6646
53138,"Librarian: Return to King Solomon's Mines, The (2006)",2006,3.26,285
1058,Bitter Sugar (Azúcar amarga) (1996),1996,3.26,132
6815,Into the Night (1985),1985,3.26,247
204966,Luce (2019),2019,3.26,92
84137,"Housemaid, The (Hanyo) (2010)",2010,3.26,92
2128,Safe Men (1998),1998,3.26,257
95816,Being Flynn (2012),2012,3.26,94
128838,Crimson Peak (2015),2015,3.26,1510
107537,Q (2011),2011,3.26,71
162602,The Girl on the Train (2016),2016,3.26,1493
25962,King Solomon's Mines (1950),1950,3.26,119
4936,Fame (1980),1980,3.26,1340
4700,"Princess Diaries, The (2001)",2001,3.26,6701
2079,Kidnapped (1960),1960,3.26,146
170629,The Discovery (2017),2017,3.26,463
1733,Afterglow (1997),1997,3.26,540
47518,Accepted (2006),2006,3.26,2564
77818,Gunless (2010),2010,3.26,50
3624,Shanghai Noon (2000),2000,3.26,11026
52321,Seraphim Falls (2006),2006,3.26,283
34045,"I Inside, The (2004)",2004,3.26,104
169900,The Lost City of Z (2017),2017,3.26,599
143859,"Hail, Caesar! (2016)",2016,3.26,2085
207796,The Aeronauts (2019),2019,3.26,214
225565,Spontaneous (2020),2020,3.26,135
26344,French Connection II (1975),1975,3.26,164
3640,"King in New York, A (1957)",1957,3.26,137
129397,Marvel One-Shot: Item 47 (2012),2012,3.26,110
3492,"Son of the Sheik, The (1926)",1926,3.26,85
91886,Dolphin Tale (2011),2011,3.26,172
2124,"Addams Family, The (1991)",1991,3.26,10248
6948,Tupac: Resurrection (2003),2003,3.26,174
102286,Family Weekend (2013),2013,3.26,58
104883,"Conspiracy, The (2012)",2012,3.26,145
5640,"Godzilla, King of the Monsters! (Kaijû-ô Gojira) (1956)",1956,3.26,412
116207,Zulu (2013),2013,3.26,60
7163,Paycheck (2003),2003,3.26,4122
77795,Cargo (2009),2009,3.26,455
222011,Greenland (2020),2020,3.26,457
214242,Blow the Man Down (2019),2019,3.26,122
5042,Forbidden Zone (1980),1980,3.26,157
3794,Chuck & Buck (2000),2000,3.26,849
192389,Venom (2018),2018,3.26,3263
127565,Lost River (2014),2014,3.26,167
5502,Signs (2002),2002,3.26,17526
1360,Identification of a Woman (Identificazione di una donna) (1982),1982,3.26,68
113188,"Rover, The (2014)",2014,3.26,377
8778,Sherlock Holmes: Dressed to Kill (1946),1946,3.26,103
3478,"Bamba, La (1987)",1987,3.26,2125
40973,"Wild Geese, The (1978)",1978,3.26,140
104906,Austenland (2013),2013,3.26,247
7380,Ella Enchanted (2004),2004,3.26,2292
8169,*batteries not included (1987),1987,3.26,2008
6592,"Secret Lives of Dentists, The (2002)",2002,3.26,327
51174,Factory Girl (2006),2006,3.26,296
69644,Ice Age: Dawn of the Dinosaurs (2009),2009,3.26,4183
27316,6ixtynin9 (Ruang Talok 69) (1999),1999,3.26,76
3345,"Charlie, the Lonesome Cougar (1967)",1967,3.26,117
5163,StageFright: Aquarius (1987),1987,3.26,125
4387,Kiss of the Dragon (2001),2001,3.26,1925
7949,"Yakuza, The (1975)",1975,3.26,131
8779,Bon Voyage (2003),2003,3.26,133
276489,The Sea Beast (2022),2022,3.26,225
61941,Humboldt County (2008),2008,3.26,90
284489,Creed III (2023),2023,3.26,182
33781,Quo Vadis (1951),1951,3.26,139
168288,The Belko Experiment (2017),2017,3.26,417
3404,Titanic (1953),1953,3.26,1735
7095,Looking for Mr. Goodbar (1977),1977,3.26,235
2363,Godzilla (Gojira) (1954),1954,3.26,2699
5298,Human Nature (2001),2001,3.25,908
4101,Dogs in Space (1987),1987,3.25,51
3154,Blood on the Sun (1945),1945,3.25,51
55288,Reservation Road (2007),2007,3.25,265
4108,Five Corners (1987),1987,3.25,108
96002,"Tür, Die (Door, The) (2009)",2009,3.25,55
57476,The Cheyenne Social Club (1970),1970,3.25,55
3506,North Dallas Forty (1979),1979,3.25,727
179247,Revenge (2017),2017,3.25,340
5819,Interview with the Assassin (2002),2002,3.25,57
129773,Soulless (2012),2012,3.25,57
118082,The Voices (2014),2014,3.25,696
51037,Unknown (2006),2006,3.25,413
104089,Computer Chess (2013),2013,3.25,122
38843,55 Days at Peking (1963),1963,3.25,61
7890,The Left Handed Gun (1958),1958,3.25,61
3698,"Running Man, The (1987)",1987,3.25,8371
58299,Horton Hears a Who! (2008),2008,3.25,2922
74946,She's Out of My League (2010),2010,3.25,1858
1480,Smilla's Sense of Snow (1997),1997,3.25,1963
408,8 Seconds (1994),1994,3.25,680
185385,Midnight Sun (2018),2018,3.25,138
6925,Sherlock Holmes in Washington (1943),1943,3.25,71
5575,Alias Betty (Betty Fisher et autres histoires) (2001),2001,3.25,73
106473,One Piece Film Z (2012),2012,3.25,73
34540,Pretty Persuasion (2005),2005,3.25,219
39414,Shopgirl (2005),2005,3.25,959
3355,"Ninth Gate, The (1999)",1999,3.25,4861
43914,Winter Passing (2005),2005,3.25,227
3375,Destination Moon (1950),1950,3.25,227
6813,"Ghost and Mr. Chicken, The (1966)",1966,3.25,229
2994,"City, The (Ciudad, La) (1998)",1998,3.25,77
26125,"Spider Baby or, The Maddest Story Ever Told (Spider Baby) (1968)",1968,3.25,81
88746,Terri (2011),2011,3.25,164
62081,Eagle Eye (2008),2008,3.25,2711
1711,Midnight in the Garden of Good and Evil (1997),1997,3.25,4923
4543,Shoot to Kill (1988),1988,3.25,334
6544,"Housekeeper, The (femme de ménage, Une) (2002)",2002,3.25,89
1485,Liar Liar (1997),1997,3.25,22475
81,Things to Do in Denver When You're Dead (1995),1995,3.25,3311
6923,Sherlock Holmes and the Voice of Terror (1942),1942,3.25,95
99574,Promised Land (2012),2012,3.25,285
93512,"Jeff, Who Lives at Home (2012)",2012,3.25,727
59143,Super High Me (2007),2007,3.25,434
4564,Always (1989),1989,3.25,1213
5293,Changing Lanes (2002),2002,3.25,3124
270556,Dog (2022),2022,3.25,115
103,Unforgettable (1996),1996,3.25,1154
1519,Broken English (1996),1996,3.25,119
193185,Fahrenheit 11/9 (2018),2018,3.25,242
69805,"Librarian, The: The Curse of the Judas Chalice (2008)",2008,3.25,258
2766,"Adventures of Sebastian Cole, The (1998)",1998,3.25,272
90345,"Thing, The (2011)",2011,3.25,1760
170945,It Comes at Night (2017),2017,3.25,1037
70206,"Collector, The (2009)",2009,3.25,600
216,Billy Madison (1995),1995,3.25,10728
188541,Cargo (2017),2017,3.25,287
122910,Captain Marvel (2018),2018,3.25,4172
1735,Great Expectations (1998),1998,3.25,3192
372,Reality Bites (1994),1994,3.25,8367
97860,Killing Them Softly (2012),2012,3.25,1187
3016,Creepshow (1982),1982,3.25,3234
2133,Adventures in Babysitting (1987),1987,3.25,5064
68554,Angels & Demons (2009),2009,3.25,5795
1835,City of Angels (1998),1998,3.25,6133
276589,Vesper (2022),2022,3.25,80
26504,Cloak & Dagger (1984),1984,3.25,194
32686,Blood on Satan's Claw (a.k.a. Satan's Skin) (1971),1971,3.25,80
185841,Heavy Trip (2018),2018,3.25,88
60020,"Warlords, The (Tau ming chong) (2007)",2007,3.25,156
118894,Scooby-Doo! Abracadabra-Doo (2010),2010,3.25,50
225485,The Boys in the Band (2020),2020,3.25,80
271631,Metal Lords (2022),2022,3.25,120
8840,Who's That Knocking at My Door? (1967),1967,3.25,122
4244,"Day I Became a Woman, The (Roozi khe zan shodam) (2000)",2000,3.25,70
183087,Going Vertical (2017),2017,3.25,60
178063,Zama (2017),2017,3.25,120
8771,Sherlock Holmes: Terror by Night (1946),1946,3.25,64
195041,Girl (2018),2018,3.25,64
3106,Come See the Paradise (1990),1990,3.25,104
32022,Gunner Palace (2004),2004,3.25,140
280258,The Wonder (2022),2022,3.25,132
33755,Godzilla vs. Biollante (Gojira vs. Biorante) (1989) ,1989,3.25,68
101763,My Awkward Sexual Adventure (2012),2012,3.25,76
6747,"Adventures of Huckleberry Finn, The (1960)",1960,3.25,124
193119,Perfect Bid: The Contestant Who Knew Too Much (2017),2017,3.25,68
105531,"Wall, The (Die Wand) (2012)",2012,3.25,80
56775,National Treasure: Book of Secrets (2007),2007,3.25,6217
1390,My Fellow Americans (1996),1996,3.25,1701
2885,Guinevere (1999),1999,3.25,531
139417,Tale of Tales (2015),2015,3.25,271
190741,Summer of 84 (2018),2018,3.25,269
66203,He's Just Not That Into You (2009),2009,3.25,2890
2649,Son of Frankenstein (1939),1939,3.25,436
2539,Analyze This (1999),1999,3.25,10791
700,Angus (1995),1995,3.25,1273
100487,Beautiful Creatures (2013),2013,3.25,658
34338,"Aristocrats, The (2005)",2005,3.25,1539
7948,Wise Blood (1979),1979,3.25,127
3045,Peter's Friends (1992),1992,3.25,873
175199,Annabelle: Creation (2017),2017,3.25,708
3349,"Perils of Pauline, The (1947)",1947,3.25,99
32291,Melinda and Melinda (2004),2004,3.25,782
79185,Knight and Day (2010),2010,3.25,3204
183421,Red Sparrow (2018),2018,3.25,1240
89087,Colombiana (2011),2011,3.25,1038
1689,"Man Who Knew Too Little, The (1997)",1997,3.25,2328
157671,Manhattan Night (2016),2016,3.25,83
167682,The Unknown Girl (2016),2016,3.25,81
180367,Hot Summer Nights (2017),2017,3.25,148
96693,Trouble with the Curve (2012),2012,3.25,440
60389,Battle for Haditha (2007),2007,3.25,71
190749,Madeline's Madeline (2018),2018,3.25,67
196889,Glass (2019),2019,3.25,1866
5390,CQ (2001),2001,3.25,266
4189,"Greatest Story Ever Told, The (1965)",1965,3.25,266
6398,Le Mans (1971),1971,3.25,132
5951,Morvern Callar (2002),2002,3.25,327
136339,Scooby-Doo! in Where's My Mummy? (2005),2005,3.25,65
65465,Last Chance Harvey (2008),2008,3.25,380
180987,Ferdinand (2017),2017,3.25,437
6005,Blue Collar Comedy Tour: The Movie (2003),2003,3.25,685
6798,Bugsy Malone (1976),1976,3.25,372
52375,"Hoax, The (2007)",2007,3.25,366
108212,Saint Laurent (2014),2014,3.25,61
66596,Mystery Team (2009),2009,3.25,181
46948,Monster House (2006),2006,3.25,2707
162608,Kevin Hart: What Now? (2016),2016,3.25,57
47978,SherryBaby (2006),2006,3.25,228
4877,Better Than Sex (2000),2000,3.25,112
144482,Circle (2015),2015,3.25,939
239484,The Vault (2020),2020,3.25,108
7097,"Girl From Paris, A (hirondelle a fait le printemps, Une) (2001)",2001,3.25,53
113103,Step Up All In (2014),2014,3.25,255
186863,Beirut (2018),2018,3.25,204
3869,"Naked Gun 2 1/2: The Smell of Fear, The (1991)",1991,3.25,6012
80398,22 Bullets (L'immortel) (2010),2010,3.25,355
65193,Wild Child (2008),2008,3.24,500
278964,Do Revenge (2022),2022,3.24,149
4469,Appointment with Death (1988),1988,3.24,98
109971,Ocho apellidos vascos (2014),2014,3.24,94
80219,Machete (2010),2010,3.24,3430
5726,Dead & Buried (1981),1981,3.24,182
5266,Panic Room (2002),2002,3.24,10957
6584,"What's Up, Tiger Lily? (1966)",1966,3.24,587
73208,Piter FM (2006),2006,3.24,88
26174,The Shooting (1966),1966,3.24,88
5247,Smokey and the Bandit (1977),1977,3.24,1746
1496,Anna Karenina (1997),1997,3.24,363
65230,Marley & Me (2008),2008,3.24,2963
2846,"Adventures of Milo and Otis, The (Koneko monogatari) (1986)",1986,3.24,1660
268806,The House (2022),2022,3.24,150
63189,Sauna (2008),2008,3.24,187
59604,"Girl Next Door, The (2007)",2007,3.24,335
142598,Last Shift (2014),2014,3.24,222
8587,Mayor of the Sunset Strip (2003),2003,3.24,74
4545,Short Circuit (1986),1986,3.24,4429
4702,Thomas in Love (Thomas est Amoureux) (2000),2000,3.24,72
6248,Japon (a.k.a. Japan) (Japón) (2002),2002,3.24,70
2836,Outside Providence (1999),1999,3.24,1254
259859,The Eyes of Tammy Faye (2021),2021,3.24,169
74685,"Crazies, The (2010)",2010,3.24,1543
108188,Jack Ryan: Shadow Recruit (2014),2014,3.24,1406
6638,Valley Girl (1983),1983,3.24,541
92152,"Turn Me On, Dammit! (Få meg på, for faen) (2011)",2011,3.24,126
69306,"Taking of Pelham 1 2 3, The (2009)",2009,3.24,2052
32781,Hawaii (1966),1966,3.24,62
195163,Bumblebee (2018),2018,3.24,1207
33679,Mr. & Mrs. Smith (2005),2005,3.24,17358
45081,Silent Hill (2006),2006,3.24,3771
134374,Tinker Bell (2008),2008,3.24,240
6407,"Walk, Don't Run (1966)",1966,3.24,89
4609,Jacknife (1989),1989,3.24,147
4534,Return to Snowy River (a.k.a. The Man From Snowy River II) (1988),1988,3.24,290
48982,Flushed Away (2006),2006,3.24,2471
31,Dangerous Minds (1995),1995,3.24,10223
3686,Flatliners (1990),1990,3.24,4330
60737,Watching the Detectives (2007),2007,3.24,56
3845,And God Created Woman (Et Dieu... créa la femme) (1956),1956,3.24,224
8454,Luna Papa (1999),1999,3.24,56
6498,Murphy's War (1971),1971,3.24,112
179409,OtherLife (2017),2017,3.24,166
135264,Zenon: Girl of the 21st Century (1999),1999,3.24,83
5422,"Emperor's New Clothes, The (2001)",2001,3.24,249
173499,Black Butterfly (2017),2017,3.24,83
45431,Over the Hedge (2006),2006,3.24,4576
143531,Mountains May Depart (2015),2015,3.24,54
6487,"Heart of Me, The (2002)",2002,3.24,54
113394,"Pretty One, The (2013)",2013,3.24,81
2685,"Red Dwarf, The (Nain rouge, Le) (1998)",1998,3.24,54
6289,Ghosts of the Abyss (2003),2003,3.24,185
87270,"Other Woman, The (2009)",2009,3.24,158
47525,Lie with Me (2005),2005,3.24,104
280890,Slumberland (2022),2022,3.24,52
27544,Waterboys (2001),2001,3.24,52
3128,"Map of the World, A (1999)",1999,3.24,310
136345,Aloha Scooby-Doo! (2005),2005,3.24,77
141648,We Are Your Friends (2015),2015,3.24,202
7375,"Prince & Me, The (2004)",2004,3.24,1135
70970,Good (2008),2008,3.24,50
186949,The Resistance Banker (2018),2018,3.24,50
142082,The Nightmare (2015),2015,3.24,75
279226,Athena (2022),2022,3.24,50
4522,Masquerade (1988),1988,3.24,171
189879,The Children Act (2018),2018,3.24,73
4006,Transformers: The Movie (1986),1986,3.24,2966
171191,Frankenweenie (1984),1984,3.24,94
52668,In the Land of Women (2007),2007,3.24,418
662,Fear (1996),1996,3.24,3037
7991,Death Race 2000 (1975),1975,3.24,784
8913,Around the Bend (2004),2004,3.24,69
43552,French Fried Vacation (Les Bronzés) (1978),1978,3.24,69
32584,"Ballad of Jack and Rose, The (2005)",2005,3.24,207
86014,Diary of a Wimpy Kid: Rodrick Rules (2011),2011,3.24,249
3489,Hook (1991),1991,3.24,11443
206959,Frozen II (2019),2019,3.24,1442
6940,In My Skin (Dans ma Peau) (2002),2002,3.24,90
3378,"Ogre, The (Unhold, Der) (1996)",1996,3.24,67
4816,Zoolander (2001),2001,3.24,14824
358,Higher Learning (1995),1995,3.24,2335
5479,K-19: The Widowmaker (2002),2002,3.24,1969
4632,"Package, The (1989)",1989,3.24,241
3712,Soapdish (1991),1991,3.24,1545
1792,U.S. Marshals (1998),1998,3.24,5424
31549,Fata Morgana (1971),1971,3.24,65
101529,"Brass Teapot, The (2012)",2012,3.24,195
1861,Junk Mail (Budbringeren) (1997),1997,3.24,107
4662,"See No Evil, Hear No Evil (1989)",1989,3.24,1096
45028,"Prairie Home Companion, A (2006)",2006,3.24,863
282671,Plane (2023),2023,3.24,168
7646,Rose Red (2002),2002,3.24,532
8502,Show Boat (1951),1951,3.24,143
1149,JLG/JLG (JLG/JLG - autoportrait de décembre) (1994),1994,3.24,61
5033,"Russia House, The (1990)",1990,3.24,465
7167,Japanese Story (2003),2003,3.24,202
71732,I Sell the Dead (2008),2008,3.24,181
2250,Men Don't Leave (1990),1990,3.24,402
56846,Rabbit Without Ears (Keinohrhasen) (2007),2007,3.24,179
195207,Code 8 (2016),2016,3.24,59
6391,Snowball Express (1972),1972,3.24,59
50541,Dinner for One (Der 90. Geburtstag oder Dinner for One) (1963),1963,3.24,59
335,Underneath (1995),1995,3.24,409
3099,Shampoo (1975),1975,3.24,1449
73664,Dragon Hunters (Chasseurs de dragons) (2008),2008,3.24,154
1026,So Dear to My Heart (1949),1949,3.24,133
287731,Reality (2023),2023,3.24,57
164395,I Am a Hero (2016),2016,3.24,57
4148,Hannibal (2001),2001,3.24,11444
43635,Bye Bye Birdie (1963),1963,3.24,129
8783,"Village, The (2004)",2004,3.24,8984
117310,Aashiqui 2 (2013),2013,3.24,55
6277,Winter Kills (1979),1979,3.24,55
55729,King of California (2007),2007,3.24,366
8643,"Cinderella Story, A (2004)",2004,3.24,1828
26248,Let's Scare Jessica to Death (1971),1971,3.24,91
6934,"Matrix Revolutions, The (2003)",2003,3.24,23699
188833,The Man Who Killed Don Quixote (2018),2018,3.24,231
107953,Dragon Ball Z: Battle of Gods (2013),2013,3.24,246
8916,Shall We Dance? (2004),2004,3.24,1275
216937,Da 5 Bloods (2020),2020,3.24,384
49824,Dreamgirls (2006),2006,3.24,1243
98373,Step Up Revolution (2012),2012,3.24,357
54978,"Good Night, The (2007)",2007,3.24,102
6797,Bugsy (1991),1991,3.24,708
207367,Little Monsters (2019),2019,3.24,134
81639,Jack Goes Boating (2010),2010,3.24,117
95510,"Amazing Spider-Man, The (2012)",2012,3.23,9198
5957,Two Weeks Notice (2002),2002,3.23,4042
165699,Angel Has Fallen,,3.23,477
26265,Dr. Phibes Rises Again (1972),1972,3.23,98
5263,Strait-Jacket (1964),1964,3.23,98
287,Nina Takes a Lover (1994),1994,3.23,326
8222,"Other, The (1972)",1972,3.23,130
94558,Beyond the Black Rainbow (2010),2010,3.23,324
4277,"Lost World, The (1925)",1925,3.23,388
97957,Excision (2012),2012,3.23,226
104631,Adore (2013),2013,3.23,177
44022,Ice Age 2: The Meltdown (2006),2006,3.23,6540
7406,"Flying Deuces, The (1939)",1939,3.23,96
107707,Dhoom (2004),2004,3.23,96
73015,It's Complicated (2009),2009,3.23,1434
8898,"Robinson Crusoe (Adventures of Robinson Crusoe, The) (1954)",1954,3.23,79
191359,Zoe (2018),2018,3.23,79
4733,"Curse of the Jade Scorpion, The (2001)",2001,3.23,1480
6481,Where the Heart Is (1990),1990,3.23,203
161062,Un homme à la hauteur (2016),2016,3.23,62
26737,Light Sleeper (1992),1992,3.23,92
70183,"Ugly Truth, The (2009)",2009,3.23,2711
4414,X: The Man with the X-Ray Eyes (1963),1963,3.23,287
422,Blink (1994),1994,3.23,1446
79293,Salt (2010),2010,3.23,5686
26765,City Hunter (Sing si lip yan) (1993),1993,3.23,90
5983,Invaders from Mars (1953),1953,3.23,225
8900,Watermelon Man (1970),1970,3.23,75
4035,"Claim, The (2000)",2000,3.23,343
45525,"Lost City, The (2005)",2005,3.23,103
4958,Behind Enemy Lines (2001),2001,3.23,4074
565,Cronos (1993),1993,3.23,1016
42015,Casanova (2005),2005,3.23,870
170837,Life-Size (2000),2000,3.23,58
113207,Get on Up (2014),2014,3.23,174
5680,Auto Focus (2002),2002,3.23,716
48825,9th Company (2005),2005,3.23,228
2661,It Came from Outer Space (1953),1953,3.23,583
1654,FairyTale: A True Story (1997),1997,3.23,663
280100,The Guardians of the Galaxy Holiday Special (2022),2022,3.23,321
155828,The Lure (2015),2015,3.23,125
274249,Watcher (2022),2022,3.23,125
2440,Another Day in Paradise (1998),1998,3.23,388
213892,The Hunt (2020),2020,3.23,664
31894,"ChubbChubbs!, The (2002)",2002,3.23,69
128968,Stitch! The Movie (2003),2003,3.23,179
8045,Hamburger Hill (1987),1987,3.23,509
141846,Steve Jobs: The Man in the Machine (2015),2015,3.23,123
4067,Untamed Heart (1993),1993,3.23,924
3219,Pacific Heights (1990),1990,3.23,2451
131826,Iliza Shlesinger: Freezing Hot (2015),2015,3.23,54
1621,Soul Food (1997),1997,3.23,687
4318,Postcards From the Edge (1990),1990,3.23,860
682,Tigrero: A Film That Was Never Made (1994),1994,3.23,67
175281,Tour De Pharmacy (2017),2017,3.23,134
113216,"Suspect, The (Yong-eui-ja) (2013)",2013,3.23,67
49953,Caravaggio (1986),1986,3.23,67
5858,"Soupe aux Choux, La (1981)",1981,3.23,134
543,So I Married an Axe Murderer (1993),1993,3.23,12764
5915,Victory (a.k.a. Escape to Victory) (1981),1981,3.23,275
53921,"Mighty Heart, A (2007)",2007,3.23,340
207888,Black and Blue (2019),2019,3.23,91
50794,Smokin' Aces (2006),2006,3.23,2306
4786,"Legend of Hell House, The (1973)",1973,3.23,371
4957,Sudden Impact (1983),1983,3.23,805
2617,"Mummy, The (1999)",1999,3.23,22927
26989,Dance with the Devil (Perdita Durango) (1997),1997,3.23,63
2544,"School of Flesh, The (École de la chair, L') (1998)",1998,3.23,126
107949,"Invisible Woman, The (2013)",2013,3.23,63
6087,If You Could See What I Hear (1982),1982,3.23,50
127,"Silences of the Palace, The (Saimt el Qusur) (1994)",1994,3.23,50
182353,Satan's Slaves (2017),2017,3.23,50
6245,Sweet Charity (1969),1969,3.23,200
185905,The Third Murder (2017),2017,3.23,74
816,Two Deaths (1995),1995,3.23,74
4065,Foxy Brown (1974),1974,3.23,283
1722,Tomorrow Never Dies (1997),1997,3.23,14288
103339,White House Down (2013),2013,3.23,2263
4541,"Serpent and the Rainbow, The (1988)",1988,3.23,950
201320,Red Joan (2019),2019,3.23,85
225970,Mank (2020),2020,3.23,482
197343,Escape Room (2019),2019,3.23,757
163094,The Sea of Trees (2016),2016,3.23,96
206272,Haunt (2019),2019,3.23,155
8421,Dying of Laughter (Muertos de Risa) (1999),1999,3.23,59
2201,"Paradine Case, The (1947)",1947,3.23,282
6680,Live Nude Girls Unite! (2000),2000,3.23,94
90624,Machine Gun Preacher (2011),2011,3.23,269
117517,Listen Up Philip (2014),2014,3.23,105
6134,Starstruck (1982),1982,3.23,81
194951,Bird Box (2018),2018,3.23,2461
55,Georgia (1995),1995,3.23,944
169760,Lady Macbeth (2017),2017,3.23,184
2111,"Man with Two Brains, The (1983)",1983,3.23,2423
27584,Dead End (2003),2003,3.23,366
8683,"Magnificent Seven Ride!, The (1972)",1972,3.23,57
121159,V: The Final Battle (1984),1984,3.23,57
102716,"Fast & Furious 6 (Fast and the Furious 6, The) (2013)",2013,3.23,3197
3430,Death Wish (1974),1974,3.23,1364
40946,Sarah Silverman: Jesus Is Magic (2005),2005,3.23,511
194004,Halloween (2018),2018,3.23,887
157200,Money Monster (2016),2016,3.23,783
6161,Painted Fire (Chihwaseon) (2002),2002,3.23,55
6497,Is Paris Burning? (Paris brûle-t-il?) (1966),1966,3.23,77
92819,"Flying Swords of Dragon Gate, The (Long men fei jia) (2011)",2011,3.23,55
5116,Designing Woman (1957),1957,3.23,77
5228,"Ghost Breakers, The (1940)",1940,3.23,88
73268,Daybreakers (2010),2010,3.23,2042
224943,I Care a Lot (2020),2020,3.23,735
1114,"Funeral, The (1996)",1996,3.23,504
6373,Bruce Almighty (2003),2003,3.23,20141
27865,Azumi (2003),2003,3.23,251
2409,Rocky II (1979),1979,3.23,6860
276897,Don't Worry Darling (2022),2022,3.23,379
204694,Spies in Disguise (2019),2019,3.23,335
2177,Family Plot (1976),1976,3.23,723
3496,Madame Sousatzka (1988),1988,3.23,236
26134,Dracula: Prince of Darkness (1966),1966,3.23,139
96417,Premium Rush (2012),2012,3.23,1090
121314,The Berlin File (2013),2013,3.23,64
8196,Beyond the Valley of the Dolls (1970),1970,3.23,287
69934,My Sassy Girl (2008),2008,3.23,170
8674,Disco Pigs (2001),2001,3.23,106
92154,Faust (2011),2011,3.23,53
26230,On a Clear Day You Can See Forever (1970),1970,3.23,95
3137,"Sea Wolves, The (1980)",1980,3.23,135
1404,Night Falls on Manhattan (1996),1996,3.23,673
80126,"American, The (2010)",2010,3.23,1335
192209,Flavors of Youth (2018),2018,3.23,71
39419,Where the Truth Lies (2005),2005,3.23,342
32250,"Snake of June, A (Rokugatsu no hebi) (2002)",2002,3.22,60
1038,Unhook the Stars (1996),1996,3.22,240
284167,Luther: The Fallen Sun (2023),2023,3.22,80
86880,Pirates of the Caribbean: On Stranger Tides (2011),2011,3.22,7972
53326,Them (Ils) (2006),2006,3.22,305
47254,Chaos (2005),2005,3.22,501
108949,"Art of the Steal, The (2013)",2013,3.22,216
52443,Origin: Spirits of the Past (Gin-iro no kami no Agito) (2006),2006,3.22,98
3444,Bloodsport (1988),1988,3.22,2408
6976,Tales from the Crypt (1972),1972,3.22,274
130642,Backcountry (2014),2014,3.22,185
4627,Miss Firecracker (1989),1989,3.22,203
60128,Young People Fucking (a.k.a. YPF) (2007),2007,3.22,221
74426,Mohabbatein (2000),2000,3.22,96
107916,Yves Saint Laurent (2014),2014,3.22,96
161580,Bad Moms (2016),2016,3.22,1126
133419,Pitch Perfect 2 (2015),2015,3.22,2181
118496,A Cinderella Story: Once Upon a Song (2011),2011,3.22,190
99470,"Collection, The (2012)",2012,3.22,322
4578,Chances Are (1989),1989,3.22,492
2747,"Little Shop of Horrors, The (1960)",1960,3.22,3039
4947,"Gauntlet, The (1977)",1977,3.22,524
43560,Nanny McPhee (2005),2005,3.22,1946
102856,3096 Days (2013),2013,3.22,56
96687,Jesus Henry Christ (2012),2012,3.22,56
136335,Scooby-Doo and the Alien Invaders (2000),2000,3.22,112
2002,Lethal Weapon 3 (1992),1992,3.22,10567
5389,Spirit: Stallion of the Cimarron (2002),2002,3.22,1671
41573,"Family Stone, The (2005)",2005,3.22,1523
103816,"Battery, The (2012)",2012,3.22,92
47937,Severance (2006),2006,3.22,487
4110,"Fourth Protocol, The (1987)",1987,3.22,238
26322,Gone in 60 Seconds (1974),1974,3.22,218
110730,Transcendence (2014),2014,3.22,3298
140862,Khottabych (2006),2006,3.22,63
98400,Imaginaerum (2012),2012,3.22,72
151315,Ride Along 2 (2016),2016,3.22,376
184023,Unsane (2018),2018,3.22,464
237964,Space Sweepers (2021),2021,3.22,205
111113,Neighbors (2014),2014,3.22,3173
4774,Big Trouble (2002),2002,3.22,701
221160,Spree (2020),2020,3.22,106
56633,Butterfly on a Wheel (Shattered) (2007),2007,3.22,203
107,Muppet Treasure Island (1996),1996,3.22,6782
37720,"Exorcism of Emily Rose, The (2005)",2005,3.22,2033
83158,Malice in Wonderland (2009),2009,3.22,52
2765,"Acid House, The (1998)",1998,3.22,303
26226,"Hi, Mom! (1970)",1970,3.22,86
170,Hackers (1995),1995,3.22,8841
126084,The Horribly Slow Murderer with the Extremely Inefficient Weapon (2008),2008,3.22,77
228863,Hillbilly Elegy (2020),2020,3.22,179
53450,"Legend of Sleepy Hollow, The (1980)",1980,3.22,68
3215,Voyage of the Damned (1976),1976,3.22,68
204702,"Where'd You Go, Bernadette (2019)",2019,3.22,170
1006,"Chamber, The (1996)",1996,3.22,1562
6862,Out of Time (2003),2003,3.22,1061
2496,Blast from the Past (1999),1999,3.22,4405
7347,Secret Window (2004),2004,3.22,4955
7305,Black Widow (1987),1987,3.22,347
262721,Army of Thieves (2021),2021,3.22,220
166974,Creepy (2016),2016,3.22,59
5838,Madame Bovary (1991),1991,3.22,118
2283,"Sheltering Sky, The (1990)",1990,3.22,536
50183,Loving Annabelle (2006),2006,3.22,134
6434,"Objective, Burma! (1945)",1945,3.22,50
2775,Head On (1998),1998,3.22,175
58246,Grace Is Gone (2007),2007,3.22,166
72703,Me and Orson Welles (2008),2008,3.22,198
90154,"Caller, The (2011)",2011,3.22,132
115172,"Disappearance of Eleanor Rigby: Them, The (2014)",2014,3.22,82
111251,"Immigrant, The (2013)",2013,3.22,205
5223,Pauline & Paulette (Pauline en Paulette) (2001),2001,3.22,123
1629,"MatchMaker, The (1997)",1997,3.22,943
59910,And When Did You Last See Your Father? (2007),2007,3.22,82
60072,Wanted (2008),2008,3.22,7047
58162,Run Fatboy Run (2007),2007,3.22,1249
140725,Cop Car (2015),2015,3.22,285
91890,"Iron Lady, The (2011)",2011,3.22,992
167640,A Cure for Wellness (2017),2017,3.22,967
7094,Attraction (2000),2000,3.22,73
72980,Veronika Decides to Die (2009),2009,3.22,146
5437,"Manhattan Project, The (1986)",1986,3.22,397
7331,"Serpent's Egg, The (Schlangenei, Das) (1977)",1977,3.22,89
140711,American Ultra (2015),2015,3.22,1210
250546,Friends: The Reunion (2021),2021,3.22,233
8800,Code 46 (2003),2003,3.22,688
174485,Salad Fingers,,3.22,64
224675,The Nest (2020),2020,3.22,80
57147,Cassandra's Dream (2007),2007,3.22,567
6386,Nevada Smith (1966),1966,3.22,103
152372,Southbound (2016),2016,3.22,261
4169,Blow Dry (a.k.a. Never Better) (2001),2001,3.22,332
4324,"Kentuckian, The (1955)",1955,3.22,71
100,City Hall (1996),1996,3.22,4154
280372,Empire of Light (2022),2022,3.22,55
2577,Metroland (1997),1997,3.22,243
1130,"Howling, The (1980)",1980,3.22,2234
113532,"Inbetweeners 2, The (2014)",2014,3.22,209
552,"Three Musketeers, The (1993)",1993,3.22,13547
8063,Paradise (1991),1991,3.22,69
116943,Thesis on a Homicide (2013),2013,3.22,53
5400,"Sum of All Fears, The (2002)",2002,3.22,4896
2100,Splash (1984),1984,3.22,12558
2990,Licence to Kill (1989),1989,3.22,4816
65868,Repo! The Genetic Opera (2008),2008,3.22,519
81156,Jackass 3D (2010),2010,3.22,1135
54787,Death Sentence (2007),2007,3.22,563
142113,Kahlil Gibran's The Prophet (2015),2015,3.22,60
47956,Jesse James (1939),1939,3.22,60
6121,Querelle (1982),1982,3.22,120
120474,Toy Story That Time Forgot (2014),2014,3.22,337
653,Dragonheart (1996),1996,3.22,15471
272525,Doctor Strange in the Multiverse of Madness (2022),2022,3.22,1393
5011,Charlotte Gray (2001),2001,3.22,365
26509,Electric Dreams (1984),1984,3.22,134
5777,Pennies from Heaven (1981),1981,3.22,312
808,Alaska (1996),1996,3.22,830
91842,Contraband (2012),2012,3.22,826
103772,"Wolverine, The (2013)",2013,3.22,4799
136459,Jeff Dunham: Spark of Insanity (2007),2007,3.22,81
7029,Rabid (1977),1977,3.22,368
282147,M3GAN (2023),2023,3.22,454
237,Forget Paris (1995),1995,3.22,6442
717,Mouth to Mouth (Boca a boca) (1995),1995,3.22,95
183635,Maze Runner: The Death Cure (2018),2018,3.22,1192
162448,Seoul Station (2016),2016,3.22,58
4926,Everybody's Famous! (Iedereen beroemd!) (2000),2000,3.22,72
158070,Destino (2003),2003,3.22,72
33861,Danger: Diabolik (Diabolik) (1968),1968,3.22,93
4205,Mermaids (1990),1990,3.22,1337
26152,Batman (1966),1966,3.21,1042
186947,I Am Not an Easy Man (2018),2018,3.21,107
2116,"Lord of the Rings, The (1978)",1978,3.21,5621
109483,That Awkward Moment (2014),2014,3.21,762
2341,Dancing at Lughnasa (1998),1998,3.21,296
165105,Ouija: Origin of Evil (2016),2016,3.21,492
189363,Ocean's 8 (2018),2018,3.21,1996
7046,"Witches of Eastwick, The (1987)",1987,3.21,2381
26448,Pelle Svanslös (1981),1981,3.21,56
164147,Behind the Planet of the Apes (1998),1998,3.21,70
71926,"Boys Are Back, The (2009)",2009,3.21,119
8187,On Moonlight Bay (1951),1951,3.21,56
37626,It's a Gift (1934),1934,3.21,70
101137,Dead Man Down (2013),2013,3.21,329
73270,"Milk of Sorrow, The (Teta asustada, La) (2009)",2009,3.21,70
213602,The Trip to Greece (2020),2020,3.21,56
66171,Push (2009),2009,3.21,1893
40614,Derailed (2005),2005,3.21,968
89472,We Have a Pope (Habemus Papam) (2011),2011,3.21,124
68442,Lymelife (2008),2008,3.21,117
4585,"Dream Team, The (1989)",1989,3.21,536
225912,Black Box (2020),2020,3.21,96
266282,The Hating Game (2021),2021,3.21,89
5351,Warm Water Under a Red Bridge (Akai hashi no shita no nurui mizu) (2001),2001,3.21,82
2294,Antz (1998),1998,3.21,12857
5499,Robin and Marian (1976),1976,3.21,382
86864,Mothra (Mosura) (1961),1961,3.21,68
165103,Keeping Up with the Joneses (2016),2016,3.21,591
6465,Jubilee (1977),1977,3.21,61
3472,"Horror Hotel (a.k.a. City of the Dead, The) (1960)",1960,3.21,115
27261,Water Drops on Burning Rocks (2000),2000,3.21,54
109321,"Painting, The (Tableau, Le) (2011)",2011,3.21,54
200540,Aladdin (2019),2019,3.21,1728
2813,"Source, The (1999)",1999,3.21,127
136598,Vacation (2015),2015,3.21,908
117851,Penguins of Madagascar (2014),2014,3.21,1351
252,I.Q. (1994),1994,3.21,10334
254614,Val (2021),2021,3.21,73
53460,Surf's Up (2007),2007,3.21,1770
151687,Risen (2016),2016,3.21,125
145935,"Peanuts Movie, The (2015)",2015,3.21,604
232577,The Last Blockbuster (2020),2020,3.21,59
187495,Candy Jar (2018),2018,3.21,59
62836,Babylon 5: The Lost Tales - Voices in the Dark (2007),2007,3.21,144
3798,What Lies Beneath (2000),2000,3.21,7437
114459,White Bird in a Blizzard (2014),2014,3.21,189
199694,Despicable Me Presents: Minion Madness (2010),2010,3.21,52
5423,Gangster No. 1 (2000),2000,3.21,279
178839,Crooked House (2017),2017,3.21,175
4547,Stormy Monday (1988),1988,3.21,97
701,Daens (1992),1992,3.21,116
6769,Mambo Italiano (2003),2003,3.21,161
103801,Drinking Buddies (2013),2013,3.21,623
4659,Scandal (1989),1989,3.21,199
5568,Johnny Dangerously (1984),1984,3.21,749
4496,D.O.A. (1988),1988,3.21,614
3115,Flawless (1999),1999,3.21,709
54075,Arn: The Knight Templar (Arn - Tempelriddaren) (2007),2007,3.21,254
176365,Below Her Mouth (2017),2017,3.21,76
7383,Shade (2003),2003,3.21,209
111551,Afflicted (2013),2013,3.21,228
140301,The Escort (2015),2015,3.21,114
60894,"Edge of Love, The (2008)",2008,3.21,133
81791,Somewhere (2010),2010,3.21,573
25820,"Raven, The (1935)",1935,3.21,69
4038,Kill Me Again (1989),1989,3.21,138
26996,Safe House (1998),1998,3.21,50
203881,Aziz Ansari: RIGHT NOW (2019),2019,3.21,50
1552,Con Air (1997),1997,3.21,17747
71520,"Invention of Lying, The (2009)",2009,3.21,2499
193900,22 July (2018),2018,3.21,155
48035,Pretty Poison (1968),1968,3.21,62
26483,Rock & Rule (1983),1983,3.21,62
4591,Erik the Viking (1989),1989,3.21,635
8793,PTU (2003),2003,3.21,86
1805,Wild Things (1998),1998,3.21,8513
6213,Tears of the Sun (2003),2003,3.21,2321
157326,Bastille Day (2016),2016,3.21,232
130588,Escobar: Paradise Lost (2014),2014,3.21,67
155830,White Girl (2016),2016,3.21,67
122890,Warcraft (2016),2016,3.21,2363
130520,Home (2015),2015,3.21,1571
5743,"Fort Apache, the Bronx (1981)",1981,3.21,206
8924,I Wanna Hold Your Hand (1978),1978,3.21,103
7742,Baxter (1989),1989,3.21,115
2913,The Mating Habits of the Earthbound Human (1999),1999,3.21,242
45499,X-Men: The Last Stand (2006),2006,3.21,13991
101362,Olympus Has Fallen (2013),2013,3.21,2358
89997,Circumstance (2011),2011,3.21,60
173007,Blame! (2017),2017,3.21,120
58870,Zebraman (2004),2004,3.21,60
134777,Jab Tak Hai Jaan (2012),2012,3.21,60
90576,What's Your Number? (2011),2011,3.21,761
6345,"Chorus Line, A (1985)",1985,3.21,538
7024,"Salo, or The 120 Days of Sodom (Salò o le 120 giornate di Sodoma) (1976)",1976,3.21,887
53574,"TV Set, The (2006)",2006,3.21,113
2271,Permanent Midnight (1998),1998,3.21,563
164200,Storks (2016),2016,3.21,710
168612,Ghost in the Shell (2017),2017,3.21,2895
4452,Made (2001),2001,3.21,1135
166558,Underworld: Blood Wars (2016),2016,3.21,735
279182,Smile (2022),2022,3.21,456
7154,Mona Lisa Smile (2003),2003,3.21,3062
91035,Wuthering Heights (2011),2011,3.21,111
116217,Secret of the Wings (2012),2012,3.21,181
105468,Cloudy with a Chance of Meatballs 2 (2013),2013,3.21,1538
793,My Life and Times With Antonin Artaud (En compagnie d'Antonin Artaud) (1993),1993,3.21,116
190399,Animal World (2018),2018,3.21,58
263495,Love Hard (2021),2021,3.21,174
229797,Happiest Season (2020),2020,3.21,278
8598,I Am Dina (2002),2002,3.21,104
7638,Buck Privates (1941),1941,3.21,75
6462,"Undefeated, The (1969)",1969,3.21,75
116668,Dead Snow 2: Red vs. Dead (2014) ,2014,3.21,201
108190,Divergent (2014),2014,3.21,5867
2424,You've Got Mail (1998),1998,3.21,14973
2780,"Raven, The (1963)",1963,3.21,526
173823,Brain on Fire (2017),2017,3.21,97
63479,Sex Drive (2008),2008,3.21,1240
7946,Reflections in a Golden Eye (1967),1967,3.21,85
204558,The Red Sea Diving Resort (2019),2019,3.21,85
31160,"Abbott and Costello Meet the Killer, Boris Karloff (1949)",1949,3.21,68
176487,Marjorie Prime (2017),2017,3.21,107
135436,The Secret Life of Pets (2016),2016,3.21,2630
2714,"Wood, The (1999)",1999,3.21,616
2659,It Came from Hollywood (1982),1982,3.21,263
146688,Solace (2015),2015,3.21,302
267458,The Tender Bar (2021),2021,3.21,95
5251,"Charter Trip, The (a.k.a. Package Tour, The) (Sällskapsresan) (1980)",1980,3.21,117
62792,Pride and Glory (2008),2008,3.21,490
1425,Fierce Creatures (1997),1997,3.21,2282
2033,"Black Cauldron, The (1985)",1985,3.2,1860
93208,Mickey's The Prince and the Pauper (1990),1990,3.2,83
3905,"Specials, The (2000)",2000,3.2,149
91335,"Gruffalo, The (2009)",2009,3.2,88
241960,Moxie (2021),2021,3.2,110
33832,Yes (2004),2004,3.2,66
8908,Ladder 49 (2004),2004,3.2,1056
160271,Central Intelligence (2016),2016,3.2,1883
63826,Splinter (2008),2008,3.2,455
284879,Scream VI (2023),2023,3.2,230
998,Set It Off (1996),1996,3.2,879
161956,Blood Father (2016),2016,3.2,348
79910,According to Greta (2009),2009,3.2,76
3441,Red Dawn (1984),1984,3.2,3300
168254,Kong: Skull Island (2017),2017,3.2,2339
94746,"Largo Winch (Heir Apparent: Largo Winch, The) (2008)",2008,3.2,103
3082,"World Is Not Enough, The (1999)",1999,3.2,10496
101719,Koi... Mil Gaya (2003),2003,3.2,86
132979,A Company Man (2012),2012,3.2,59
66198,"International, The (2009)",2009,3.2,1124
25807,"Black Cat, The (1934)",1934,3.2,155
142386,The Assassin (2015),2015,3.2,143
279594,Luckiest Girl Alive (2022),2022,3.2,74
52462,Aqua Teen Hunger Force Colon Movie Film for Theaters (2007),2007,3.2,442
6873,Intolerable Cruelty (2003),2003,3.2,3436
177123,Wonderstruck (2017),2017,3.2,84
190743,Support the Girls (2018),2018,3.2,126
3323,Chain of Fools (2000),2000,3.2,89
251516,No Sudden Move (2021),2021,3.2,235
141718,Deathgasm (2015),2015,3.2,235
115235,Young Ones (2014),2014,3.2,94
4810,I Never Promised You a Rose Garden (1977),1977,3.2,99
170297,Ultimate Avengers 2 (2006),2006,3.2,52
47482,Thunderbolt (Pik lik feng) (1995),1995,3.2,57
27087,The Sinners of Hell (1960),1960,3.2,57
8503,Ivanhoe (1952),1952,3.2,114
170555,The Bar (2017),2017,3.2,171
6263,Basic (2003),2003,3.2,1344
3218,Poison (1991),1991,3.2,201
5762,Lili Marleen (1981),1981,3.2,72
286905,Indiana Jones and the Dial of Destiny (2023),2023,3.2,293
2393,Star Trek: Insurrection (1998),1998,3.2,9104
89945,BlinkyTM (2011),2011,3.2,87
48600,One Night with the King (2006),2006,3.2,92
253620,Escape Room: Tournament of Champions (2021),2021,3.2,187
1547,Shiloh (1997),1997,3.2,292
149352,Daddy's Home (2015),2015,3.2,1146
185313,Я худею (2018),2018,3.2,50
106443,"Best Man Holiday, The (2013)",2013,3.2,50
8939,"Final Cut, The (2004)",2004,3.2,935
109425,Dug's Special Mission (2009),2009,3.2,140
8758,Kotch (1971),1971,3.2,50
6492,Tycoon (Oligarkh) (2002),2002,3.2,55
132594,A Royal Night Out (2015),2015,3.2,65
192381,Apostle (2018),2018,3.2,506
2683,Austin Powers: The Spy Who Shagged Me (1999),1999,3.2,29089
74688,Dear John (2010),2010,3.2,1234
1780,Ayn Rand: A Sense of Life (1997),1997,3.2,138
6045,Bullet (1996),1996,3.2,138
4581,Dad (1989),1989,3.2,133
171315,Sand Castle (2017),2017,3.2,123
2881,Double Jeopardy (1999),1999,3.2,8227
7809,Ambush (Rukajärven tie) (1999),1999,3.2,314
2165,Your Friends and Neighbors (1998),1998,3.2,1010
202575,Late Night (2019),2019,3.2,342
6578,"Kiss Me, Stupid (1964)",1964,3.2,83
1137,Hustler White (1996),1996,3.2,73
108289,Flight 93 (2006),2006,3.2,68
5981,"Day of the Triffids, The (1962)",1962,3.2,441
206311,Blood Machines (2019),2019,3.2,63
3138,Stealing Home (1988),1988,3.2,363
7131,"Summer Place, A (1959)",1959,3.2,58
26791,Shining Through (1992),1992,3.2,116
49314,Harsh Times (2006),2006,3.2,502
96857,Red Lights (2012),2012,3.2,444
109846,Mr. Peabody & Sherman (2014),2014,3.2,783
62718,"Angus, Thongs and Perfect Snogging (2008)",2008,3.2,293
224220,Freaky (2020),2020,3.2,341
44828,Slither (2006),2006,3.2,1503
383,Wyatt Earp (1994),1994,3.2,5234
7057,"Midsummer Night's Dream, A (1935)",1935,3.2,139
71550,Assassination of a High School President (2008),2008,3.2,177
185473,Blockers (2018),2018,3.2,650
8571,Bob & Carol & Ted & Alice (1969),1969,3.2,200
3759,Fun and Fancy Free (1947),1947,3.2,276
756,Carmen Miranda: Bananas Is My Business (1994),1994,3.2,114
5157,"Church, The (Chiesa, La) (1989)",1989,3.2,109
171983,Patti Cake$ (2017),2017,3.2,66
65882,"Uninvited, The (2009)",2009,3.2,594
3644,Dark Command (1940),1940,3.2,66
170709,Teen Titans: The Judas Contract (2017),2017,3.2,132
122896,Pirates of the Caribbean: Dead Men Tell No Tales (2017),2017,3.2,3064
5134,Mean Machine (2001),2001,3.2,475
254460,Jungle Cruise (2021),2021,3.2,712
212303,The Assistant (2020),2020,3.2,206
1454,SubUrbia (1997),1997,3.2,827
31255,Ice Station Zebra (1968),1968,3.2,252
877,Girls Town (1996),1996,3.2,168
99217,Not Fade Away (2012),2012,3.2,56
4850,Spriggan (Supurigan) (1998),1998,3.2,280
5561,True Colors (1991),1991,3.2,186
141408,Scouts Guide to the Zombie Apocalypse (2015),2015,3.2,344
105477,Talaash (2012),2012,3.2,79
166486,Jackie (2016),2016,3.2,686
4039,Annie (1982),1982,3.2,2641
6652,Joe Kidd (1972),1972,3.2,217
70802,"Secret of Moonacre, The (2008)",2008,3.2,120
123947,Cake (2014),2014,3.2,212
245344,Bad Luck Banging or Loony Porn (2021),2021,3.2,69
194012,Level 16 (2018),2018,3.2,87
72249,Coco Chanel & Igor Stravinsky (2009),2009,3.2,87
79800,Life During Wartime (2009),2009,3.2,128
91976,"Grey, The (2012)",2012,3.2,2393
142765,The Program (2015),2015,3.2,100
871,Lover's Knot (1996),1996,3.19,59
160110,Multiple Maniacs (1970),1970,3.19,59
7418,"American Nightmare, The (2000)",2000,3.19,59
92817,"Sorcerer and the White Snake, The (Bai she chuan shuo) (2011)",2011,3.19,77
170875,The Fate of the Furious (2017),2017,3.19,1561
8535,De-Lovely (2004),2004,3.19,370
68659,Fanboys (2009),2009,3.19,794
226644,The Mortuary Collection (2020),2020,3.19,54
106542,Charlie Countryman (2013),2013,3.19,162
4447,Legally Blonde (2001),2001,3.19,16274
1498,Inventing the Abbotts (1997),1997,3.19,1249
80222,Step Up 3D (2010),2010,3.19,461
4764,Kill Me Later (2001),2001,3.19,67
4670,"Stepfather, The (1987)",1987,3.19,464
93270,Project X (2012),2012,3.19,1694
71156,"Men Who Stare at Goats, The (2009)",2009,3.19,3312
47970,"Last Kiss, The (2006)",2006,3.19,694
101942,Love Is All You Need (Den skaldede frisør) (2012),2012,3.19,80
2964,Julien Donkey-Boy (1999),1999,3.19,305
101207,Emperor (2012),2012,3.19,106
4633,Parents (1989),1989,3.19,308
59501,"Chronicles of Narnia: Prince Caspian, The (2008)",2008,3.19,4514
106330,Last Vegas (2013),2013,3.19,787
168286,Before I Fall (2017),2017,3.19,316
4694,Left Luggage (1998),1998,3.19,57
59435,Numb (2007),2007,3.19,57
51412,Next (2007),2007,3.19,2997
135848,Kite (1998),1998,3.19,70
196969,Master Z: Ip Man Legacy (2018),2018,3.19,70
3906,Under Suspicion (2000),2000,3.19,555
184015,When We First Met (2018),2018,3.19,332
76293,Date Night (2010),2010,3.19,2861
155064,The Neon Demon (2016),2016,3.19,1157
157847,Being Charlie (2016),2016,3.19,52
2785,Tales of Terror (1962),1962,3.19,156
87298,Everything Must Go (2010),2010,3.19,806
82684,Trash Humpers (2009),2009,3.19,91
7976,Ken Park (2002),2002,3.19,450
74156,Edge of Darkness (2010),2010,3.19,861
80615,Legend of the Guardians: The Owls of Ga'Hoole (2010),2010,3.19,1356
3124,Agnes Browne (1999),1999,3.19,151
736,Twister (1996),1996,3.19,35315
2753,"Bedroom Window, The (1987)",1987,3.19,362
202499,Atlantics (2019),2019,3.19,99
132569,Comedy Central Roast of Justin Bieber (2015),2015,3.19,73
58876,Stop-Loss (2008),2008,3.19,219
8259,Hooper (1978),1978,3.19,120
6809,Tightrope (1984),1984,3.19,282
6155,How to Lose a Guy in 10 Days (2003),2003,3.19,7738
31467,"Great White Hope, The (1970)",1970,3.19,81
132012,Lemonade Mouth (2011),2011,3.19,115
258929,The Guilty (2021),2021,3.19,460
159447,Before I Wake (2016),2016,3.19,264
42002,"Producers, The (2005)",2005,3.19,1208
7901,"Haunted Palace, The (1963)",1963,3.19,68
4821,Joy Ride (2001),2001,3.19,1536
6614,I Love You to Death (1990),1990,3.19,437
88672,Our Idiot Brother (2011),2011,3.19,945
129937,Run All Night (2015),2015,3.19,775
5798,Escanaba in da Moonlight (2001),2001,3.19,55
110407,"Machine, The (2013)",2013,3.19,469
89840,Killer Elite (2011),2011,3.19,863
113565,"Sacrament, The (2013)",2013,3.19,205
2718,Drop Dead Gorgeous (1999),1999,3.19,3213
8813,We Don't Live Here Anymore (2004),2004,3.19,305
27644,Remember Me (Ricordati di me) (2003),2003,3.19,50
1687,"Jackal, The (1997)",1997,3.19,5519
104925,"Family, The (2013)",2013,3.19,769
269226,Jackass Forever (2022),2022,3.19,303
114246,"Walk Among the Tombstones, A (2014)",2014,3.19,775
7201,Crime Spree (2003),2003,3.19,87
4994,"Majestic, The (2001)",2001,3.19,2321
114945,Jack and the Cuckoo-Clock Heart (Jack et la mécanique du coeur) (2013),2013,3.19,95
206653,Villains (2019),2019,3.19,95
57655,Ira and Abby (2006),2006,3.19,66
304,Roommates (1995),1995,3.19,724
2976,Bringing Out the Dead (1999),1999,3.19,4004
5282,High Crimes (2002),2002,3.19,1064
2999,Man of the Century (1999),1999,3.19,90
92437,Toast (2010),2010,3.19,90
263485,8-Bit Christmas (2021),2021,3.19,106
113573,Sin City: A Dame to Kill For (2014),2014,3.19,2033
49060,Ocean Waves (Umi ga kikoeru) (1993),1993,3.19,183
269828,Hatching (2022),2022,3.19,69
2652,"Curse of Frankenstein, The (1957)",1957,3.19,345
183703,Forever My Girl (2018),2018,3.19,85
88108,Monte Carlo (2011),2011,3.19,364
5155,"Big Bird Cage, The (1972)",1972,3.19,101
179815,"Roman J. Israel, Esq. (2017)",2017,3.19,226
3374,Daughters of the Dust (1991),1991,3.19,117
179295,My Friend Dahmer (2017),2017,3.19,181
62434,Zack and Miri Make a Porno (2008),2008,3.19,4412
1612,"Kiss Me, Guido (1997)",1997,3.19,450
4782,Sidewalks of New York (2001),2001,3.19,485
4296,Love Story (1970),1970,3.19,1133
88495,Legend of the Fist: The Return of Chen Zhen (Jing wu feng yun: Chen Zhen) (2010),2010,3.19,72
1811,"Niagara, Niagara (1997)",1997,3.19,88
8881,Alexander's Ragtime Band (1938),1938,3.19,56
26144,Operation Crossbow (1965),1965,3.19,56
45664,"King, The (2005)",2005,3.19,64
68952,Drag Me to Hell (2009),2009,3.19,3035
5219,Resident Evil (2002),2002,3.19,9097
1353,"Mirror Has Two Faces, The (1996)",1996,3.19,2215
54648,Rush Hour 3 (2007),2007,3.19,2819
41569,King Kong (2005),2005,3.19,10934
3173,Any Given Sunday (1999),1999,3.19,4567
183915,Batman: Gotham by Gaslight (2018),2018,3.19,155
33036,"Eiger Sanction, The (1975)",1975,3.19,310
1895,Can't Hardly Wait (1998),1998,3.19,3608
91355,Asterix and the Vikings (Astérix et les Vikings) (2006),2006,3.19,147
184999,Overboard (2018),2018,3.19,278
204352,Ad Astra (2019),2019,3.19,2061
25977,Abbott and Costello Meet Dr. Jekyll and Mr. Hyde (1953),1953,3.19,107
367,"Mask, The (1994)",1994,3.19,40007
169984,Alien: Covenant (2017),2017,3.19,2754
2590,Hideous Kinky (1998),1998,3.19,628
149723,The Last: Naruto the Movie (2014),2014,3.19,94
24,Powder (1995),1995,3.19,8293
6135,Still of the Night (1982),1982,3.19,86
2800,Little Nemo: Adventures in Slumberland (1992),1992,3.19,344
1675,Incognito (1997),1997,3.19,129
4709,Paint Your Wagon (1969),1969,3.19,621
5143,"Lone Ranger, The (1956)",1956,3.19,78
256075,Vivo (2021),2021,3.19,70
106072,Thor: The Dark World (2013),2013,3.19,8247
55830,Be Kind Rewind (2008),2008,3.19,2637
1113,"Associate, The (1996)",1996,3.19,1092
118924,Top Five (2014),2014,3.19,232
1874,Still Breathing (1997),1997,3.19,189
26142,Major Dundee (1965),1965,3.19,54
189641,Loving Pablo (2018),2018,3.19,54
2901,Phantasm (1979),1979,3.19,2198
4474,Beaches (1988),1988,3.19,1515
294,"Perez Family, The (1995)",1995,3.18,846
109461,Supercondriaque (2014),2014,3.18,73
72167,"Boondock Saints II: All Saints Day, The (2009)",2009,3.18,1120
67923,"Fast & Furious (Fast and the Furious 4, The) (2009)",2009,3.18,3807
62999,Madagascar: Escape 2 Africa (2008),2008,3.18,3354
8866,Wimbledon (2004),2004,3.18,1867
4285,Frankie and Johnny (1991),1991,3.18,969
3319,Judy Berlin (1999),1999,3.18,144
89761,"Dangerous Method, A (2011)",2011,3.18,1030
5311,"Watcher in the Woods, The (1980)",1980,3.18,261
213585,The Way Back (2020),2020,3.18,242
72731,"Lovely Bones, The (2009)",2009,3.18,1656
8655,Rustlers' Rhapsody (1985),1985,3.18,68
259265,Spencer (2021),2021,3.18,283
27648,Bright Young Things (2003),2003,3.18,196
6395,"Crazies, The (a.k.a. Code Name: Trixie) (1973)",1973,3.18,275
116413,Life Partners (2014),2014,3.18,90
1317,I'm Not Rappaport (1996),1996,3.18,330
126482,Strange Magic (2015),2015,3.18,90
90522,Johnny English Reborn (2011),2011,3.18,1738
160567,Mike & Dave Need Wedding Dates (2016),2016,3.18,757
1349,Vampire in Venice (Nosferatu a Venezia) (Nosferatu in Venice) (1986),1986,3.18,123
6312,"Private Function, A (1984)",1984,3.18,93
27528,"Warrior, The (2001)",2001,3.18,52
4892,Maze (2000),2000,3.18,52
63239,Cinderella (1997),1997,3.18,219
285109,To Catch a Killer (2023),2023,3.18,63
104137,Prince Avalanche (2013),2013,3.18,200
169670,The Void (2016),2016,3.18,496
69542,K2 (1991),1991,3.18,85
1024,"Three Caballeros, The (1945)",1945,3.18,1267
795,Somebody to Love (1994),1994,3.18,107
44911,Magic (1978),1978,3.18,129
7178,"Great Gatsby, The (1974)",1974,3.18,722
177231,Brad's Status (2017),2017,3.18,151
162882,I Am Not a Serial Killer (2016),2016,3.18,173
5667,Tuck Everlasting (2002),2002,3.18,890
132046,Tomorrowland (2015),2015,3.18,2863
2689,Get Bruce (1999),1999,3.18,231
60579,Next Door (Naboer) (2005),2005,3.18,99
179415,Wheelman (2017),2017,3.18,132
4181,Tapeheads (1988),1988,3.18,264
89170,"Winning Season, The (2009)",2009,3.18,80
199566,The Aftermath (2019),2019,3.18,80
277856,See How They Run (2022),2022,3.18,309
1943,"Greatest Show on Earth, The (1952)",1952,3.18,574
217899,7500 (2019),2019,3.18,138
39444,"Weather Man, The (2005)",2005,3.18,1891
5361,White Fang (1991),1991,3.18,519
5234,Road to Zanzibar (1941),1941,3.18,116
3971,"Private Eyes, The (1981)",1981,3.18,174
4083,Best Seller (1987),1987,3.18,163
8525,"Ugly Dachshund, The (1966)",1966,3.18,94
135829,Dhoom 2 (2006),2006,3.18,94
31429,Aliens of the Deep (2005),2005,3.18,94
26487,Star 80 (1983),1983,3.18,130
4681,"War of the Roses, The (1989)",1989,3.18,2407
107447,Wrong Cops (2013),2013,3.18,108
7847,"Peanut Butter Solution, The (1985)",1985,3.18,122
115819,Mr Hublot (2013),2013,3.18,61
160084,Henry Gamble's Birthday Party (2016),2016,3.18,50
108156,Ride Along (2014),2014,3.18,789
5620,Sweet Home Alabama (2002),2002,3.18,5519
38046,Seven Swords (Chat gim) (2005),2005,3.18,64
2084,Newsies (1992),1992,3.18,1165
73572,"My Son, My Son, What Have Ye Done (2009)",2009,3.18,159
3978,"Legend of Bagger Vance, The (2000)",2000,3.18,3467
26938,"Hunters, The (Jägarna) (1996)",1996,3.18,67
100322,"Baytown Outlaws, The (2012)",2012,3.18,81
27808,Spanglish (2004),2004,3.18,3559
77421,Cyrus (2010),2010,3.18,450
78517,Joan Rivers: A Piece of Work (2010),2010,3.18,165
27455,"Godzilla, Mothra, and King Ghidorah: Giant Monsters All-Out Attack (Gojira, Mosura, Kingu Gidorâ: Daikaijû sôkôgeki) (Godzilla, Mothra and King Ghidorah: Giant Monsters All-Out Attack) (2001)",2001,3.18,56
79663,Triage (2009),2009,3.18,56
81195,Perrier's Bounty (2009),2009,3.18,56
27172,Joseph and the Amazing Technicolor Dreamcoat (1999),1999,3.18,56
85016,Cropsey (2009),2009,3.18,185
586,Home Alone (1990),1990,3.18,34648
135426,Fantastic Beasts and Where to Find Them 2 (2018),2018,3.18,2254
149590,Standoff (2016),2016,3.18,59
51321,"Leopard Man, The (1943)",1943,3.18,59
6805,Crying Freeman (1995),1995,3.18,177
3156,Bicentennial Man (1999),1999,3.18,5278
5930,Brimstone and Treacle (1982),1982,3.18,90
3040,Meatballs (1979),1979,3.18,2223
122884,Insidious: Chapter 3 (2015),2015,3.18,729
852,Tin Cup (1996),1996,3.18,10937
2419,Extremities (1986),1986,3.18,383
137863,Dragon Ball Z: Resurrection of F (2015),2015,3.18,169
68552,Crossing Over (2009),2009,3.18,189
5086,"Five Heartbeats, The (1991)",1991,3.18,82
4214,Revenge of the Nerds (1984),1984,3.18,3745
6568,Camp (2003),2003,3.18,314
1430,Underworld (1996),1996,3.18,204
3885,Love & Sex (2000),2000,3.18,204
835,Foxfire (1996),1996,3.18,989
2376,"View to a Kill, A (1985)",1985,3.18,4210
2554,Children of the Damned (1963),1963,3.18,787
94677,"Dictator, The (2012)",2012,3.18,4565
189809,The Night Eats the World (2018),2018,3.18,111
205054,Hustlers (2019),2019,3.18,678
78469,"A-Team, The (2010)",2010,3.18,4165
84615,Cedar Rapids (2011),2011,3.18,550
177285,Sword Art Online The Movie: Ordinal Scale (2017),2017,3.18,57
5590,"Mack, The (1973)",1973,3.18,57
144172,February (2015),2015,3.18,288
195485,Time Freak (2018),2018,3.18,97
197889,Close (2019),2019,3.18,137
117590,Horrible Bosses 2 (2014),2014,3.18,2075
4135,"Monster Squad, The (1987)",1987,3.18,691
195209,Code 8,,3.18,317
270,Love Affair (1994),1994,3.18,1308
26561,Vision Quest (1985),1985,3.17,143
84374,No Strings Attached (2011),2011,3.17,3010
4992,Kate & Leopold (2001),2001,3.17,4536
171049,The Wall (2017),2017,3.17,129
213319,Superman: Red Son (2020),2020,3.17,152
55190,Love and Other Disasters (2006),2006,3.17,132
180263,The Shining (1997),1997,3.17,89
8841,Seeing Other People (2004),2004,3.17,112
6997,Hoffa (1992),1992,3.17,494
526,"Savage Nights (Nuits fauves, Les) (1992)",1992,3.17,138
3426,Jungle Fever (1991),1991,3.17,1159
78,"Crossing Guard, The (1995)",1995,3.17,1258
63312,Krabat (2008),2008,3.17,95
32862,With Six You Get Eggroll (1968),1968,3.17,72
117895,Maze Runner: Scorch Trials (2015),2015,3.17,2822
4575,Breaking In (1989),1989,3.17,75
96815,V/H/S (2012),2012,3.17,851
94323,Think Like a Man (2012),2012,3.17,205
74916,Greenberg (2010),2010,3.17,665
44317,Kummeli Stories (1995),1995,3.17,107
5283,National Lampoon's Van Wilder (2002),2002,3.17,3176
62383,"20,000 Leagues Under the Sea (1916)",1916,3.17,81
45447,"Da Vinci Code, The (2006)",2006,3.17,13183
5153,Trouble Every Day (2001),2001,3.17,165
59000,Sex and Death 101 (2007),2007,3.17,110
222757,Get Duked! (2019),2019,3.17,58
987,Bliss (1997),1997,3.17,293
98975,Antiviral (2012),2012,3.17,209
8731,Moulin Rouge (1952),1952,3.17,302
242774,Black Widow (2021),2021,3.17,1609
3495,Roadside Prophets (1992),1992,3.17,61
6261,Wind (1992),1992,3.17,93
161594,Kingsglaive: Final Fantasy XV (2016),2016,3.17,157
81537,Due Date (2010),2010,3.17,3319
4690,"Cotton Club, The (1984)",1984,3.17,620
8591,"Philadelphia Experiment, The (1984)",1984,3.17,574
7326,"Reckoning, The (2004)",2004,3.17,169
6735,"Rose, The (1979)",1979,3.17,271
6709,Once Upon a Time in Mexico (2003),2003,3.17,4788
1658,"Life Less Ordinary, A (1997)",1997,3.17,1970
6817,"White Hunter, Black Heart (1990)",1990,3.17,204
5960,Bad Influence (1990),1990,3.17,207
114818,Stretch (2014),2014,3.17,245
60857,"Tracey Fragments, The (2007)",2007,3.17,105
122924,X-Men: Apocalypse (2016),2016,3.17,4733
187601,Anon (2018),2018,3.17,499
70133,"Answer Man, The (a.k.a. Arlen Faber) (2009)",2009,3.17,111
108715,Better Living Through Chemistry (2014),2014,3.17,117
2842,Best Laid Plans (1999),1999,3.17,430
7109,Beyond the Clouds (Al di là delle nuvole) (1996),1996,3.17,79
8974,"SpongeBob SquarePants Movie, The (2004)",2004,3.17,1745
6613,"Day of the Dolphin, The (1973)",1973,3.17,123
2781,"Tingler, The (1959)",1959,3.17,422
55282,30 Days of Night (2007),2007,3.17,2771
3807,Sinbad and the Eye of the Tiger (1977),1977,3.17,481
171925,Hounds of Love (2017),2017,3.17,88
109181,Adult World (2013),2013,3.17,179
2469,Peggy Sue Got Married (1986),1986,3.17,3885
1767,Music From Another Room (1998),1998,3.17,238
148440,Babysitting 2 (2015),2015,3.17,50
85025,"Eagle, The (2011)",2011,3.17,574
4961,Pornstar: The Legend of Ron Jeremy (2001),2001,3.17,277
1858,Mr. Nice Guy (Yat goh ho yan) (1997),1997,3.17,1465
188859,Hagazussa (2017),2017,3.17,59
117543,LOL (Laughing Out Loud) (2008),2008,3.17,59
5009,Ali (2001),2001,3.17,2434
1539,Twin Town (1997),1997,3.17,301
86817,Something Borrowed (2011),2011,3.17,567
45679,"Seventh Victim, The (1943)",1943,3.17,127
67929,Sanshiro Sugata (Judo Saga) (Sugata Sanshirô) (1943),1943,3.17,68
170913,Here Alone (2016),2016,3.17,68
27717,Pearls and Pigs (Helmiä ja sikoja) (2003),2003,3.17,68
7192,Only the Strong (1993),1993,3.17,71
36519,Transporter 2 (2005),2005,3.17,3619
5728,Death Hunt (1981),1981,3.17,74
1872,Go Now (1995),1995,3.17,74
150694,Uncanny (2015),2015,3.17,74
82093,London Boulevard (2010),2010,3.17,299
748,"Arrival, The (1996)",1996,3.17,5607
89343,Red State (2011),2011,3.17,687
99178,Struck by Lightning (2012),2012,3.17,77
272541,Men (2022),2022,3.17,249
34499,"Heart Is Deceitful Above All Things, The (2004)",2004,3.17,86
7249,Plaza Suite (1971),1971,3.17,92
252272,Fatherhood (2021),2021,3.17,95
86298,Rio (2011),2011,3.17,3057
173273,Wakefield (2017),2017,3.17,119
72630,Sleep Dealer (2008),2008,3.17,119
3893,Nurse Betty (2000),2000,3.17,4907
4800,King Solomon's Mines (1937),1937,3.17,176
90476,"Little Bit of Heaven, A (2011)",2011,3.17,197
286357,Evil Dead Rise (2023),2023,3.17,233
8833,Vanity Fair (2004),2004,3.17,708
219015,Eurovision Song Contest: The Story of Fire Saga (2020),2020,3.17,628
72294,"Christmas Carol, A (2009)",2009,3.17,1439
25908,Passage to Marseille (1944),1944,3.17,57
79863,Black Water (2007),2007,3.17,105
44881,Keane (2004),2004,3.17,60
259191,Queenpins (2021),2021,3.17,60
5928,"Border, The (1982)",1982,3.17,108
99110,Save the Date (2012),2012,3.17,81
6949,"Big Empty, The (2003)",2003,3.17,129
4960,"Independent, The (2000)",2000,3.17,75
2156,"Best Man, The (Testimone dello sposo, Il) (1998)",1998,3.17,63
27338,The Hole (2001),2001,3.17,480
6699,Once Upon a Time in the Midlands (2002),2002,3.17,93
4353,Uncommon Valor (1983),1983,3.17,379
45635,"Notorious Bettie Page, The (2005)",2005,3.17,313
71902,Spread (2009),2009,3.17,250
173291,Valerian and the City of a Thousand Planets (2017),2017,3.17,2150
156000,Justice League vs. Teen Titans (2016),2016,3.17,187
6114,Permanent Vacation (1982),1982,3.17,169
86852,"Beaver, The (2011)",2011,3.17,444
226280,PG (Psycho Goreman) (2020),2020,3.17,142
233171,Death to 2020 (2020),2020,3.17,266
170957,Cars 3 (2017),2017,3.17,871
5881,Solaris (2002),2002,3.17,4040
102072,"Erased (Expatriate, The) (2012)",2012,3.17,230
26043,"Vikings, The (1958)",1958,3.17,112
254720,The Card Counter (2021),2021,3.16,249
2639,Mommie Dearest (1981),1981,3.16,1300
205661,Maleficent: Mistress of Evil (2019),2019,3.16,568
275549,Fire Island (2022),2022,3.16,79
95543,Ice Age 4: Continental Drift (2012),2012,3.16,2279
89983,Robot (2010),2010,3.16,76
26391,"New York, New York (1977)",1977,3.16,222
55999,Mr. Magorium's Wonder Emporium (2007),2007,3.16,1016
136353,Scooby-Doo! and the Loch Ness Monster (2004),2004,3.16,70
5834,Fingers (1978),1978,3.16,70
1479,"Saint, The (1997)",1997,3.16,8758
287823,Joy Ride (2023),2023,3.16,61
204710,Extra Ordinary. (2019),2019,3.16,122
6823,Under Suspicion (1992),1992,3.16,61
365,Little Buddha (1993),1993,3.16,1898
1134,Johnny 100 Pesos (Johnny cien pesos) (1993),1993,3.16,58
5806,Blackboards (Takhté Siah) (2000),2000,3.16,55
93242,Gone (2012),2012,3.16,260
82173,Tiny Furniture (2010),2010,3.16,260
50447,"Dead Girl, The (2006)",2006,3.16,239
96430,"Odd Life of Timothy Green, The (2012)",2012,3.16,282
71484,Metropia (2009),2009,3.16,224
99728,Gangster Squad (2013),2013,3.16,1256
3571,Time Code (2000),2000,3.16,648
4589,Eddie and the Cruisers (1983),1983,3.16,553
91947,"Revenant, The (2009)",2009,3.16,123
238,Far From Home: The Adventures of Yellow Dog (1995),1995,3.16,855
2975,"Best Man, The (1999)",1999,3.16,640
110346,Blood Ties (2013),2013,3.16,74
2665,Earth vs. the Flying Saucers (1956),1956,3.16,404
7051,"What's New, Pussycat (1965)",1965,3.16,247
5214,"Oh, God! (1977)",1977,3.16,958
2281,Monument Ave. (1998),1998,3.16,102
6367,Down with Love (2003),2003,3.16,2169
2426,"Theory of Flight, The (1998)",1998,3.16,164
328,Tales from the Crypt Presents: Demon Knight (1995),1995,3.16,2594
65810,Notorious (2009),2009,3.16,285
183695,Marrowbone (2017),2017,3.16,189
104431,Enter Nowhere (2011),2011,3.16,124
6811,PCU (1994),1994,3.16,680
32598,Fever Pitch (2005),2005,3.16,1419
176173,Killing Ground (2017),2017,3.16,59
5265,Death to Smoochy (2002),2002,3.16,2416
127136,True Story (2015),2015,3.16,339
92665,"For a Good Time, Call... (2012)",2012,3.16,140
3998,Proof of Life (2000),2000,3.16,2726
76079,Chloe (2009),2009,3.16,648
31150,Wizards (1977),1977,3.16,265
270406,I Want You Back (2022),2022,3.16,106
5522,Rollerball (1975),1975,3.16,1051
102720,Epic (2013),2013,3.16,1020
280990,The Pale Blue Eye (2022),2022,3.16,287
3587,Inferno (1980),1980,3.16,459
191489,Peppermint (2018),2018,3.16,353
5046,Impostor (2002),2002,3.16,781
2431,Patch Adams (1998),1998,3.16,7680
82447,"Tomorrow, When the War Began (2010)",2010,3.16,200
154996,All Ladies Do It (1992),1992,3.16,50
7437,Connie and Carla (2004),2004,3.16,225
6950,"Missing, The (2003)",2003,3.16,804
256393,The Trip (2021),2021,3.16,72
177787,Chappaquiddick (2017),2017,3.16,144
6547,Northfork (2003),2003,3.16,263
8024,"Thing Called Love, The (1993)",1993,3.16,119
165179,Una (2016),2016,3.16,69
150262,Megamind: The Button Of Doom (2011),2011,3.16,91
58652,CJ7 (Cheung Gong 7 hou) (2008),2008,3.16,182
4442,"Last Dragon, The (1985)",1985,3.16,361
695,True Crime (1996),1996,3.16,848
6876,"Flower of Evil, The (Fleur du mal, La) (2003)",2003,3.16,66
68028,What Doesn't Kill You (2008),2008,3.16,88
5749,Ghost Story (1981),1981,3.16,324
51418,Breaking and Entering (2006),2006,3.16,258
171759,The Beguiled (2017),2017,3.16,447
169842,The Shack (2017),2017,3.16,148
1727,"Horse Whisperer, The (1998)",1998,3.16,2395
85372,Potiche (2010),2010,3.16,145
26698,Narrow Margin (1990),1990,3.16,82
48560,Running With Scissors (2006),2006,3.16,593
68941,"Last House on the Left, The (2009)",2009,3.16,713
2151,"Gods Must Be Crazy II, The (1989)",1989,3.16,1685
146900,Heist (2015),2015,3.16,142
63853,Australia (2008),2008,3.16,1594
89030,Fright Night (2011),2011,3.16,1020
193605,In Fabric (2018),2018,3.16,139
2605,Entrapment (1999),1999,3.16,9532
167,Feast of July (1995),1995,3.16,79
6067,Ordinary Decent Criminal (2000),2000,3.16,275
1898,"Land Girls, The (1998)",1998,3.16,117
86244,Easy Money (Snabba Cash) (2010),2010,3.16,117
114721,Bugs Bunny's 3rd Movie: 1001 Rabbit Tales (1982),1982,3.16,57
195823,The Christmas Chronicles (2018),2018,3.16,361
122129,Scooby-Doo! Camp Scare (2010),2010,3.16,57
79895,"Extraordinary Adventures of Adèle Blanc-Sec, The (2010)",2010,3.16,206
4302,"King Is Alive, The (2000)",2000,3.16,73
179863,Radius (2017),2017,3.16,197
6844,Oleanna (1994),1994,3.16,143
3445,Eyes of Laura Mars (1978),1978,3.16,661
189331,The Spy Who Dumped Me (2018),2018,3.16,566
1570,Tetsuo II: Body Hammer (1992),1992,3.16,347
208621,Color Out of Space (2019),2019,3.16,637
250362,Censor (2021),2021,3.16,137
160982,Slack Bay (2016),2016,3.16,51
3568,Smiling Fish and Goat on Fire (1999),1999,3.16,102
139847,Chevalier (2015),2015,3.16,67
2146,St. Elmo's Fire (1985),1985,3.16,3515
101296,I'm So Excited (Los amantes pasajeros) (2013),2013,3.16,182
60126,Get Smart (2008),2008,3.16,4652
34048,War of the Worlds (2005),2005,3.16,13793
6222,Prozac Nation (2001),2001,3.16,422
100108,Parker (2013),2013,3.16,771
168426,Beware the Slenderman (2016),2016,3.16,64
6139,Tempest (1982),1982,3.16,64
263973,House of Gucci (2021),2021,3.16,477
251234,The Conjuring: The Devil Made Me Do It (2021),2021,3.16,381
201737,The Lodge (2019),2019,3.16,324
93363,John Carter (2012),2012,3.16,3624
537,Sirens (1994),1994,3.16,3440
77201,Valhalla Rising (2009),2009,3.16,771
6036,Secret Admirer (1985),1985,3.16,135
8680,In a Glass Cage (Tras el cristal) (1986),1986,3.16,90
458,Geronimo: An American Legend (1993),1993,3.16,1081
92751,Kokowääh (2011),2011,3.16,74
99117,This Is 40 (2012),2012,3.16,1178
48678,Feast (2005),2005,3.16,422
171689,Norman: The Moderate Rise and Tragic Fall of a New York Fixer (2017),2017,3.16,58
69466,"Alibi, The (Lies and Alibis) (2006)",2006,3.16,58
219392,Relic (2020),2020,3.15,213
128512,Paper Towns (2015),2015,3.15,1033
173203,How to Talk to Girls at Parties (2017),2017,3.15,126
78209,Get Him to the Greek (2010),2010,3.15,3152
8258,Citizen Toxie: The Toxic Avenger IV (2000),2000,3.15,123
60526,Death Defying Acts (2007),2007,3.15,68
1821,"Object of My Affection, The (1998)",1998,3.15,1726
4054,Save the Last Dance (2001),2001,3.15,4015
102088,"Grandmaster, The (Yi dai zong shi) (2013)",2013,3.15,312
121366,Get a Horse! (2013),2013,3.15,65
107426,Demons 2 (Dèmoni 2... l'incubo ritorna) (1986),1986,3.15,52
33834,Land of the Dead (2005),2005,3.15,1836
203,"To Wong Foo, Thanks for Everything! Julie Newmar (1995)",1995,3.15,5635
4498,"Dead Pool, The (1988)",1988,3.15,1173
99992,Shadow Dancer (2012),2012,3.15,88
135532,The Last Witch Hunter (2015),2015,3.15,978
89074,"Greatest Movie Ever Sold, The (POM Wonderful Presents: The Greatest Movie Ever Sold) (2011)",2011,3.15,274
6185,Dark Blue (2003),2003,3.15,519
95508,Cleanskin (2012),2012,3.15,98
101577,"Host, The (2013)",2013,3.15,1039
160573,Pete's Dragon (2016),2016,3.15,451
180231,Daddy's Home 2 (2017),2017,3.15,438
204688,The Informer (2019),2019,3.15,121
4319,Apache (1954),1954,3.15,72
1416,Evita (1996),1996,3.15,5304
806,American Buffalo (1996),1996,3.15,567
64030,Transporter 3 (2008),2008,3.15,2386
140581,I Am Chris Farley (2015),2015,3.15,59
146674,The Gendarme and the Creatures from Outer Space (1978),1978,3.15,59
61071,"Sisterhood of the Traveling Pants 2, The (2008)",2008,3.15,512
3308,"Flamingo Kid, The (1984)",1984,3.15,1175
77866,Robin Hood (2010),2010,3.15,3231
93326,This Means War (2012),2012,3.15,1737
7442,Young Adam (2003),2003,3.15,266
179785,Thank You for Your Service (2017),2017,3.15,69
3701,Alien Nation (1988),1988,3.15,2419
200824,The Secret Life of Pets 2 (2019),2019,3.15,467
7995,"Wild Angels, The (1966)",1966,3.15,56
98570,"Peace, Love & Misunderstanding (2011)",2011,3.15,56
7165,"Company, The (2003)",2003,3.15,264
3457,Waking the Dead (2000),2000,3.15,601
218091,"Yes, God, Yes (2019)",2019,3.15,185
83374,"Warrior's Way, The (2010)",2010,3.15,255
215707,Circus of Books (2019),2019,3.15,53
176057,Take Me (2017),2017,3.15,53
195561,The Hummingbird Project (2018),2018,3.15,126
30818,Beyond the Sea (2004),2004,3.15,322
1614,In & Out (1997),1997,3.15,4797
8013,I'm with Lucy (2002),2002,3.15,93
23,Assassins (1995),1995,3.15,4717
6548,Bad Boys II (2003),2003,3.15,5926
95875,Total Recall (2012),2012,3.15,3891
70208,"Perfect Getaway, A (2009)",2009,3.15,576
3638,Moonraker (1979),1979,3.15,5591
114035,"Calling, The (2014)",2014,3.15,50
8714,Night and Day (1946),1946,3.15,50
31156,Abbott and Costello Meet the Invisible Man (1951),1951,3.15,130
170601,RRRrrrr!!! (2004),2004,3.15,80
215623,Mortal Kombat Legends: Scorpion’s Revenge (2020),2020,3.15,110
44763,"Brothers Lionheart, The (Bröderna Lejonhjärta) (1977)",1977,3.15,50
7169,Chasing Liberty (2004),2004,3.15,675
98981,"Arrival of a Train, The (1896)",1896,3.15,117
133139,Barbie in the 12 Dancing Princesses (2006),2006,3.15,107
91571,Coriolanus (2011),2011,3.15,271
226046,Come True (2020),2020,3.15,77
134945,Police Story 2013 (2013),2013,3.15,77
3888,Skipped Parts (2000),2000,3.15,67
117334,The New Girlfriend (2014),2014,3.15,57
32031,Robots (2005),2005,3.15,4368
79139,"Sorcerer's Apprentice, The (2010)",2010,3.15,2876
59333,Made of Honor (2008),2008,3.15,1148
113453,Let's Be Cops (2014),2014,3.15,977
2506,"Other Sister, The (1999)",1999,3.15,1429
696,Butterfly Kiss (1995),1995,3.15,128
204152,Vivarium (2019),2019,3.15,656
6678,"Handmaid's Tale, The (1990)",1990,3.15,467
150254,The Devil's Candy (2015),2015,3.15,217
117922,Ice Age: A Mammoth Christmas (2011),2011,3.15,190
212088,Horse Girl (2020),2020,3.15,207
3775,Make Mine Music (1946),1946,3.15,163
2405,"Jewel of the Nile, The (1985)",1985,3.15,6760
73168,Carriers (2009),2009,3.15,527
116503,The Possession of Michael King (2014),2014,3.15,85
5041,Fire and Ice (1983),1983,3.15,238
2035,Blackbeard's Ghost (1968),1968,3.15,357
4375,"Adventures of Felix, The (a.k.a. Funny Felix) (Drôle de Félix) (2000)",2000,3.15,68
69988,Humpday (2009),2009,3.15,160
133219,Tinker Bell and the Great Fairy Rescue (2010),2010,3.15,143
8994,"Ladies Man, The (1961)",1961,3.15,92
391,Jason's Lyric (1994),1994,3.15,426
102941,Special Forces (Forces spéciales) (2011),2011,3.15,75
2470,Crocodile Dundee (1986),1986,3.15,13719
3861,"Replacements, The (2000)",2000,3.15,3385
5077,Cousins (1989),1989,3.15,287
3943,Bamboozled (2000),2000,3.15,815
91690,Friends with Kids (2011),2011,3.15,322
112868,"Signal, The (2014)",2014,3.15,877
2192,See the Sea (1997),1997,3.15,72
120783,Son of a Gun (2014),2014,3.15,144
6017,Divine Intervention (Yadon ilaheyya) (2002),2002,3.15,96
5335,"Coca-Cola Kid, The (1985)",1985,3.15,192
57637,"Signal, The (2007)",2007,3.15,247
95105,Madagascar 3: Europe's Most Wanted (2012),2012,3.15,1928
46959,Colour Me Kubrick: A True...ish Story (2005),2005,3.15,141
127319,The Loft (2014),2014,3.15,289
69438,O'Horten (2007),2007,3.15,62
5159,Ferngully: The Last Rainforest (1992),1992,3.15,1578
1377,Batman Returns (1992),1992,3.15,15834
129,Pie in the Sky (1996),1996,3.15,193
7405,Road to Bali (1952),1952,3.14,100
62439,My Best Friend's Girl (2008),2008,3.14,497
165347,Jack Reacher: Never Go Back (2016),2016,3.14,1243
6875,Dopamine (2003),2003,3.14,83
159614,The Ones Below (2015),2015,3.14,83
183295,Insidious: The Last Key (2018),2018,3.14,339
7047,Year of the Dragon (1985),1985,3.14,218
130490,Insurgent (2015),2015,3.14,3201
7274,Let's Do It Again (1975),1975,3.14,52
6259,My Friend Flicka (1943),1943,3.14,104
153788,Jaane Tu... Ya Jaane Na (2008),2008,3.14,59
5468,20 Million Miles to Earth (1957),1957,3.14,184
354,Cobb (1994),1994,3.14,1264
4680,Vampire's Kiss (1989),1989,3.14,455
7312,"Follow Me, Boys! (1966)",1966,3.14,66
27537,Nothing (2003),2003,3.14,139
1009,Escape to Witch Mountain (1975),1975,3.14,2725
7444,13 Going on 30 (2004),2004,3.14,6864
4227,"Brothers, The (2001)",2001,3.14,171
26745,Other People's Money (1991),1991,3.14,217
197203,Triple Frontier (2019),2019,3.14,623
149658,Boruto: Naruto the Movie (2015),2015,3.14,63
117123,Dear White People (2014),2014,3.14,238
6513,Made for Each Other (1939),1939,3.14,84
71318,Terra (a.k.a. Battle for Terra) (2007),2007,3.14,147
1119,Drunks (1995),1995,3.14,182
3515,Me Myself I (2000),2000,3.14,1141
185979,Ghost Stories (2018),2018,3.14,214
176919,Beach Rats (2017),2017,3.14,123
44900,Beauty and the Bastard (Tyttö sinä olet tähti) (2005),2005,3.14,88
91673,Albert Nobbs (2011),2011,3.14,208
212180,The Wave (2019),2019,3.14,67
52545,Puccini for Beginners (2006),2006,3.14,60
1003,Extreme Measures (1996),1996,3.14,1666
102033,Pain & Gain (2013),2013,3.14,1479
124867,Justice League: Throne of Atlantis (2015),2015,3.14,226
135693,Iliza Shlesinger: War Paint (2013),2013,3.14,53
40752,Takeshis' (2005),2005,3.14,53
4634,Penn & Teller Get Killed (1989),1989,3.14,244
95237,Detention (2012),2012,3.14,138
511,"Program, The (1993)",1993,3.14,1688
3652,"City of the Living Dead (a.k.a. Gates of Hell, The) (Paura nella città dei morti viventi) (1980)",1980,3.14,245
257637,Kate (2021),2021,3.14,263
212074,Guns Akimbo (2020),2020,3.14,519
2772,Detroit Rock City (1999),1999,3.14,2172
6486,"Hard Word, The (2002)",2002,3.14,96
105519,"Philosophers, The (After The Dark) (2013)",2013,3.14,210
58379,Terkel in Trouble (Terkel i knibe) (2004),2004,3.14,89
4140,North Shore (1987),1987,3.14,89
164821,Colossal (2016),2016,3.14,755
5173,Divorcing Jack (1998),1998,3.14,57
4766,"Our Lady of the Assassins (Virgen de los sicarios, La) (2000)",2000,3.14,132
1385,Under Siege (1992),1992,3.14,7098
115943,The Land Before Time V: The Mysterious Island (1997),1997,3.14,50
40425,Brides of Dracula (1960),1960,3.14,50
176829,6 Days (2017),2017,3.14,125
91622,Young Adult (2011),2011,3.14,1026
141420,Paranormal Activity 2: Tokyo Night (2010),2010,3.14,118
59727,"Strangers, The (2008)",2008,3.14,1368
68319,X-Men Origins: Wolverine (2009),2009,3.14,10164
3,Grumpier Old Men (1995),1995,3.14,13134
65685,Inkheart (2008),2008,3.14,961
1627,U Turn (1997),1997,3.14,2795
56949,27 Dresses (2008),2008,3.14,4401
51698,"Last Mimzy, The (2007)",2007,3.14,632
8206,Mystery of the Wax Museum (1933),1933,3.14,97
34332,Sky High (2005),2005,3.14,1969
786,Eraser (1996),1996,3.14,17341
44058,"Big White, The (2005)",2005,3.14,187
118260,The Borderlands (2013),2013,3.14,90
5018,Motorama (1991),1991,3.14,54
102798,"Devil's Carnival, The (2012)",2012,3.14,54
61246,Hamlet 2 (2008),2008,3.14,389
111661,"Two Faces of January, The (2014)",2014,3.14,191
6977,New Jack City (1991),1991,3.14,638
2062,"Governess, The (1998)",1998,3.14,440
136457,Jeff Dunham: Arguing with Myself (2006),2006,3.14,83
4048,Imaginary Crimes (1994),1994,3.14,65
6094,Liquid Sky (1982),1982,3.14,271
115502,"Rewrite, The (2014)",2014,3.14,170
103366,Redemption (Hummingbird) (2013),2013,3.14,351
99058,"Comedy, The (2012)",2012,3.14,87
189241,Hotel Artemis (2018),2018,3.14,457
2219,Murder! (1930),1930,3.14,156
5944,Star Trek: Nemesis (2002),2002,3.14,4988
245452,Two Distant Strangers (2020),2020,3.14,69
137062,Naruto Shippuden the Movie: Road to Ninja (2012),2012,3.14,69
48322,Jackass Number Two (2006),2006,3.14,2155
144698,Miss You Already (2015),2015,3.14,80
135953,Leroy & Stitch (2006),2006,3.14,80
4607,In Country (1989),1989,3.14,91
74868,Dorian Gray (2009),2009,3.14,710
173283,Red Nose Day Actually (2017),2017,3.14,51
209595,Waiting for the Barbarians (2019),2019,3.14,51
207670,Daniel Isn't Real (2019),2019,3.14,62
1656,Swept from the Sea (1997),1997,3.14,124
2956,Someone to Watch Over Me (1987),1987,3.14,945
151317,Maggie's Plan (2015),2015,3.14,168
6102,"Missionary, The (1982)",1982,3.14,106
227002,Let Him Go (2020),2020,3.14,106
78313,Adulthood (2008),2008,3.14,66
6328,House of Fools (2002),2002,3.14,55
1398,In Love and War (1996),1996,3.14,867
5276,Crimes of Passion (1984),1984,3.14,169
97988,"Bay, The (2012)",2012,3.14,261
9005,Fire in the Sky (1993),1993,3.14,511
3874,"Couch in New York, A (1996)",1996,3.14,114
37727,Flightplan (2005),2005,3.14,3270
62113,How to Lose Friends & Alienate People (2008),2008,3.14,848
8919,P.S. (2004),2004,3.14,236
160571,Lights Out (2016),2016,3.14,830
5809,Femme Fatale (2002),2002,3.13,998
104241,Kick-Ass 2 (2013),2013,3.13,3174
3862,About Adam (2000),2000,3.13,297
134575,The Mafia Only Kills in Summer (2013),2013,3.13,52
90647,Puss in Boots (2011),2011,3.13,2642
4206,"Mighty Quinn, The (1989)",1989,3.13,238
35957,Red Eye (2005),2005,3.13,2172
2911,"Grandfather, The (Abuelo, El) (1998)",1998,3.13,93
136471,Kevin Hart: Laugh at My Pain (2011),2011,3.13,82
2475,52 Pick-Up (1986),1986,3.13,660
162460,The Childhood of a Leader (2016),2016,3.13,56
66015,Passchendaele (2008),2008,3.13,56
7287,"Sailor Who Fell from Grace with the Sea, The (1976)",1976,3.13,56
109423,Your Friend the Rat (2007),2007,3.13,112
176355,The Mountain Between Us (2017),2017,3.13,329
76030,Case 39 (2009),2009,3.13,666
726,Last Dance (1996),1996,3.13,543
103819,Coffee Town (2013),2013,3.13,60
282561,Operation Fortune: Ruse de Guerre (2023),2023,3.13,180
39449,Prime (2005),2005,3.13,732
6910,Kronos (a.k.a. Captain Kronos: Vampire Hunter) (1973),1973,3.13,184
198157,A Rainy Day in New York,,3.13,233
27402,Dagon (2001),2001,3.13,305
3725,American Pop (1981),1981,3.13,422
7885,"Vampire Lovers, The (1970)",1970,3.13,98
6582,Remo Williams: The Adventure Begins (1985),1985,3.13,596
6736,See No Evil (1971),1971,3.13,83
99741,"Company You Keep, The (2012)",2012,3.13,200
4122,Ironweed (1987),1987,3.13,246
157290,Suntan (2016),2016,3.13,53
60803,"Little Drummer Boy, The (1968)",1968,3.13,106
8369,Mindhunters (2004),2004,3.13,992
5107,Hart's War (2002),2002,3.13,1371
286107,Renfield (2023),2023,3.13,250
167620,Leap! (2016),2016,3.13,167
1918,Lethal Weapon 4 (1998),1998,3.13,10129
79796,Centurion (2010),2010,3.13,703
4157,"Price of Milk, The (2000)",2000,3.13,76
58743,Alatriste (2006),2006,3.13,95
96861,Taken 2 (2012),2012,3.13,2809
59022,Harold & Kumar Escape from Guantanamo Bay (2008),2008,3.13,2799
5254,Blade II (2002),2002,3.13,8648
117861,Black or White (2014),2014,3.13,80
74436,Body Bags (1993),1993,3.13,122
3650,Anguish (Angustia) (1987),1987,3.13,61
6076,Enigma (1983),1983,3.13,61
2749,"Morning After, The (1986)",1986,3.13,591
144760,Momentum (2015),2015,3.13,84
170787,"Everything, Everything (2017)",2017,3.13,149
7119,Crazy People (1990),1990,3.13,172
95441,Ted (2012),2012,3.13,8439
2676,Instinct (1999),1999,3.13,2131
6225,King of Kings (1961),1961,3.13,88
3197,"Presidio, The (1988)",1988,3.13,1356
190947,Mary Queen of Scots (2018),2018,3.13,272
2826,"13th Warrior, The (1999)",1999,3.13,8341
185481,Ghostland (2018),2018,3.13,173
5553,Stakeout (1987),1987,3.13,1142
6999,Housesitter (1992),1992,3.13,550
139084,Boulevard (2014),2014,3.13,50
189329,The Catcher Was a Spy (2018),2018,3.13,77
1671,Deceiver (1997),1997,3.13,285
517,Rising Sun (1993),1993,3.13,3738
77364,"Losers, The (2010)",2010,3.13,948
7354,Mad Dog and Glory (1993),1993,3.13,478
8007,Pure Country (1992),1992,3.13,81
39779,Tarzan and His Mate (1934),1934,3.13,54
614,Loaded (1994),1994,3.13,162
7922,"Valachi Papers,The (1972)",1972,3.13,54
160559,Minimalism: A Documentary About the Important Things (2016),2016,3.13,135
131451,The Atticus Institute (2015),2015,3.13,81
192697,Destination Wedding (2018),2018,3.13,224
4084,Beverly Hills Cop II (1987),1987,3.13,5339
4352,Shag (1989),1989,3.13,232
188751,Mamma Mia: Here We Go Again! (2018),2018,3.13,704
2052,Hocus Pocus (1993),1993,3.13,3621
82744,Faster (2010),2010,3.13,693
133133,Barbie: Princess Charm School (2011),2011,3.13,62
74851,From Paris with Love (2010),2010,3.13,1324
3796,"Wisdom of Crocodiles, The (a.k.a. Immortality) (2000)",2000,3.13,167
92944,"Monster in Paris, A (Un monstre à Paris) (2011)",2011,3.13,202
93723,Damsels in Distress (2011),2011,3.13,171
259035,Copshop (2021),2021,3.13,105
63828,Confessions of a Superhero (2007),2007,3.13,78
6162,Gerry (2002),2002,3.13,406
275467,The Gray Man (2022),2022,3.13,578
40887,Lonesome Jim (2005),2005,3.13,145
2478,¡Three Amigos! (1986),1986,3.13,7348
3806,Mackenna's Gold (1969),1969,3.13,196
7033,"Secret of My Succe$s, The (a.k.a. The Secret of My Success) (1987)",1987,3.13,745
173629,Appleseed: Ex Machina (2007),2007,3.13,51
164905,Voyage of Time: Life's Journey (2016),2016,3.13,51
6637,Thrashin' (1986),1986,3.13,51
6438,633 Squadron (1964),1964,3.13,51
3704,Mad Max Beyond Thunderdome (1985),1985,3.13,6824
222593,Death on the Nile (2020),2020,3.13,687
1016,"Shaggy Dog, The (1959)",1959,3.13,1500
30793,Charlie and the Chocolate Factory (2005),2005,3.13,17186
129913,Rings (2005),2005,3.13,55
26966,"Brave, The (1997)",1997,3.13,55
89,Nick of Time (1995),1995,3.13,3451
26728,Guilty by Suspicion (1991),1991,3.13,63
109376,Cuban Fury (2014),2014,3.13,130
136245,Scooby-Doo! and the Reluctant Werewolf (1988),1988,3.13,67
6696,Bollywood/Hollywood (2002),2002,3.13,146
57401,Cleaner (2007),2007,3.13,403
7318,"Passion of the Christ, The (2004)",2004,3.13,5434
868,Death in Brunswick (1991),1991,3.13,91
1334,"Blob, The (1958)",1958,3.13,3000
27608,Immortel (ad vitam) (Immortal) (2004),2004,3.13,432
2249,My Blue Heaven (1990),1990,3.13,1881
74944,Brooklyn's Finest (2010),2010,3.13,401
105213,Don Jon (2013),2013,3.13,2500
1807,"Cool, Dry Place, A (1998)",1998,3.13,167
70687,Paper Heart (2009),2009,3.13,191
2072,"'burbs, The (1989)",1989,3.13,3918
56915,"Water Horse: Legend of the Deep, The (2007)",2007,3.13,478
3235,Where the Buffalo Roam (1980),1980,3.13,530
158528,The Shallows (2016),2016,3.13,842
3263,White Men Can't Jump (1992),1992,3.13,6110
133147,Barbie as the Island Princess (2007),2007,3.12,76
281002,Devotion (2022),2022,3.12,52
61678,"Foot Fist Way, The (2006)",2006,3.12,204
5365,"Lady and the Duke, The (Anglaise et le duc, L') (2001)",2001,3.12,96
62378,Magicians (2007),2007,3.12,68
6038,Tune in Tomorrow... (1990),1990,3.12,72
195533,Ophelia (2018),2018,3.12,52
95133,Blackthorn (2011),2011,3.12,60
207227,Harpoon (2019),2019,3.12,56
167564,The Little Hours (2017),2017,3.12,284
3240,"Big Tease, The (1999)",1999,3.12,200
273,Mary Shelley's Frankenstein (Frankenstein) (1994),1994,3.12,7626
1686,Red Corner (1997),1997,3.12,1016
1320,Alien³ (a.k.a. Alien 3) (1992),1992,3.12,16179
194959,Destroyer (2018),2018,3.12,185
2769,"Yards, The (2000)",2000,3.12,781
80166,"Switch, The (2010)",2010,3.12,1305
99912,Mama (2013),2013,3.12,1314
135135,Max (2015),2015,3.12,101
317,"Santa Clause, The (1994)",1994,3.12,17903
158962,The Eyes of My Mother (2016),2016,3.12,93
103972,"Last Days, The (Últimos días, Los) (2013)",2013,3.12,85
60074,Hancock (2008),2008,3.12,10948
203519,Fast & Furious Presents: Hobbs & Shaw (2019),2019,3.12,960
79057,Predators (2010),2010,3.12,2613
6886,Beyond Borders (2003),2003,3.12,308
4900,Out Cold (2001),2001,3.12,373
4363,Too Late the Hero (1970),1970,3.12,73
4728,Rat Race (2001),2001,3.12,5181
5589,Indian Summer (1993),1993,3.12,341
76132,B.N.B. (Bunty Aur Babli) (2005),2005,3.12,61
1812,Wide Awake (1998),1998,3.12,236
207311,Last Christmas (2019),2019,3.12,354
378,Speechless (1994),1994,3.12,2336
179099,HHhH (2017),2017,3.12,53
4253,Lakeboat (2000),2000,3.12,53
8968,After the Sunset (2004),2004,3.12,1020
51380,"Canterbury Tales, The (I racconti di Canterbury) (1972)",1972,3.12,102
79,"Juror, The (1996)",1996,3.12,5614
112818,"Purge: Anarchy, The (2014)",2014,3.12,1182
4078,Amazing Grace and Chuck (1987),1987,3.12,131
32289,Ice Princess (2005),2005,3.12,607
5457,Zebrahead (1992),1992,3.12,78
42021,"White Countess, The (2005)",2005,3.12,111
4971,Moscow on the Hudson (1984),1984,3.12,761
215763,1BR (2019),2019,3.12,107
3409,Final Destination (2000),2000,3.12,9113
31700,Because of Winn-Dixie (2005),2005,3.12,280
8268,Point of No Return (1993),1993,3.12,569
52712,"Invisible, The (2007)",2007,3.12,392
96367,Hit and Run (Hit & Run) (2012),2012,3.12,227
239,"Goofy Movie, A (1995)",1995,3.12,4070
122940,Clear History (2013),2013,3.12,149
5931,Britannia Hospital (1982),1982,3.12,58
7916,Gidget (1959),1959,3.12,116
121155,Kevin Hart: Let Me Explain (2013),2013,3.12,87
4573,Blaze (1989),1989,3.12,199
172547,Despicable Me 3 (2017),2017,3.12,1319
1174,Dead Tired (Grosse Fatigue) (1994),1994,3.12,112
3617,Road Trip (2000),2000,3.12,9947
4335,Midnight Madness (1980),1980,3.12,108
56169,Awake (2007),2007,3.12,615
196487,Reign of the Supermen (2019),2019,3.12,104
226574,Honest Thief (2020),2020,3.12,208
3791,Footloose (1984),1984,3.12,4215
147895,Recep İvedik (2008),2008,3.12,50
8774,Sherlock Holmes: The Woman in Green (1945),1945,3.12,75
252590,The Tomorrow War (2021),2021,3.12,860
6081,"Never Play Clever Again (Gendarme et les gendarmettes, Le) (1982)",1982,3.12,92
239040,Framing Britney Spears (2021),2021,3.12,67
6266,What a Girl Wants (2003),2003,3.12,1739
70597,Gigantic (2008),2008,3.12,147
92309,"Innkeepers, The (2011)",2011,3.12,399
203244,Shaft (2019),2019,3.12,324
3614,Honeymoon in Vegas (1992),1992,3.12,2161
92122,"Loneliest Planet, The (2011)",2011,3.12,59
5978,"Whistle Blower, The (1986)",1986,3.12,59
155181,Elvis & Nixon (2016),2016,3.12,118
102684,Only God Forgives (2013),2013,3.12,949
258637,The Voyeurs (2021),2021,3.12,76
132652,Mother's Day (2010),2010,3.12,76
48326,All the King's Men (2006),2006,3.12,355
55419,I'm Reed Fish (2006),2006,3.12,93
136331,"Chill Out, Scooby-Doo! (2007)",2007,3.12,55
165329,Always Shine (2016),2016,3.12,55
135141,Allegiant: Part 1 (2016),2016,3.12,1487
958,Lady of Burlesque (1943),1943,3.12,106
3711,Sarafina! (1992),1992,3.12,157
226886,The Empty Man (2020),2020,3.12,174
1487,Selena (1997),1997,3.12,1788
160301,Udta Punjab (2016),2016,3.12,68
40581,Just Friends (2005),2005,3.12,1566
80241,Going the Distance (2010),2010,3.12,440
132800,Welcome to Me (2014),2014,3.12,235
26940,"Late Shift, The (1996)",1996,3.12,77
5268,No Such Thing (2001),2001,3.12,184
157276,Our Kind of Traitor (2016),2016,3.12,167
7251,Where the Day Takes You (1992),1992,3.12,60
4917,MacArthur (1977),1977,3.12,120
175669,Tulip Fever (2017),2017,3.12,86
2334,"Siege, The (1998)",1998,3.12,3407
4572,Black Rain (1989),1989,3.12,1429
141397,Equals (2015),2015,3.12,211
92096,14 Blades (Jin yi wei) (2010),2010,3.12,56
100906,Maniac Cop 2 (1990),1990,3.12,56
1749,The Leading Man (1996),1996,3.12,95
8,Tom and Huck (1995),1995,3.12,1510
4372,Crazy/Beautiful (2001),2001,3.12,1454
6366,Dracula: Pages from a Virgin's Diary (2001),2001,3.12,117
4814,Don't Say a Word (2001),2001,3.12,1910
93563,Lockout (2012),2012,3.12,878
8808,"Princess Diaries 2: Royal Engagement, The (2004)",2004,3.11,2414
186003,On Chesil Beach (2018),2018,3.11,74
136347,Scooby-Doo Meets the Boo Brothers (1987),1987,3.11,61
26744,Once Around (1991),1991,3.11,83
828,"Adventures of Pinocchio, The (1996)",1996,3.11,1574
1070,Macao (1952),1952,3.11,70
4453,Michael Jordan to the Max (2000),2000,3.11,162
69818,Franklyn (2008),2008,3.11,219
112866,"Strange Color Of Your Body's Tears, The (L'étrange couleur des larmes de ton corps) (2013)",2013,3.11,57
1906,Mr. Jealousy (1997),1997,3.11,272
152,"Addiction, The (1995)",1995,3.11,716
183865,I Think We're Alone Now (2018),2018,3.11,88
27198,Peculiarities of the National Fishing (Osobennosti natsionalnoy rybalki) (1998),1998,3.11,66
8444,"Chipmunk Adventure, The (1987)",1987,3.11,66
93502,"Ledge, The (2011)",2011,3.11,110
45440,Art School Confidential (2006),2006,3.11,599
2641,Superman II (1980),1980,3.11,9208
2647,House of Frankenstein (1944),1944,3.11,300
81516,Black Death (2010),2010,3.11,437
6700,"Other Side of the Bed, The (Otro lado de la cama, El) (2002)",2002,3.11,93
104386,Cold Prey II (Fritt Vilt II) (2008),2008,3.11,62
255655,Candyman (2021),2021,3.11,319
55255,Feast of Love (2007),2007,3.11,195
26782,"Mambo Kings, The (1992)",1992,3.11,142
7892,"Street Fighter, The (Gekitotsu! Satsujin ken) (1974)",1974,3.11,120
5226,All the Right Moves (1983),1983,3.11,543
1417,"Portrait of a Lady, The (1996)",1996,3.11,785
111360,Lucy (2014),2014,3.11,7520
91823,Kung Fu Panda Holiday Special (2010),2010,3.11,116
82240,Suck (2009),2009,3.11,58
212851,Buffaloed (2020),2020,3.11,67
4026,Nowhere to Hide (Injeong sajeong bol geot eobtda) (1999),1999,3.11,67
93578,"Lonely Place to Die, A (2011)",2011,3.11,143
3109,"River, The (1984)",1984,3.11,358
143347,Aquaman (2018),2018,3.11,2600
103483,V/H/S/2 (2013),2013,3.11,470
2517,Christine (1983),1983,3.11,2874
112070,Maps to the Stars (2014),2014,3.11,314
208813,Noelle (2019),2019,3.11,157
2864,Splendor (1999),1999,3.11,193
2694,Big Daddy (1999),1999,3.11,11737
2634,"Mummy, The (1959)",1959,3.11,714
1613,Star Maps (1997),1997,3.11,247
5651,"Incredible Mr. Limpet, The (1964)",1964,3.11,468
2869,"Separation, The (Séparation, La) (1994)",1994,3.11,54
7882,The Plague of the Zombies (1966),1966,3.11,72
68444,"Great Buck Howard, The (2008)",2008,3.11,216
75446,Little Ashes (2008),2008,3.11,63
6314,Undercover Blues (1993),1993,3.11,239
2861,For Love of the Game (1999),1999,3.11,2482
164163,Twitches (2005),2005,3.11,104
102378,Syrup (2013),2013,3.11,86
114439,"November Man, The (2014)",2014,3.11,503
8003,Bedlam (1946),1946,3.11,68
39796,Empire of the Wolves (L'empire des loups) (2005),2005,3.11,68
3913,Barenaked in America (1999),1999,3.11,127
96283,Diary of a Wimpy Kid: Dog Days (2012),2012,3.11,177
5611,"Four Feathers, The (2002)",2002,3.11,845
265150,The Humans (2021),2021,3.11,50
6009,"City of Lost Souls, The (Hyôryuu-gai) (2000)",2000,3.11,50
152057,Miles Ahead (2016),2016,3.11,82
171227,How to Be a Latin Lover (2017),2017,3.11,73
210869,My Spy (2020),2020,3.11,192
128542,Wyrmwood (2015),2015,3.11,128
5953,Devils on the Doorstep (Guizi lai le) (2000),2000,3.11,96
47122,John Tucker Must Die (2006),2006,3.11,1373
84189,I Spit on Your Grave (2010),2010,3.11,586
426,Body Snatchers (1993),1993,3.11,3389
169164,Song to Song (2017),2017,3.11,188
118970,Redirected (2014),2014,3.11,133
59107,"Life Before Her Eyes, The (2007)",2007,3.11,156
86233,New Kids Turbo (2010),2010,3.11,101
280236,Spirited (2022),2022,3.11,124
88,Black Sheep (1996),1996,3.11,5419
197663,Happy Death Day 2U (2019),2019,3.11,653
61262,Mirrors (2008),2008,3.11,989
50886,Five Fingers (2006),2006,3.11,69
173161,Kidnap (2017),2017,3.11,138
2263,"Seventh Sign, The (1988)",1988,3.11,1473
6520,Knights of the Round Table (1953),1953,3.11,60
140525,Secret in Their Eyes (2015),2015,3.11,240
5285,Lucky Break (2001),2001,3.11,60
102481,"Internship, The (2013)",2013,3.11,2235
31251,Iceman (1984),1984,3.11,194
102469,Wish You Were Here (2012),2012,3.11,51
8130,"Girl Next Door, The (1999)",1999,3.11,144
152079,London Has Fallen (2016),2016,3.11,1344
2441,"Hi-Lo Country, The (1998)",1998,3.11,205
205064,Driven (2019),2019,3.11,56
4771,Hardball (2001),2001,3.11,588
32314,Incident at Loch Ness (2004),2004,3.11,98
1801,"Man in the Iron Mask, The (1998)",1998,3.11,7215
7362,Taking Lives (2004),2004,3.11,1445
4829,Lady in a Cage (1964),1964,3.11,94
93287,"Big Year, The (2011)",2011,3.11,442
253138,Fear Street Part One: 1994 (2021),2021,3.11,339
72224,Gentlemen Broncos (2009),2009,3.11,184
2430,Mighty Joe Young (1949),1949,3.11,958
5332,"Aviator, The (1985)",1985,3.11,85
78105,Prince of Persia: The Sands of Time (2010),2010,3.11,4236
6883,Sylvia (2003),2003,3.11,271
113,Before and After (1996),1996,3.11,1099
3249,"Hand That Rocks the Cradle, The (1992)",1992,3.1,2858
3817,"Other Side of Sunday, The (Søndagsengler) (1996)",1996,3.1,81
8929,Black Beauty (1971),1971,3.1,105
8605,Taxi 3 (2003),2003,3.1,640
224463,Alone (2020),2020,3.1,86
406,Federal Hill (1994),1994,3.1,67
2960,Beefcake (1999),1999,3.1,91
5572,Barbershop (2002),2002,3.1,1883
39231,Elizabethtown (2005),2005,3.1,1712
453,For Love or Money (1993),1993,3.1,988
63,Don't Be a Menace to South Central While Drinking Your Juice in the Hood (1996),1996,3.1,2696
91416,Miss Bala (2011),2011,3.1,72
5065,"Mothman Prophecies, The (2002)",2002,3.1,3634
136343,Scooby-Doo! And the Legend of the Vampire (2003),2003,3.1,77
3103,Stanley & Iris (1990),1990,3.1,424
8696,Breezy (1973),1973,3.1,53
7697,"Prince and the Showgirl, The (1957)",1957,3.1,106
100581,Room 237 (2012),2012,3.1,348
153794,Camaraderie (2008),2008,3.1,58
96897,Bleach: Fade to Black (Bur&#299;chi Fade to Black Kimi no Na o Yobu) (2008),2008,3.1,58
184931,Death Wish (2018),2018,3.1,421
221548,On the Rocks,,3.1,223
110718,Fading Gigolo (2013),2013,3.1,199
2709,Muppets From Space (1999),1999,3.1,2044
109372,About Last Night (2014),2014,3.1,102
60397,Mamma Mia! (2008),2008,3.1,4208
8922,Epidemic (1988),1988,3.1,107
275433,Crimes of the Future (2022),2022,3.1,253
1355,Nightwatch (1997),1997,3.1,883
3285,"Beach, The (2000)",2000,3.1,8144
98279,"Fantastic Fear of Everything, A (2012)",2012,3.1,171
1483,Crash (1996),1996,3.1,3232
2582,Twin Dragons (Shuang long hui) (1992),1992,3.1,599
165101,Inferno (2016),2016,3.1,1336
90738,"Double, The (2011)",2011,3.1,290
279414,Black Panther: Wakanda Forever (2022),2022,3.1,743
162348,The 9th Life of Louis Drax (2016),2016,3.1,64
191479,Smallfoot (2018),2018,3.1,256
32395,Attack of the Mushroom People (Matango) (1963),1963,3.1,64
89321,"Future, The (2011)",2011,3.1,138
2316,Practical Magic (1998),1998,3.1,3293
3717,Gone in 60 Seconds (2000),2000,3.1,13937
131248,Brother Bear 2 (2006),2006,3.1,242
172455,Beatriz at Dinner (2017),2017,3.1,84
32392,800 Bullets (800 Balas) (2002),2002,3.1,84
185,"Net, The (1995)",1995,3.1,25669
5216,"Pepi, Luci, Bom (Pepi, Luci, Bom y Otras Chicas del Montón) (1980)",1980,3.1,89
1541,Addicted to Love (1997),1997,3.1,2245
1919,Madeline (1998),1998,3.1,945
1000,Curdled (1996),1996,3.1,233
980,"Yes, Madam (a.k.a. Police Assassins) (a.k.a. In the Line of Duty 2) (Huang gu shi jie) (1985)",1985,3.1,144
4010,Brewster's Millions (1985),1985,3.1,2082
88785,"Change-Up, The (2011)",2011,3.1,1264
1371,Star Trek: The Motion Picture (1979),1979,3.1,10727
27152,Pitkä kuuma kesä (1999),1999,3.1,105
5517,Nightcap (Merci pour le chocolat) (2000),2000,3.1,85
3853,"Tic Code, The (1998)",1998,3.1,55
4408,September (1987),1987,3.1,175
80775,Tamara Drewe (2010),2010,3.1,200
79226,"Good Guy, The (2009)",2009,3.1,85
176551,The Limehouse Golem (2017),2017,3.1,145
140160,Descendants (2015),2015,3.1,225
74475,"Headless Woman, The (Mujer sin cabeza, La) (2008)",2008,3.1,80
183077,Cold Skin (2017),2017,3.1,95
1896,Cousin Bette (1998),1998,3.1,280
1661,Switchback (1997),1997,3.1,682
32213,Cube Zero (2004),2004,3.1,1135
107436,Haunter (2013),2013,3.1,181
4893,When a Stranger Calls (1979),1979,3.1,302
724,"Craft, The (1996)",1996,3.1,9590
4808,"Vanishing, The (1993)",1993,3.1,717
90343,Footloose (2011),2011,3.1,420
3497,Max Dugan Returns (1983),1983,3.1,415
84880,"Infidel, The (2010)",2010,3.1,71
297,Panther (1995),1995,3.1,264
3776,Melody Time (1948),1948,3.1,198
2561,True Crime (1999),1999,3.1,1266
114044,Honeymoon (2014),2014,3.1,234
40959,"Ice Harvest, The (2005)",2005,3.1,668
6070,Tokyo Decadence (Topâzu) (1992),1992,3.1,102
130050,Digging Up the Marrow (2014),2014,3.1,51
198153,The Beach Bum (2019),2019,3.1,194
6260,"Robe, The (1953)",1953,3.1,194
127084,Suicide Room (2011),2011,3.1,92
1128,"Fog, The (1980)",1980,3.1,2253
31420,Assault on Precinct 13 (2005),2005,3.1,1624
827,"Convent, The (O Convento) (1995)",1995,3.1,164
94675,Three Steps Above Heaven (2010),2010,3.1,82
2061,Full Tilt Boogie (1997),1997,3.1,144
76077,Hot Tub Time Machine (2010),2010,3.1,4203
66509,Funny People (2009),2009,3.1,1888
72330,"Private Lives of Pippa Lee, The (2009)",2009,3.1,129
269582,Dual (2022),2022,3.1,62
115949,An American Tail: The Mystery of the Night Monster (1999),1999,3.1,93
161958,Joshy (2016),2016,3.1,62
4080,Baby Boom (1987),1987,3.1,829
55110,December Boys (2007),2007,3.1,114
652,"301, 302 (301/302) (1995)",1995,3.1,83
6156,Shanghai Knights (2003),2003,3.1,4641
162730,The Whole Truth (2016),2016,3.1,156
172535,High Security Vacation (2009),2009,3.1,78
5399,River of No Return (1954),1954,3.1,156
148956,How to Be Single (2016),2016,3.1,640
5002,Fritz the Cat (1972),1972,3.1,568
72787,Doghouse (2009),2009,3.1,167
131013,Get Hard (2015),2015,3.1,1452
2320,Apt Pupil (1998),1998,3.1,1954
200982,Guava Island (2019),2019,3.1,89
7719,"Comedy of Terrors, The (1964)",1964,3.1,89
217905,Shirley (2020),2020,3.1,110
265468,Being the Ricardos (2021),2021,3.1,173
4521,Little Nikita (1988),1988,3.1,194
39777,Tarzan the Ape Man (1932),1932,3.1,63
108797,Flowers in the Attic (2014),2014,3.1,63
131017,Aziz Ansari: Live at Madison Square Garden (2015),2015,3.1,63
972,"Last Time I Saw Paris, The (1954)",1954,3.1,126
116219,Tinker Bell and the Lost Treasure (2009),2009,3.1,163
134393,Trainwreck (2015),2015,3.09,1969
184,Nadja (1994),1994,3.09,348
5301,Bite the Bullet (1975),1975,3.09,95
184471,Tomb Raider (2018),2018,3.09,1494
67252,Ong-Bak 2: The Beginning (Ong Bak 2) (2008),2008,3.09,280
874,Killer: A Journal of Murder (1995),1995,3.09,74
32058,Class Action (1991),1991,3.09,185
60040,"Incredible Hulk, The (2008)",2008,3.09,7884
47640,Beerfest (2006),2006,3.09,1593
5078,Falling in Love (1984),1984,3.09,180
1475,Kama Sutra: A Tale of Love (1996),1996,3.09,816
74131,Extraordinary Measures (2010),2010,3.09,159
6469,Cahill U.S. Marshal (Cahill: United States Marshal) (Wednesday Morning) (1973),1973,3.09,106
91353,Asterix in America (a.k.a Asterix Conquers America) (Astérix et les Indiens) (1994),1994,3.09,106
80864,You Will Meet a Tall Dark Stranger (2010),2010,3.09,483
104303,Jobs (2013),2013,3.09,791
442,Demolition Man (1993),1993,3.09,20850
7012,Mr. Destiny (1990),1990,3.09,319
221488,Ammonite (2020),2020,3.09,117
96700,360 (2011),2011,3.09,96
4231,Someone Like You (2001),2001,3.09,1275
93272,Dr. Seuss' The Lorax (2012),2012,3.09,1698
5829,Men with Brooms (2002),2002,3.09,235
8956,Enduring Love (2004),2004,3.09,187
128604,Knight of Cups (2015),2015,3.09,246
830,"First Wives Club, The (1996)",1996,3.09,6921
31664,Gorgeous (Boh lee chun) (1999),1999,3.09,91
136798,Let Us Prey (2014),2014,3.09,91
1463,That Old Feeling (1997),1997,3.09,364
68205,Crank: High Voltage (2009),2009,3.09,2442
7197,Ransom (a.k.a. The Terrorists) (1975),1975,3.09,59
8896,I Married a Monster from Outer Space (1958),1958,3.09,59
54378,Man's Job (Miehen työ) (2007),2007,3.09,59
195161,Mary Poppins Returns (2018),2018,3.09,687
204542,It: Chapter Two (2019),2019,3.09,1546
135534,Krampus (2015),2015,3.09,655
55232,Resident Evil: Extinction (2007),2007,3.09,3694
104312,"Mortal Instruments: City of Bones, The (2013)",2013,3.09,753
8911,Raise Your Voice (2004),2004,3.09,425
103042,Man of Steel (2013),2013,3.09,7372
257751,Malignant (2021),2021,3.09,394
201662,The Last Summer (2019),2019,3.09,54
3428,"Champ, The (1979)",1979,3.09,335
1135,Private Benjamin (1980),1980,3.09,4124
105742,"Fifth Estate, The (2013)",2013,3.09,292
117511,Hello Ladies: The Movie (2014),2014,3.09,76
119141,The Interview (2014),2014,3.09,4379
86982,Destroy All Monsters (Kaijû sôshingeki) (1968),1968,3.09,87
3528,"Prince of Tides, The (1991)",1991,3.09,1795
158830,The BFG (2016),2016,3.09,827
3144,"Glass Bottom Boat, The (1966)",1966,3.09,268
59709,"Oxford Murders, The (2007)",2007,3.09,368
2247,Married to the Mob (1988),1988,3.09,2209
42385,Yamakasi - Les samouraïs des temps modernes (2001),2001,3.09,132
7408,Jack and the Beanstalk (1952),1952,3.09,66
114760,Happy Christmas (2014),2014,3.09,110
194969,Adam Sandler: 100% Fresh (2018),2018,3.09,66
55250,"Game Plan, The (2007)",2007,3.09,693
3413,Impact (1949),1949,3.09,55
78245,Romeo and Juliet (1936),1936,3.09,55
60,"Indian in the Cupboard, The (1995)",1995,3.09,6708
138212,Spectral (2016),2016,3.09,658
26558,"Stuff, The (1985)",1985,3.09,260
134569,She's Funny That Way (2015),2015,3.09,166
59404,Meet Bill (2007),2007,3.09,227
185977,Bad Samaritan (2018),2018,3.09,144
231971,Let Them All Talk (2020),2020,3.09,72
115381,"Alexander and the Terrible, Horrible, No Good, Very Bad Day (2014)",2014,3.09,266
1795,"Callejón de los milagros, El (1995)",1995,3.09,61
2453,"Boy Who Could Fly, The (1986)",1986,3.09,1237
169256,Lovesong (2017),2017,3.09,50
4941,Flash Gordon (1980),1980,3.09,2002
139052,Dark Places (2015),2015,3.09,245
26488,"Star Chamber, The (1983)",1983,3.09,156
99,Heidi Fleiss: Hollywood Madam (1995),1995,3.09,732
60471,Rogue (2007),2007,3.09,246
108,Catwalk (1996),1996,3.09,123
1018,That Darn Cat! (1965),1965,3.09,1275
1769,"Replacement Killers, The (1998)",1998,3.09,2872
5723,Continental Divide (1981),1981,3.09,252
32659,Tanguy (2001),2001,3.09,73
1457,Fools Rush In (1997),1997,3.09,3077
6810,Sleeping with the Enemy (1991),1991,3.09,1457
59256,Deception (2008),2008,3.09,344
4018,What Women Want (2000),2000,3.09,14132
2875,Sommersby (1993),1993,3.09,2123
39435,"Legend of Zorro, The (2005)",2005,3.09,2575
74486,$9.99 (2008),2008,3.09,85
183151,Anna and the Apocalypse (2017),2017,3.09,136
26199,Alice's Restaurant (1969),1969,3.09,153
92307,W.E. (2011),2011,3.09,51
220170,Psych 2: Lassie Come Home (2020),2020,3.09,51
56079,Smiley Face (2007),2007,3.09,295
51086,"Number 23, The (2007)",2007,3.09,3673
114795,Dracula Untold (2014),2014,3.09,1814
95182,Dragon Ball Z the Movie: The Tree of Might (Doragon bôru Z 3: Chikyû marugoto chô kessen) (1990),1990,3.09,91
3732,"Fury, The (1978)",1978,3.09,495
62733,Quarantine (2008),2008,3.09,905
47503,2:37 (2006),2006,3.09,74
7275,Uptown Saturday Night (1974),1974,3.09,74
72489,Ninja Assassin (2009),2009,3.09,901
3886,Steal This Movie! (2000),2000,3.09,211
92422,"Woman in Black, The (2012)",2012,3.09,1523
3784,"Kid, The (2000)",2000,3.09,1860
115071,Jackass Presents: Bad Grandpa .5 (2014),2014,3.09,97
202,Total Eclipse (1995),1995,3.09,480
69069,Fired Up (2009),2009,3.09,458
6413,"Electric Horseman, The (1979)",1979,3.09,344
253332,Annette (2021),2021,3.09,132
706,Sunset Park (1996),1996,3.09,253
3619,"Hollywood Knights, The (1980)",1980,3.09,288
8617,Butterfield 8 (1960),1960,3.09,121
789,"I, the Worst of All (Yo, la peor de todas) (1990)",1990,3.09,52
87205,"Tunnel, The (2011)",2011,3.09,156
95744,2 Days in New York (2012),2012,3.09,191
182,Moonlight and Valentino (1995),1995,3.09,695
2860,Blue Streak (1999),1999,3.09,2271
174645,Churchill (2017),2017,3.09,58
61248,Death Race (2008),2008,3.09,2483
199075,Gloria Bell (2019),2019,3.09,93
85874,L: Change the World (2008),2008,3.09,93
7930,"People Under the Stairs, The (1991)",1991,3.09,419
100326,Stand Up Guys (2012),2012,3.09,303
3827,Space Cowboys (2000),2000,3.09,6266
516,Renaissance Man (1994),1994,3.09,3507
136016,The Good Dinosaur (2015),2015,3.09,1514
170961,Resident Evil: Vendetta (2017),2017,3.09,135
96121,Hope Springs (2012),2012,3.09,329
179333,Veronica (2017),2017,3.09,241
47805,Lassie (2005),2005,3.08,100
169028,Berlin Syndrome (2017),2017,3.08,153
869,Kansas City (1996),1996,3.08,577
5984,"Story of O, The (Histoire d'O) (1975)",1975,3.08,159
70726,Adoration (2008),2008,3.08,59
104392,Four Flies on Grey Velvet (1971),1971,3.08,59
3269,Forever Young (1992),1992,3.08,3452
93805,Iron Sky (2012),2012,3.08,1181
84957,"Tempest, The (2010)",2010,3.08,71
25959,Annie Get Your Gun (1950),1950,3.08,77
2101,Squanto: A Warrior's Tale (1994),1994,3.08,160
195,Something to Talk About (1995),1995,3.08,3250
2702,Summer of Sam (1999),1999,3.08,3334
1030,Pete's Dragon (1977),1977,3.08,3502
118706,Black Sea (2015),2015,3.08,238
26684,Frankenhooker (1990),1990,3.08,119
4052,Antitrust (2001),2001,3.08,2234
49347,Fast Food Nation (2006),2006,3.08,611
283,New Jersey Drive (1995),1995,3.08,240
155595,The Confirmation (2016),2016,3.08,54
188753,Unfriended: Dark Web (2018),2018,3.08,204
276511,Incantation (2022),2022,3.08,54
156903,The Waiting (2016),2016,3.08,120
36523,Margaret Cho: Assassin (2005),2005,3.08,60
81083,Kaboom (2010),2010,3.08,156
4060,Love Field (1992),1992,3.08,102
42734,Hoodwinked! (2005),2005,3.08,1849
8965,"Polar Express, The (2004)",2004,3.08,5073
179709,Wonder Wheel (2017),2017,3.08,169
59915,Stuck (2007),2007,3.08,151
1010,"Love Bug, The (1969)",1969,3.08,2699
49647,Charlotte's Web (2006),2006,3.08,914
99968,Ginger & Rosa (2012),2012,3.08,97
26010,Carousel (1956),1956,3.08,91
2262,About Last Night... (1986),1986,3.08,2357
3755,"Perfect Storm, The (2000)",2000,3.08,12771
4242,Beautiful Creatures (2000),2000,3.08,231
59399,Blind Dating (2006),2006,3.08,73
7314,Robot Stories (2003),2003,3.08,73
8362,Raising Helen (2004),2004,3.08,779
1098,"Search for One-eye Jimmy, The (1996)",1996,3.08,140
25736,Dr. Jekyll and Mr. Hyde (1920),1920,3.08,67
175231,Annie (1999),1999,3.08,61
100507,21 and Over (2013),2013,3.08,446
134182,Holiday (2014),2014,3.08,55
132173,Adult Beginners (2015),2015,3.08,55
70032,Visioneers (2008),2008,3.08,165
520,Robin Hood: Men in Tights (1993),1993,3.08,16363
197689,Polar (2019),2019,3.08,483
169992,Free Fire (2017),2017,3.08,416
52806,Tales from Earthsea (Gedo Senki) (2006),2006,3.08,529
109569,3 Days to Kill (2014),2014,3.08,523
130075,Frozen Fever (2015),2015,3.08,370
2792,Airplane II: The Sequel (1982),1982,3.08,4871
83601,Amer (2009),2009,3.08,68
3537,Where the Money Is (2000),2000,3.08,285
215711,The Sputnik (2020),2020,3.08,217
250,Heavyweights (Heavy Weights) (1995),1995,3.08,1105
2877,Tommy (1975),1975,3.08,1848
5872,Die Another Day (2002),2002,3.08,8376
110297,Muppets Most Wanted (2014),2014,3.08,405
4344,Swordfish (2001),2001,3.08,8656
1543,"Designated Mourner, The (1997)",1997,3.08,75
6176,Mr. Majestyk (1974),1974,3.08,157
169764,Personal Shopper (2016),2016,3.08,371
206805,In the Shadow of the Moon (2019),2019,3.08,340
3765,"Hot Spot, The (1990)",1990,3.08,359
85885,Room in Rome (Habitación en Roma) (2010),2010,3.08,252
168,First Knight (1995),1995,3.08,12664
5486,Who Is Cletis Tout? (2001),2001,3.08,145
2086,One Magic Christmas (1985),1985,3.08,221
59382,Flight of the Red Balloon (2007),2007,3.08,76
237262,Below Zero (2021),2021,3.08,57
2014,Freaky Friday (1977),1977,3.08,1996
8885,"Sentinel, The (1977)",1977,3.08,146
5081,Birthday Girl (2001),2001,3.08,762
108599,"Banshee Chapter, The (2013)",2013,3.08,102
5615,Invincible (2001),2001,3.08,134
196893,Cold Pursuit (2019),2019,3.08,345
84950,Take Me Home Tonight (2011),2011,3.08,371
151311,Wiener-Dog (2016),2016,3.08,128
69842,Good Dick (2008),2008,3.08,96
206845,The Laundromat (2019),2019,3.08,365
63181,Tokyo Gore Police (Tôkyô zankoku keisatsu) (2008),2008,3.08,173
159077,The Meddler (2016),2016,3.08,109
5696,Urban Cowboy (1980),1980,3.08,545
90719,J. Edgar (2011),2011,3.08,945
89060,Cold Prey (Fritt Vilt) (2006),2006,3.08,135
7035,Streets of Fire (1984),1984,3.08,296
177883,Jerry Before Seinfeld (2017),2017,3.08,110
115879,Toy Story Toons: Small Fry (2011),2011,3.08,123
62437,W. (2008),2008,3.08,817
95,Broken Arrow (1996),1996,3.08,23156
268732,Scream (2022),2022,3.08,416
99367,Holiday in Handcuffs (2007),2007,3.08,52
76709,Spider-Man: The Ultimate Villain Showdown (2002),2002,3.08,52
8860,Cellular (2004),2004,3.08,1951
52005,Jindabyne (2006),2006,3.08,111
1363,"Preacher's Wife, The (1996)",1996,3.08,1752
7450,Laws of Attraction (2004),2004,3.08,674
250364,Tides (2021),2021,3.08,59
101097,Phantom (2013),2013,3.08,99
550,Threesome (1994),1994,3.08,3378
4201,"End, The (1978)",1978,3.08,192
3805,Knightriders (1981),1981,3.08,159
141950,6 Years (2015),2015,3.08,73
180261,The Bookshop (2017),2017,3.08,93
4481,"Boost, The (1988)",1988,3.08,80
4446,Final Fantasy: The Spirits Within (2001),2001,3.07,8137
80858,You Again (2010),2010,3.07,388
67408,Monsters vs. Aliens (2009),2009,3.07,3406
7026,Summer School (1987),1987,3.07,569
2770,Bowfinger (1999),1999,3.07,10147
190739,UFO (2018),2018,3.07,67
5733,"Eyewitness (Janitor, The) (1981)",1981,3.07,94
1856,Kurt & Courtney (1998),1998,3.07,638
150776,Tag (2015),2015,3.07,101
804,She's the One (1996),1996,3.07,2276
91128,"Rum Diary, The (2011)",2011,3.07,810
223830,Unpregnant (2020),2020,3.07,54
174549,Mutafukaz (2017),2017,3.07,81
81512,Hereafter (2010),2010,3.07,682
3029,Nighthawks (1981),1981,3.07,865
50804,Hannibal Rising (2007),2007,3.07,1576
93831,American Reunion (American Pie 4) (2012),2012,3.07,1651
34065,Billion Dollar Brain (1967),1967,3.07,88
6432,"Courtship of Eddie's Father, The (1963)",1963,3.07,88
94266,"Five-Year Engagement, The (2012)",2012,3.07,962
117194,Dolphin Tale 2 (2014),2014,3.07,61
99047,Chained (2012),2012,3.07,122
1824,Homegrown (1998),1998,3.07,488
3531,All the Vermeers in New York (1990),1990,3.07,136
6750,Anything Else (2003),2003,3.07,655
6619,Uptown Girls (2003),2003,3.07,994
102905,Lovelace (2013),2013,3.07,247
2195,Dirty Work (1998),1998,3.07,1318
8905,1492: Conquest of Paradise (1992),1992,3.07,515
3534,28 Days (2000),2000,3.07,5357
4409,Shadows and Fog (1991),1991,3.07,420
6966,Darkman (1990),1990,3.07,1784
50792,Catch and Release (2006),2006,3.07,538
99415,Parental Guidance (2012),2012,3.07,138
4025,Miss Congeniality (2000),2000,3.07,15462
201316,The Souvenir (2019),2019,3.07,145
195045,The Wind (2018),2018,3.07,76
106540,Delivery Man (2013),2013,3.07,539
59273,Delirious (2006),2006,3.07,90
131389,Sabrina the Teenage Witch (1996),1996,3.07,90
27751,'Salem's Lot (2004),2004,3.07,187
99910,"Last Stand, The (2013)",2013,3.07,984
32596,Sahara (2005),2005,3.07,2461
69275,Dead Snow (Død snø) (2009),2009,3.07,861
117434,Starry Eyes (2014),2014,3.07,245
279562,Hellraiser (2022),2022,3.07,155
3049,How I Won the War (1967),1967,3.07,240
4093,Cop (1988),1988,3.07,113
178323,Gaga: Five Foot Two (2017),2017,3.07,92
27509,Carolina (2005),2005,3.07,85
270346,Kimi (2022),2022,3.07,227
2613,Night of the Comet (1984),1984,3.07,1639
8361,"Day After Tomorrow, The (2004)",2004,3.07,14428
53988,Evening (2007),2007,3.07,178
7913,"Whip and the Body, The (Frusta e il corpo, La) (1963)",1963,3.07,57
101893,To the Wonder (2013),2013,3.07,222
157961,Synchronicity (2015),2015,3.07,208
5924,Barbarosa (1982),1982,3.07,79
707,Mulholland Falls (1996),1996,3.07,4672
5025,Orange County (2002),2002,3.07,2930
54116,First Snow (2006),2006,3.07,144
77810,Diary of a Nymphomaniac (Diario de una Ninfómana) (2008),2008,3.07,72
141714,Queen of Earth (2015),2015,3.07,72
68791,Terminator Salvation (2009),2009,3.07,5805
57843,Rise of the Footsoldier (2007),2007,3.07,65
188311,Ideal Home (2018),2018,3.07,58
2094,"Rocketeer, The (1991)",1991,3.07,7362
46972,Night at the Museum (2006),2006,3.07,8711
147726,Criminal Activities (2015),2015,3.07,51
1642,Indian Summer (a.k.a. Alive & Kicking) (1996),1996,3.07,681
313,"Swan Princess, The (1994)",1994,3.07,1494
8004,Planet of the Vampires (Terrore nello spazio) (1965),1965,3.07,110
3399,Sesame Street Presents Follow That Bird (1985),1985,3.07,594
41425,"Dying Gaul, The (2005)",2005,3.07,66
118814,Playing It Cool (2014),2014,3.07,147
2581,Never Been Kissed (1999),1999,3.07,8368
8787,Thunderbirds Are GO (1966),1966,3.07,81
131714,Last Knights (2015),2015,3.07,273
33646,"Longest Yard, The (2005)",2005,3.07,3235
2520,Airport (1970),1970,3.07,1588
580,Princess Caraboo (1994),1994,3.07,569
532,Serial Mom (1994),1994,3.07,6200
2688,"General's Daughter, The (1999)",1999,3.07,6120
6384,Love the Hard Way (2001),2001,3.07,52
5929,"Party 2, The (Boum 2, La) (1982)",1982,3.07,67
4219,Girls Just Want to Have Fun (1985),1985,3.07,529
3525,Bachelor Party (1984),1984,3.07,2072
170401,Table 19 (2017),2017,3.07,224
4313,"Man Who Cried, The (2000)",2000,3.07,329
96726,Lola Versus (2012),2012,3.07,60
1434,"Stranger, The (1994)",1994,3.07,60
54958,Bordertown (2006),2006,3.07,60
3696,Night of the Creeps (1986),1986,3.07,601
170293,Lilo & Stitch 2: Stitch has a Glitch (2005),2005,3.07,136
136483,Prep & Landing (2009),2009,3.07,53
158260,A Hologram for the King (2015),2015,3.07,311
3649,American Gigolo (1980),1980,3.07,1518
6505,Ed and His Dead Mother (1993),1993,3.07,76
4751,"Hunter, The (1980)",1980,3.07,99
5972,"Road to Hong Kong, The (1962)",1962,3.07,61
7625,Girl (1998),1998,3.07,61
151739,Dirty Grandpa (2016),2016,3.07,888
90268,Hell (2011),2011,3.07,92
224276,Over the Moon (2020),2020,3.07,138
5076,"Adventures of Huck Finn, The (1993)",1993,3.07,499
100717,"Oranges, The (2011)",2011,3.06,77
146604,Naomi and Ely's No Kiss List (2015),2015,3.06,77
1829,Chinese Box (1997),1997,3.06,285
261759,Red Notice (2021),2021,3.06,895
227,Drop Zone (1994),1994,3.06,4689
84696,Burke and Hare (2010),2010,3.06,240
2123,All Dogs Go to Heaven (1989),1989,3.06,3106
133143,Barbie and the Diamond Castle (2008),2008,3.06,70
58025,Jumper (2008),2008,3.06,5964
107563,"Princess for Christmas, A (2011)",2011,3.06,55
101260,StarStruck (2010),2010,3.06,165
66691,"Thick as Thieves (a.k.a. Code, The) (2009)",2009,3.06,244
2628,Star Wars: Episode I - The Phantom Menace (1999),1999,3.06,37973
5262,Mr. Sardonicus (1961),1961,3.06,63
152976,Forsaken (2016),2016,3.06,79
239428,Barb and Star Go to Vista Del Mar (2021),2021,3.06,166
3053,"Messenger: The Story of Joan of Arc, The (1999)",1999,3.06,2919
4767,Abbott and Costello Meet the Mummy (1955),1955,3.06,421
4689,"Cat o' Nine Tails, The (Gatto a nove code, Il) (1971)",1971,3.06,143
141676,Joseph: King of Dreams (2000),2000,3.06,151
82378,All Good Things (2010),2010,3.06,407
223826,The Broken Hearts Gallery (2020),2020,3.06,56
109183,Date and Switch (2014),2014,3.06,64
2226,"Ring, The (1927)",1927,3.06,96
80083,Dragon Ball Z: Dead Zone (Doragon bôru Z 1: Ora no Gohan wo kaese) (1989),1989,3.06,112
7168,Secret Things (Choses secrètes) (2002),2002,3.06,96
1455,Hotel de Love (1996),1996,3.06,177
4608,"Innocent Man, An (1989)",1989,3.06,153
94841,Hick (2011),2011,3.06,137
2447,Varsity Blues (1999),1999,3.06,3194
5664,Brown Sugar (2002),2002,3.06,226
71823,"New York, I Love You (2009)",2009,3.06,396
27180,Joan of Arc (1999),1999,3.06,122
162594,Morgan (2016),2016,3.06,342
60133,Brick Lane (2007),2007,3.06,57
5451,Pumpkin (2002),2002,3.06,538
88812,30 Minutes or Less (2011),2011,3.06,1168
34645,Race with the Devil (1975),1975,3.06,90
1422,Murder at 1600 (1997),1997,3.06,3054
45382,Down in the Valley (2005),2005,3.06,280
6850,Leap of Faith (1992),1992,3.06,585
8698,"Comfort of Strangers, The (1990)",1990,3.06,99
63001,Admiral (2008),2008,3.06,83
43009,"Ordeal, The (Calvaire) (2004)",2004,3.06,108
166532,Live by Night (2017),2017,3.06,216
6243,Ringu 2 (Ring 2) (1999),1999,3.06,466
170937,Win It All (2017),2017,3.06,75
136926,Gemma Bovery (2014),2014,3.06,50
156025,Ice Age: The Great Egg-Scapade (2016),2016,3.06,100
8540,Back to Bataan (1945),1945,3.06,67
5946,"Pellet (Bola, El) (2000)",2000,3.06,67
5,Father of the Bride Part II (1995),1995,3.06,13154
6593,Freaky Friday (2003),2003,3.06,5829
102245,Small Apartments (2012),2012,3.06,76
185975,Fast Color (2018),2018,3.06,93
198703,High Flying Bird (2019),2019,3.06,93
5506,Blood Work (2002),2002,3.06,1226
2416,Back to School (1986),1986,3.06,2913
27905,Casshern (2004),2004,3.06,314
51182,Salon Kitty (1976),1976,3.06,51
114680,Rigor Mortis (Geung si) (2013),2013,3.06,68
97836,Here Comes the Boom (2012),2012,3.06,707
96110,"Campaign, The (2012)",2012,3.06,1517
68135,17 Again (2009),2009,3.06,3678
33801,Godzilla: Final Wars (Gojira: Fainaru uôzu) (2004),2004,3.06,77
275091,Jackass 4.5 (2022),2022,3.06,77
56171,"Golden Compass, The (2007)",2007,3.06,4095
2783,"Tomb of Ligeia, The (1965)",1965,3.06,163
4717,"Battle Creek Brawl (Big Brawl, The) (1980)",1980,3.06,146
45062,"Sentinel, The (2006)",2006,3.06,928
110655,Rio 2 (2014),2014,3.06,748
58806,Smart People (2008),2008,3.06,456
7439,"Punisher, The (2004)",2004,3.06,3150
259,Kiss of Death (1995),1995,3.06,2057
53143,Fay Grim (2006),2006,3.06,95
65088,Bedtime Stories (2008),2008,3.06,1693
3274,Single White Female (1992),1992,3.06,3007
109472,Grand Piano (2013),2013,3.06,147
140383,Van Helsing: The London Assignment (2004),2004,3.06,52
6841,Article 99 (1992),1992,3.06,78
192,The Show (1995),1995,3.06,78
152037,Grease Live (2016),2016,3.06,113
165859,Marvel One-Shot: The Consultant (2011),2011,3.06,87
96415,Doomsday Book (2012),2012,3.06,61
4331,Semi-Tough (1978),1978,3.06,236
100737,Snitch (2013),2013,3.06,385
730,Low Life (1994),1994,3.06,70
66943,"Cottage, The (2008)",2008,3.06,105
4864,Titanica (1992),1992,3.06,114
144734,Freaks of Nature (2015),2015,3.06,114
5203,The Monster Club (1981),1981,3.06,79
97757,'Hellboy': The Seeds of Creation (2004),2004,3.06,115
113313,"Den, The (2013)",2013,3.06,115
4155,Sweet November (2001),2001,3.06,2004
8626,Dr. Terror's House of Horrors (1965),1965,3.06,89
133869,MI-5 (2015),2015,3.06,98
193956,The Grinch (2018),2018,3.06,473
4256,"Center of the World, The (2001)",2001,3.06,268
75395,Frozen (2010),2010,3.06,593
184469,Chris Rock: Tamborine (2018),2018,3.06,108
5431,Goin' South (1978),1978,3.06,171
279334,Bros (2022),2022,3.06,117
82053,Casino Jack (2010),2010,3.06,207
61312,Noise (2007),2007,3.06,54
1926,"Broadway Melody, The (1929)",1929,3.06,216
7203,Final Cut (1998),1998,3.06,54
40966,"Libertine, The (2004)",2004,3.06,615
6597,"Princess Blade, The (Shura Yukihime) (2001)",2001,3.06,154
6326,City of Ghosts (2002),2002,3.06,127
80094,"Last Exorcism, The (2010)",2010,3.06,508
67186,"Haunting in Connecticut, The (2009)",2009,3.06,563
168348,Headshot (2016),2016,3.05,82
4287,Paris When It Sizzles (1964),1964,3.05,156
3620,"Myth of Fingerprints, The (1997)",1997,3.05,249
3756,"Golden Bowl, The (2000)",2000,3.05,259
97908,"Babysitters, The (2007)",2007,3.05,111
276317,Minions: The Rise of Gru (2022),2022,3.05,287
138808,"The Death of ""Superman Lives"": What Happened? (2015)",2015,3.05,65
3876,Jerry and Tom (1998),1998,3.05,65
46912,Memento Mori (Yeogo goedam II) (1999),1999,3.05,56
44295,"Man Who Sued God, The (2001)",2001,3.05,56
110070,From Within (2008),2008,3.05,56
303,"Quick and the Dead, The (1995)",1995,3.05,7435
6257,I Am Curious (Yellow) (Jag är nyfiken - en film i gult) (1967),1967,3.05,131
2844,"Minus Man, The (1999)",1999,3.05,574
193175,Mowgli (2018),2018,3.05,264
4838,D.O.A. (1980),1980,3.05,85
271194,No Exit (2022),2022,3.05,85
81140,6 Souls (Shelter) (2010),2010,3.05,208
503,"New Age, The (1994)",1994,3.05,142
2179,Topaz (1969),1969,3.05,445
88589,Messiah of Evil (1973),1973,3.05,57
161584,Southside With You (2016),2016,3.05,67
434,Cliffhanger (1993),1993,3.05,25769
61160,Star Wars: The Clone Wars (2008),2008,3.05,2284
7782,Sniper (1993),1993,3.05,446
53127,Bug (2007),2007,3.05,421
193451,Lords of Chaos (2018),2018,3.05,98
41753,8 Million Ways to Die (1986),1986,3.05,59
59721,"Grand, The (2007)",2007,3.05,118
2651,Frankenstein Meets the Wolf Man (1943),1943,3.05,453
3490,Horror Express (1972),1972,3.05,197
82202,"Tourist, The (2010)",2010,3.05,2685
2723,Mystery Men (1999),1999,3.05,8940
2717,Ghostbusters II (1989),1989,3.05,10171
451,Flesh and Bone (1993),1993,3.05,639
119563,12 Dates of Christmas (2011),2011,3.05,60
162590,Bridget Jones's Baby (2016),2016,3.05,632
270526,The Lost City (2022),2022,3.05,462
3714,Clara's Heart (1988),1988,3.05,221
233555,The Little Things (2021),2021,3.05,392
133167,Barbie as Rapunzel (2002),2002,3.05,131
5555,Wolfen (1981),1981,3.05,323
5113,After the Fox (Caccia alla volpe) (1966),1966,3.05,101
8733,"Nest, The (Nid de Guêpes) (2002)",2002,3.05,81
133151,Barbie and the Three Musketeers (2009),2009,3.05,71
763,"Last of the High Kings, The (a.k.a. Summer Fling) (1996)",1996,3.05,61
59173,"Killer Elite, The (1975)",1975,3.05,61
60405,Ganes (2007),2007,3.05,61
33321,Road House (1948),1948,3.05,51
2252,Hero (1992),1992,3.05,1730
3119,Bay of Blood (a.k.a. Twitch of the Death Nerve) (Reazione a catena) (1971),1971,3.05,164
554,Trial by Jury (1994),1994,3.05,514
6927,"Human Stain, The (2003)",2003,3.05,648
280174,Wendell & Wild (2022),2022,3.05,72
886,Bulletproof (1996),1996,3.05,1855
5663,Below (2002),2002,3.05,436
287609,The Blackening (2023),2023,3.05,52
691,Mrs. Winterbourne (1996),1996,3.05,1231
67788,Confessions of a Shopaholic (2009),2009,3.05,1445
95067,"Thousand Words, A (2012)",2012,3.05,401
119155,Night at the Museum: Secret of the Tomb (2014),2014,3.05,1850
104085,Class of 1999 (1990),1990,3.05,53
190813,Kin (2018),2018,3.05,96
179821,Acts of Vengeance (2017),2017,3.05,64
104441,"Frozen Ground, The (2013)",2013,3.05,395
53996,Transformers (2007),2007,3.05,13390
88879,Gantz (2011),2011,3.05,107
74789,Alice in Wonderland (2010),2010,3.05,9384
179901,Mark Felt: The Man Who Brought Down the White House (2017),2017,3.05,75
32668,Blind Horizon (2003),2003,3.05,75
3474,Retroactive (1997),1997,3.05,161
2325,Orgazmo (1997),1997,3.05,1954
2513,Pet Sematary (1989),1989,3.05,4349
173731,Sweet Virginia (2017),2017,3.05,54
213992,The Coma (2020),2020,3.05,54
225998,The Wolf of Snow Hollow (2020),2020,3.05,162
3860,"Opportunists, The (2000)",2000,3.05,65
78679,"Killer Inside Me, The (2010)",2010,3.05,325
98087,Cockneys vs Zombies (2012),2012,3.05,130
3207,"Snows of Kilimanjaro, The (1952)",1952,3.05,76
119966,Ask Me Anything (2014),2014,3.05,76
58107,Step Up 2 the Streets (2008),2008,3.05,1003
52694,Mr. Bean's Holiday (2007),2007,3.05,1782
47950,Hollywoodland (2006),2006,3.05,547
559,"Paris, France (1993)",1993,3.05,55
193533,Bleach (2018),2018,3.05,66
5249,Spetters (1980),1980,3.05,99
92008,Haywire (2011),2011,3.05,750
1582,Wild America (1997),1997,3.05,509
6347,Beat Street (1984),1984,3.04,100
84395,"Rite, The (2011)",2011,3.04,823
36513,Dirty Deeds (2005),2005,3.04,145
8500,Godzilla vs. Mechagodzilla (Gojira tai Mekagojira) (1974),1974,3.04,67
2142,"American Tail: Fievel Goes West, An (1991)",1991,3.04,2529
108928,"Monuments Men, The (2014)",2014,3.04,1325
82244,13 (2010),2010,3.04,281
48883,Death of a President (2006),2006,3.04,180
5941,Drumline (2002),2002,3.04,1399
6537,Terminator 3: Rise of the Machines (2003),2003,3.04,14509
121308,Goodbye to Language 3D (2014),2014,3.04,68
87785,Takers (2010),2010,3.04,284
188823,Delirium (2018),2018,3.04,57
194398,Dead in a Week (Or Your Money Back) (2018),2018,3.04,57
42,Dead Presidents (1995),1995,3.04,2568
6180,Q & A (1990),1990,3.04,137
170151,The Party (2017),2017,3.04,137
1062,"Sunchaser, The (1996)",1996,3.04,80
80590,Wall Street: Money Never Sleeps (2010),2010,3.04,1133
171881,Mindhorn (2017),2017,3.04,138
222455,Bill & Ted Face the Music (2020),2020,3.04,392
95583,Savages (2012),2012,3.04,577
54775,War (2007),2007,3.04,797
5731,"Entity, The (1981)",1981,3.04,278
115875,Toy Story Toons: Hawaiian Vacation (2011),2011,3.04,139
6729,"Bostonians, The (1984)",1984,3.04,58
210865,Bad Boys for Life (2020),2020,3.04,638
4513,"House on Carroll Street, The (1988)",1988,3.04,70
3882,Bring It On (2000),2000,3.04,6698
60141,St. Trinian's (2007),2007,3.04,292
3863,"Cell, The (2000)",2000,3.04,9750
5985,Asoka (Ashoka the Great) (2001),2001,3.04,117
8093,Shiri (Swiri) (1999),1999,3.04,176
4911,Jabberwocky (1977),1977,3.04,790
32263,Vares: Private Eye (Vares - Yksityisetsivä) (2004),2004,3.04,59
409,Above the Rim (1994),1994,3.04,485
79572,Ramona and Beezus (2010),2010,3.04,166
1421,Grateful Dead (1995),1995,3.04,190
106491,47 Ronin (2013),2013,3.04,1398
201242,The Perfection (2018),2018,3.04,300
61289,Sukiyaki Western Django (2008),2008,3.04,289
5459,Men in Black II (a.k.a. MIIB) (a.k.a. MIB 2) (2002),2002,3.04,18809
277282,Luck (2022),2022,3.04,97
27351,Spiral (2000),2000,3.04,170
197,"Stars Fell on Henrietta, The (1995)",1995,3.04,110
6519,Fun with Dick and Jane (1977),1977,3.04,208
59037,Speed Racer (2008),2008,3.04,1163
75389,"Burrowers, The (2008)",2008,3.04,98
72209,Astro Boy (2009),2009,3.04,601
257969,Vacation Friends (2021),2021,3.04,86
203222,The Lion King (2019),2019,3.04,1207
5036,California Suite (1978),1978,3.04,247
1181,"Shooter, The (1997)",1997,3.04,99
177225,Home Again (2017),2017,3.04,223
68858,Vincere (2009),2009,3.04,62
157176,A Storm in the Stars (2016),2016,3.04,87
116191,Wolf Creek 2 (2013),2013,3.04,112
7366,Jersey Girl (2004),2004,3.04,1761
251,"Hunted, The (1995)",1995,3.04,400
64167,Dinotopia (2002),2002,3.04,125
100017,Keep the Lights On (2012),2012,3.04,50
172107,As the Gods Will (2014),2014,3.04,63
120869,Employees Leaving the Lumière Factory (1895),1895,3.04,76
2060,BASEketball (1998),1998,3.04,3133
184239,Peter Rabbit (2018),2018,3.04,280
2896,Alvarez Kelly (1966),1966,3.04,102
7900,Frankenstein Must Be Destroyed (1969),1969,3.04,64
6646,Valley of the Dolls (1967),1967,3.04,256
6210,Volcano High (Whasango) (2001),2001,3.04,129
1833,Mercury Rising (1998),1998,3.04,2864
54780,"Nanny Diaries, The (2007)",2007,3.04,754
187577,The Death & Life of John F. Donovan,,3.04,52
65310,Poultrygeist: Night of the Chicken Dead (2006),2006,3.04,130
31133,Deathwatch (2002),2002,3.04,105
2773,Alice and Martin (Alice et Martin) (1998),1998,3.04,92
8524,"High and the Mighty, The (1954)",1954,3.04,66
115309,"Swan Princess: The Mystery of the Enchanted Treasure, The (1998)",1998,3.04,53
7541,100 Girls (2000),2000,3.04,517
3843,Sleepaway Camp (1983),1983,3.04,584
1409,Michael (1996),1996,3.04,6508
2199,Phoenix (1998),1998,3.04,80
7376,Walking Tall (2004),2004,3.04,1509
57526,Untraceable (2008),2008,3.04,548
188307,Hotel Transylvania 3: Summer Vacation (2018),2018,3.04,469
4177,"Mirror Crack'd, The (1980)",1980,3.04,188
205509,The Goldfinch (2019),2019,3.04,121
1351,Blood and Wine (Blood & Wine) (1996),1996,3.04,418
5327,In Praise of Love (Éloge de l'amour) (2001),2001,3.04,68
2135,Doctor Dolittle (1967),1967,3.04,2194
2578,"Sticky Fingers of Time, The (1997)",1997,3.04,96
196021,The Quake (2018),2018,3.04,55
112404,Jack Strong (2014),2014,3.04,55
53370,Godzilla and Mothra: The Battle for Earth (Gojira vs. Mosura) (1992),1992,3.04,69
89650,Ironclad (2011),2011,3.04,235
50923,"Astronaut Farmer, The (2007)",2007,3.04,473
5843,Toy Soldiers (1991),1991,3.04,797
88954,"Very Harold & Kumar 3D Christmas, A (2011)",2011,3.04,672
31038,Smooth Talk (1985),1985,3.04,70
64997,War of the Worlds (2005),2005,3.04,519
1489,Cats Don't Dance (1997),1997,3.04,492
30825,Meet the Fockers (2004),2004,3.04,9341
67193,Duplicity (2009),2009,3.04,794
77206,Diary of a Wimpy Kid (2010),2010,3.04,471
1690,Alien: Resurrection (1997),1997,3.03,13485
98552,Nativity! (2009),2009,3.03,58
104736,Closed Circuit (2013),2013,3.03,145
45100,Battle in Heaven (Batalla en el cielo) (2005),2005,3.03,58
6781,"Jacob the Liar (Jakob, der Lügner) (1975)",1975,3.03,87
164228,Radin ! (2016),2016,3.03,58
32009,Tyler Perry's Diary of a Mad Black Woman (2005),2005,3.03,232
34292,Hardware (1990),1990,3.03,290
8612,Lassie Come Home (1943),1943,3.03,145
8959,Birth (2004),2004,3.03,668
162726,A Quiet Passion (2016),2016,3.03,73
277566,Fall (2022),2022,3.03,190
224324,Synchronic (2019),2019,3.03,308
155820,Keanu (2016),2016,3.03,633
2168,Dance with Me (1998),1998,3.03,530
142424,Into the Forest (2015),2015,3.03,192
135887,Minions (2015),2015,3.03,3225
131170,Parallels (2015),2015,3.03,179
1342,Candyman (1992),1992,3.03,4288
80820,My Girlfriend's Boyfriend (2010),2010,3.03,60
277552,Day Shift (2022),2022,3.03,197
44864,Friends with Money (2006),2006,3.03,638
267434,Cyrano (2021),2021,3.03,61
66365,Trancers (1985),1985,3.03,107
178523,1922 (2017),2017,3.03,582
33188,Mischief (1985),1985,3.03,92
2267,Mortal Thoughts (1991),1991,3.03,586
252662,The Ice Road (2021),2021,3.03,139
56620,"Deaths of Ian Stone, The (2007)",2007,3.03,124
71991,Afterschool (2008),2008,3.03,62
144620,Goosebumps (2015),2015,3.03,807
55553,Black Sheep (2006),2006,3.03,668
251606,Hitman's Wife's Bodyguard (2021),2021,3.03,389
127204,The Overnight (2015),2015,3.03,187
210577,Sonic the Hedgehog (2020),2020,3.03,935
173845,Tourist Trap (1979),1979,3.03,78
135861,Ted 2 (2015),2015,3.03,2169
39398,C.S.A.: The Confederate States of America (2004),2004,3.03,173
40723,Wolf Creek (2005),2005,3.03,881
5552,"Revenge of Frankenstein, The (1958)",1958,3.03,126
141928,Bloodsucking Bastards (2015),2015,3.03,63
90578,Dream House (2011),2011,3.03,379
77540,Solomon Kane (2009),2009,3.03,713
4106,Extreme Prejudice (1987),1987,3.03,159
52245,Blades of Glory (2007),2007,3.03,4375
27784,One Missed Call (Chakushin ari) (2003),2003,3.03,256
47830,"Quiet, The (2005)",2005,3.03,209
382,Wolf (1994),1994,3.03,5679
3615,Dinosaur (2000),2000,3.03,3403
8884,"Man with One Red Shoe, The (1985)",1985,3.03,429
208715,Let It Snow (2019),2019,3.03,132
110828,Devil's Knot (2013),2013,3.03,116
4599,Great Balls of Fire! (1989),1989,3.03,648
105597,Romeo and Juliet (2013),2013,3.03,50
151639,The Boy (2016),2016,3.03,684
2533,Escape from the Planet of the Apes (1971),1971,3.03,3723
2567,EDtv (1999),1999,3.03,4143
145066,Amy Schumer: Live at the Apollo (2015),2015,3.03,67
184925,Errementari (2018),2018,3.03,84
133127,Barbie of Swan Lake (2003),2003,3.03,118
8266,Purple Rain (1984),1984,3.03,676
5386,"Pride and the Passion, The (1957)",1957,3.03,51
222907,The Babysitter: Killer Queen (2020),2020,3.03,204
194206,Await Further Instructions (2018),2018,3.03,103
194947,Cam (2018),2018,3.03,361
133125,Barbie: Fairytopia (2005),2005,3.03,86
1488,"Devil's Own, The (1997)",1997,3.03,3786
8969,Bridget Jones: The Edge of Reason (2004),2004,3.03,4013
4745,O (2001),2001,3.03,987
136642,Madame Bovary (2014),2014,3.03,52
69873,"Corridors of Time: The Visitors II, The (Couloirs du temps: Les visiteurs 2, Les) (1998)",1998,3.03,122
201,Three Wishes (1995),1995,3.03,367
210573,The King's Man (2020),2020,3.03,612
44671,"Wild Blue Yonder, The (2005)",2005,3.03,70
7420,Viva Las Vegas (1964),1964,3.03,105
4980,Bill & Ted's Bogus Journey (1991),1991,3.03,4522
664,Faithful (1996),1996,3.03,322
275079,Chip 'n Dale: Rescue Rangers (2022),2022,3.03,233
80363,Resident Evil: Afterlife (2010),2010,3.03,2370
4530,Permanent Record (1988),1988,3.03,72
8127,"First $20 Million Is Always the Hardest, The (2002)",2002,3.03,72
3051,Anywhere But Here (1999),1999,3.03,1278
46572,Edmond (2005),2005,3.03,216
58972,Nim's Island (2008),2008,3.03,400
59258,Baby Mama (2008),2008,3.03,1291
206887,Little Joe (2019),2019,3.03,73
5636,Welcome to Collinwood (2002),2002,3.03,312
68650,Powder Blue (2009),2009,3.03,147
3247,Sister Act (1992),1992,3.03,8723
410,Addams Family Values (1993),1993,3.03,20166
76,Screamers (1995),1995,3.03,3609
87522,Larry Crowne (2011),2011,3.03,561
54121,Broken Arrow (1950),1950,3.03,76
180037,24 Hours to Live (2017),2017,3.03,95
26189,"I Love You, Alice B. Toklas! (1968)",1968,3.03,57
253960,Jolt (2021),2021,3.03,115
65181,Nobel Son (2007),2007,3.03,77
2524,"Towering Inferno, The (1974)",1974,3.03,2201
1472,City of Industry (1997),1997,3.03,410
194738,Galveston (2018),2018,3.03,79
166492,Office Christmas Party (2016),2016,3.03,516
62834,Babylon 5: The Legend of the Rangers: To Live and Die in Starlight (2002),2002,3.03,159
27347,Good Advice (2001),2001,3.02,60
40962,"Yours, Mine and Ours (2005)",2005,3.02,585
56945,"Perfect Holiday, The (2007)",2007,3.02,81
27478,Ali G Indahouse (2002),2002,3.02,979
26123,Robin and the 7 Hoods (1964),1964,3.02,62
7372,Ned Kelly (2003),2003,3.02,331
1609,187 (One Eight Seven) (1997),1997,3.02,810
5463,Reign of Fire (2002),2002,3.02,4591
27689,"Crimson Rivers 2: Angels of the Apocalypse (Rivières pourpres II - Les anges de l'apocalypse, Les) (2004)",2004,3.02,295
6559,Little Giants (1994),1994,3.02,548
1053,Normal Life (1996),1996,3.02,211
5378,Star Wars: Episode II - Attack of the Clones (2002),2002,3.02,27415
4583,Disorganized Crime (1989),1989,3.02,106
86028,Henry's Crime (2010),2010,3.02,128
2635,"Mummy's Curse, The (1944)",1944,3.02,192
4129,Made in Heaven (1987),1987,3.02,171
93982,"Raven, The (2012)",2012,3.02,493
80181,Elephants Dream (2006),2006,3.02,65
136451,Hellboy Animated: Sword of Storms (2006),2006,3.02,65
32298,Guess Who (2005),2005,3.02,875
4600,Gross Anatomy (a.k.a. A Cut Above) (1989),1989,3.02,351
136624,Pokémon: Lucario and the Mystery of Mew (2005),2005,3.02,66
115941,The Land Before Time IV: Journey Through the Mists (1996),1996,3.02,67
1367,101 Dalmatians (1996),1996,3.02,10185
44800,Fragile (2005),2005,3.02,91
133195,Hitman: Agent 47 (2015),2015,3.02,866
4126,Less Than Zero (1987),1987,3.02,686
4161,"Mexican, The (2001)",2001,3.02,5383
34336,Must Love Dogs (2005),2005,3.02,1195
158813,Alice Through the Looking Glass (2016),2016,3.02,1357
49220,For Your Consideration (2006),2006,3.02,553
201200,Someone Great (2019),2019,3.02,139
130956,Child 44 (2015),2015,3.02,280
105037,"To Do List, The (2013)",2013,3.02,401
8585,Rapa Nui (1994),1994,3.02,96
56474,My Mother (Ma mère) (2004),2004,3.02,72
212869,To All the Boys: P.S. I Still Love You (2020),2020,3.02,242
8640,King Arthur (2004),2004,3.02,3320
1866,"Big Hit, The (1998)",1998,3.02,1798
26383,Demon Seed (1977),1977,3.02,122
6084,Honkytonk Man (1982),1982,3.02,123
200864,Batman: Hush (2019),2019,3.02,148
5548,Down and Out in Beverly Hills (1986),1986,3.02,949
185437,Take Your Pills (2018),2018,3.02,50
1590,Event Horizon (1997),1997,3.02,8883
7101,Doc Hollywood (1991),1991,3.02,1281
201304,Stockholm (2019),2019,3.02,76
116453,Hateship Loveship (2013),2013,3.02,51
33998,Deceived (1991),1991,3.02,51
5848,Rich and Famous (1981),1981,3.02,51
71248,Extract (2009),2009,3.02,818
5742,First Monday in October (1981),1981,3.02,77
38992,Two for the Money (2005),2005,3.02,540
254452,Blood Red Sky (2021),2021,3.02,129
5350,"Mystic Masseur, The (2001)",2001,3.02,52
6354,"Carpetbaggers, The (1964)",1964,3.02,52
1848,"Borrowers, The (1997)",1997,3.02,1631
177607,American Assassin (2017),2017,3.02,395
7407,Africa Screams (1949),1949,3.02,53
8769,"5th Musketeer, The (a.k.a. Fifth Musketeer, The) (1979)",1979,3.02,53
168884,Mine (2016),2016,3.02,80
241,Fluke (1995),1995,3.02,592
5348,Hollywood Ending (2002),2002,3.02,702
135530,Criminal (2016),2016,3.02,380
1616,"Peacemaker, The (1997)",1997,3.02,4286
262759,Paranormal Activity: Next of Kin (2021),2021,3.02,55
135266,Zenon: The Zequel (2001),2001,3.02,56
90717,Tower Heist (2011),2011,3.02,1596
74154,When in Rome (2010),2010,3.02,846
36289,Asterix & Obelix vs. Caesar (Astérix et Obélix contre César) (1999),1999,3.02,453
1039,Synthetic Pleasures (1995),1995,3.02,58
4228,Heartbreakers (2001),2001,3.02,2047
61950,Boot Camp (2007),2007,3.02,59
90061,"Myth of the American Sleepover, The (2010)",2010,3.02,59
142158,Return to Halloweentown (2006),2006,3.02,119
660,August (1996),1996,3.02,119
109191,Winter's Tale (2014),2014,3.02,300
1574,Fall (1997),1997,3.02,121
98296,Deadfall (2012),2012,3.02,213
76860,Razorback (1984),1984,3.02,61
175755,The Double Lover (2017),2017,3.02,62
3858,Cecil B. DeMented (2000),2000,3.02,911
38656,Sweet Movie (1974),1974,3.02,96
107702,Grudge Match (2013),2013,3.02,260
2678,Desert Blue (1998),1998,3.02,196
51927,Dead Silence (2007),2007,3.02,818
5923,Author! Author! (1982),1982,3.02,165
5429,5 Card Stud (1968),1968,3.02,66
34579,"24th Day, The (2004)",2004,3.02,66
204334,The Room (2019),2019,3.02,133
248,Houseguest (1994),1994,3.02,3164
33,Wings of Courage (1995),1995,3.01,67
274975,Persuasion (2022),2022,3.01,67
210867,Underwater (2020),2020,3.01,498
5312,Murder by Numbers (2002),2002,3.01,1749
32300,D.E.B.S. (2004),2004,3.01,357
26464,Blue Thunder (1983),1983,3.01,291
111743,A Million Ways to Die in the West (2014),2014,3.01,1783
124859,The Gambler (2014),2014,3.01,366
2802,Tequila Sunrise (1988),1988,3.01,2125
34326,Last Days (2005),2005,3.01,373
423,Blown Away (1994),1994,3.01,2447
1043,To Gillian on Her 37th Birthday (1996),1996,3.01,1216
139915,How to Make Love Like an Englishman (2014),2014,3.01,76
7881,White Zombie (1932),1932,3.01,191
40851,Zathura (2005),2005,3.01,1789
206499,Between Two Ferns: The Movie (2019),2019,3.01,389
278,Miami Rhapsody (1995),1995,3.01,1135
59421,What Happens in Vegas... (2008),2008,3.01,2066
184623,Gringo (2018),2018,3.01,159
110553,The Amazing Spider-Man 2 (2014),2014,3.01,4304
1410,"Evening Star, The (1996)",1996,3.01,764
5588,"Hills Have Eyes, The (1977)",1977,3.01,607
1544,"Lost World: Jurassic Park, The (1997)",1997,3.01,19112
200630,Missing Link (2019),2019,3.01,251
95199,What to Expect When You're Expecting (2012),2012,3.01,419
8854,Night of the Demons (1988),1988,3.01,215
56274,Margot at the Wedding (2007),2007,3.01,395
159163,The Other Side of the Wind (2016),2016,3.01,88
78774,Solitary Man (2009),2009,3.01,222
2840,Stigmata (1999),1999,3.01,5521
1899,Passion in the Desert (1998),1998,3.01,91
765,Jack (1996),1996,3.01,5395
1928,Cimarron (1931),1931,3.01,184
60044,Baghead (2008),2008,3.01,93
62137,Nights in Rodanthe (2008),2008,3.01,279
8537,Kaena: The Prophecy (Kaena: La prophétie) (2003),2003,3.01,140
3918,Hellbound: Hellraiser II (1988),1988,3.01,1687
4288,Pola X (1999),1999,3.01,96
76060,"Slammin' Salmon, The (2009)",2009,3.01,146
7019,Project X (1987),1987,3.01,341
5029,China Moon (1994),1994,3.01,147
52730,It's a Very Merry Muppet Christmas Movie (2002),2002,3.01,99
143387,Pitch Perfect 3 (2017),2017,3.01,649
86725,We Are What We Are (Somos lo que hay) (2010),2010,3.01,50
269234,Resurrection (2022),2022,3.01,50
269950,Hellbender (2021),2021,3.01,50
54771,"Invasion, The (2007)",2007,3.01,962
4574,Blind Fury (1989),1989,3.01,456
96853,Thin Ice (2011),2011,3.01,51
1651,Telling Lies in America (1997),1997,3.01,153
8861,Resident Evil: Apocalypse (2004),2004,3.01,4735
5396,Let's Make Love (1960),1960,3.01,105
78251,Friendship! (2010),2010,3.01,53
210569,Birds of Prey (And the Fantabulous Emancipation of One Harley Quinn) (2020),2020,3.01,1338
127218,Z for Zachariah (2015),2015,3.01,216
2485,She's All That (1999),1999,3.01,6795
95449,Magic Mike (2012),2012,3.01,1154
165353,In a Valley of Violence (2016),2016,3.01,111
26195,Sympathy for the Devil (1968),1968,3.01,56
2812,In Too Deep (1999),1999,3.01,342
7893,Return of the Street Fighter (Satsujin ken 2) (1974),1974,3.01,58
133545,Just Before I Go (2014),2014,3.01,116
4706,"Cage aux Folles II, La (1980)",1980,3.01,175
43987,Half Light (2006),2006,3.01,120
53569,"Amateurs, The (Moguls, The) (2005)",2005,3.01,60
136351,Scooby-Doo! and the Goblin King (2008),2008,3.01,60
178715,Dreamship Surprise - Period 1 (2004),2004,3.01,60
94837,Hemingway & Gellhorn (2012),2012,3.01,60
6096,Making Love (1982),1982,3.01,61
27778,Ginger Snaps Back: The Beginning (2004),2004,3.01,194
801,Harriet the Spy (1996),1996,3.01,1750
201594,Brightburn (2019),2019,3.01,651
222356,Unhinged (2020),2020,3.01,196
79224,"Karate Kid, The (2010)",2010,3.01,2771
8991,"Disorderly Orderly, The (1964)",1964,3.01,70
217146,The Lovebirds (2020),2020,3.01,283
50858,Lonely Hearts (2006),2006,3.01,143
170399,CHiPS (2017),2017,3.01,296
80846,Devil (2010),2010,3.01,1764
6414,Gay Purr-ee (1962),1962,3.01,77
173209,War Machine (2017),2017,3.01,389
6585,White Lightning (1973),1973,3.01,78
5645,Texasville (1990),1990,3.01,79
52644,Vacancy (2007),2007,3.01,982
92966,Love Wrecked (2005),2005,3.01,86
1917,Armageddon (1998),1998,3.01,26671
152059,"Crouching Tiger, Hidden Dragon: Sword of Destiny (2016)",2016,3.01,176
4417,"House by the Cemetery, The (Quella villa accanto al cimitero) (1981)",1981,3.01,177
201749,Murder Mystery (2019),2019,3.01,886
7417,Jersey Girl (1992),1992,3.01,92
6992,Guarding Tess (1994),1994,3.01,562
8865,Sky Captain and the World of Tomorrow (2004),2004,3.01,4420
247150,Stowaway (2021),2021,3.01,285
7410,"Osterman Weekend, The (1983)",1983,3.01,196
135,Down Periscope (1996),1996,3.0,6619
3206,Against All Odds (1984),1984,3.0,812
2695,"Boys, The (1998)",1998,3.0,107
71379,Paranormal Activity (2009),2009,3.0,3735
8906,Cannibal Holocaust (1980),1980,3.0,811
6665,Dracula (1979),1979,3.0,240
58783,Youth Without Youth (2007),2007,3.0,120
694,"Substitute, The (1996)",1996,3.0,2815
7367,"Ladykillers, The (2004)",2004,3.0,3122
95488,On the Road (2012),2012,3.0,279
50162,Arthur and the Invisibles (2007),2007,3.0,599
7065,"Birth of a Nation, The (1915)",1915,3.0,522
3580,Up at the Villa (2000),2000,3.0,193
43908,London (2005),2005,3.0,213
187067,Super Troopers 2 (2018),2018,3.0,222
344,Ace Ventura: Pet Detective (1994),1994,3.0,42728
1346,Cat People (1982),1982,3.0,1859
189,Reckless (1995),1995,3.0,332
7817,Zardoz (1974),1974,3.0,696
4476,Big Business (1988),1988,3.0,415
3707,9 1/2 Weeks (Nine 1/2 Weeks) (1986),1986,3.0,1900
2418,Nothing in Common (1986),1986,3.0,701
58494,Married Life (2007),2007,3.0,126
144224,Baskin (2015),2015,3.0,105
4491,Criminal Law (1988),1988,3.0,66
112303,Think Like a Man Too (2014),2014,3.0,96
287635,The Boogeyman (2023),2023,3.0,52
53466,Nancy Drew (2007),2007,3.0,295
77721,Deathdream (a.k.a. Dead of Night) (1974),1974,3.0,50
193697,High Life (2018),2018,3.0,448
202495,Avengement (2019),2019,3.0,68
166777,The Greasy Strangler (2016),2016,3.0,95
104576,"Seasoning House, The (2012)",2012,3.0,51
81495,"Countess, The (2009)",2009,3.0,59
213369,Radioactive (2020),2020,3.0,96
166615,Six Men Getting Sick (1967),1967,3.0,68
122288,The Captains (2011),2011,3.0,58
6759,Close Your Eyes (Hypnotic) (Doctor Sleep) (2002),2002,3.0,61
107462,Ninja: Shadow of a Tear (2013),2013,3.0,66
155966,Elections Day 2 (2016),2016,3.0,51
142911,The 10 Year Plan (2014),2014,3.0,50
55391,10th & Wolf (2006),2006,3.0,101
3280,"Baby, The (1973)",1973,3.0,57
195293,The Front Runner (2018),2018,3.0,76
60353,A Page of Madness (1926),1926,3.0,59
7224,"Boy with Green Hair, The (1948)",1948,3.0,74
67534,Big Stan (2007),2007,3.0,273
27856,Bummer (Bumer) (2003),2003,3.0,93
205130,The Death of Dick Long (2019),2019,3.0,67
126921,The Fox and the Hound 2 (2006),2006,3.0,98
59938,Telefon (1977),1977,3.0,52
110426,In the Blood (2014),2014,3.0,59
366,"Wes Craven's New Nightmare (Nightmare on Elm Street Part 7: Freddy's Finale, A) (1994)",1994,3.0,3065
51925,Premonition (2007),2007,3.0,988
161354,Batman: The Killing Joke (2016),2016,3.0,520
2378,Police Academy (1984),1984,3.0,7093
134783,Entourage (2015),2015,3.0,401
1332,"Believers, The (1987)",1987,3.0,779
996,Last Man Standing (1996),1996,3.0,3480
6991,"Greystoke: The Legend of Tarzan, Lord of the Apes (1984)",1984,3.0,566
271799,Sonic the Hedgehog 2 (2022),2022,3.0,270
2663,It Came from Beneath the Sea (1955),1955,3.0,247
1458,Touch (1997),1997,3.0,230
6525,Nuts (1987),1987,3.0,227
198151,Uncharted: Drake's Fortune,,3.0,625
165141,Trolls (2016),2016,3.0,829
1352,Albino Alligator (1996),1996,3.0,792
609,Homeward Bound II: Lost in San Francisco (1996),1996,3.0,2590
1624,"Thousand Acres, A (1997)",1997,3.0,482
2546,"Deep End of the Ocean, The (1999)",1999,3.0,1068
1514,Temptress Moon (Feng Yue) (1996),1996,3.0,132
5061,Mrs. Soffel (1984),1984,3.0,128
5569,"Last House on the Left, The (1972)",1972,3.0,631
118,If Lucy Fell (1996),1996,3.0,1132
192559,The House with a Clock in Its Walls (2018),2018,3.0,373
8642,Sleepover (2004),2004,3.0,242
26336,"Adventure of Sherlock Holmes' Smarter Brother, The (1975)",1975,3.0,120
3258,Death Becomes Her (1992),1992,3.0,4372
575,"Little Rascals, The (1994)",1994,3.0,3035
476,"Inkwell, The (1994)",1994,3.0,231
130684,We Are Still Here (2015),2015,3.0,226
4168,Get Over It (2001),2001,3.0,654
370,Naked Gun 33 1/3: The Final Insult (1994),1994,3.0,15893
4660,Scenes from the Class Struggle in Beverly Hills (1989),1989,3.0,100
64037,Surveillance (2008),2008,2.99,192
4674,Tap (1989),1989,2.99,93
4773,Haiku Tunnel (2001),2001,2.99,180
6488,Jet Lag (Décalage horaire) (2002),2002,2.99,176
5638,Godzilla vs. Mothra (Mosura tai Gojira) (1964),1964,2.99,515
63481,Soul Men (2008),2008,2.99,83
2598,Pushing Tin (1999),1999,2.99,4082
171007,The Book of Henry (2017),2017,2.99,162
3452,Romeo Must Die (2000),2000,2.99,4933
3449,"Good Mother, The (1988)",1988,2.99,150
97232,"Good Old Fashioned Orgy, A (2011)",2011,2.99,149
26124,Robinson Crusoe on Mars (1964),1964,2.99,149
140529,Sinister 2 (2015),2015,2.99,371
37382,Domino (2005),2005,2.99,1402
214722,The Occupant (2020),2020,2.99,72
173623,The Chronicles of Riddick: Dark Fury (2004),2004,2.99,72
213976,Lost Girls (2020),2020,2.99,72
6351,Hysterical Blindness (2002),2002,2.99,141
84613,Sanctum (2011),2011,2.99,346
152091,The Brothers Grimsby (2016),2016,2.99,760
3752,"Me, Myself & Irene (2000)",2000,2.99,12467
101025,Jack the Giant Slayer (2013),2013,2.99,1060
2771,Brokedown Palace (1999),1999,2.99,1694
4354,Unlawful Entry (1992),1992,2.99,585
114042,Third Person (2013),2013,2.99,125
184637,The Ravenous (2017),2017,2.99,60
4797,"Hole in the Head, A (1959)",1959,2.99,60
4568,Best of the Best (1989),1989,2.99,357
100169,After Porn Ends (2010),2010,2.99,118
170235,The Invisible Guardian (2017),2017,2.99,58
101285,Spring Breakers (2013),2013,2.99,1316
139317,Pressure (2015),2015,2.99,56
98836,Hyde Park on Hudson (2012),2012,2.99,110
2822,Medicine Man (1992),1992,2.99,2084
202101,Stuber (2019),2019,2.99,329
210035,The Fare (2019),2019,2.99,54
64986,Birds of America (2008),2008,2.99,54
168418,The Boss Baby (2017),2017,2.99,1288
224028,Save Yourselves! (2020),2020,2.99,107
32078,Godzilla vs. Mechagodzilla II (Gojira VS Mekagojira) (1993),1993,2.99,158
8986,"Bellboy, The (1960)",1960,2.99,105
80836,Big Buck Bunny (2008),2008,2.99,52
48,Pocahontas (1995),1995,2.99,15667
5259,Homicidal (1961),1961,2.99,51
107737,Bounty Killer (2013),2013,2.99,51
4270,"Mummy Returns, The (2001)",2001,2.99,13542
5764,Looker (1981),1981,2.99,200
40457,"House That Dripped Blood, The (1971)",1971,2.99,50
26629,Killer Klowns from Outer Space (1988),1988,2.99,546
204690,Eli,,2.99,148
3708,Firestarter (1984),1984,2.99,1626
72393,"Fourth Kind, The (2009)",2009,2.99,787
687,Country Life (1994),1994,2.99,98
5235,Split Second (1992),1992,2.99,239
4862,Not Without My Daughter (1991),1991,2.99,572
191687,Teen Titans Go! To the Movies (2018),2018,2.99,143
6238,Green Card (1990),1990,2.99,1451
184119,Braven (2018),2018,2.99,133
775,Spirits of the Dead (1968),1968,2.99,174
5657,Flashback (1990),1990,2.99,173
2410,Rocky III (1982),1982,2.99,6335
26915,Tromeo and Juliet (1996),1996,2.99,129
99957,Broken City (2013),2013,2.99,341
4867,Riding in Cars with Boys (2001),2001,2.99,1747
2103,Tall Tale (1995),1995,2.99,250
5678,Formula 51 (2001),2001,2.99,736
9,Sudden Death (1995),1995,2.99,4154
4097,Dead of Winter (1987),1987,2.99,162
189577,Tau,,2.99,283
79463,Nanny McPhee Returns (a.k.a. Nanny McPhee and the Big Bang) (2010),2010,2.99,281
66915,Rock-A-Doodle (1991),1991,2.99,160
2587,Life (1999),1999,2.99,1080
117893,Jessabelle (2014),2014,2.99,154
5563,City by the Sea (2002),2002,2.99,688
72261,"Pebble and the Penguin, The (1995)",1995,2.99,114
674,Barbarella (1968),1968,2.99,3642
1379,Young Guns II (1990),1990,2.99,3150
84570,Country Strong (2010),2010,2.99,147
2893,Plunkett & MaCleane (1999),1999,2.99,506
7239,Marooned (1969),1969,2.99,107
5355,"Cassandra Crossing, The (1976)",1976,2.99,105
165441,American Pastoral (2016),2016,2.99,69
96407,Dark Horse (2011),2011,2.99,69
2751,From the Hip (1987),1987,2.99,343
55517,I Want Someone to Eat Cheese With (2006),2006,2.99,68
131066,Ronal the Barbarian (2011),2011,2.99,102
210271,6 Underground (2019),2019,2.99,881
4832,Carny (1980),1980,2.99,67
259005,Silent Night (2021),2021,2.99,67
112450,They Came Together (2014),2014,2.98,299
1142,Get Over It (1996),1996,2.98,66
86911,"Hangover Part II, The (2011)",2011,2.98,6175
103219,Maniac (2012),2012,2.98,292
5549,Flaming Star (1960),1960,2.98,64
32211,Thriller: A Cruel Picture (Thriller - en grym film) (1974),1974,2.98,96
9002,Alexander the Great (1956),1956,2.98,64
4234,"Tailor of Panama, The (2001)",2001,2.98,1736
92371,Yolki (2010),2010,2.98,63
1820,"Proposition, The (1998)",1998,2.98,63
2148,House (1986),1986,2.98,1324
193595,The Land of Steady Habits (2018),2018,2.98,61
2540,"Corruptor, The (1999)",1999,2.98,1120
3757,Asylum (1972),1972,2.98,151
3986,"6th Day, The (2000)",2000,2.98,6371
6741,God told Me To (1976),1976,2.98,117
1391,Mars Attacks! (1996),1996,2.98,20793
231,Dumb & Dumber (Dumb and Dumber) (1994),1994,2.98,36802
3623,Mission: Impossible II (2000),2000,2.98,22254
118997,Into the Woods (2014),2014,2.98,1482
91371,Rampart (2011),2011,2.98,171
2825,Rosie (1998),1998,2.98,57
68793,Night at the Museum: Battle of the Smithsonian (2009),2009,2.98,3333
1652,Year of the Horse (1997),1997,2.98,85
37,Across the Sea of Time (1995),1995,2.98,85
194975,Vox Lux (2018),2018,2.98,140
3719,Love's Labour's Lost (2000),2000,2.98,333
2794,European Vacation (aka National Lampoon's European Vacation) (1985),1985,2.98,3742
2505,8MM (1999),1999,2.98,4813
202159,Crawl (2019),2019,2.98,493
338,Virtuosity (1995),1995,2.98,4843
95165,Dragon Ball Z the Movie: The World's Strongest (a.k.a. Dragon Ball Z: The Strongest Guy in The World) (Doragon bôru Z: Kono yo de ichiban tsuyoi yatsu) (1990),1990,2.98,82
54908,Taxi 4 (2007),2007,2.98,272
49274,Happy Feet (2006),2006,2.98,3940
35636,Teen Witch (1989),1989,2.98,107
186339,Prodigy (2017),2017,2.98,79
8709,How I Got Into College (1989),1989,2.98,79
4972,"Owl and the Pussycat, The (1970)",1970,2.98,184
3141,"Two Jakes, The (1990)",1990,2.98,602
43556,Annapolis (2006),2006,2.98,313
127200,I Smile Back (2015),2015,2.98,52
5935,Class of 1984 (1982),1982,2.98,154
192551,Mile 22 (2018),2018,2.98,358
152061,Triple 9 (2016),2016,2.98,357
1549,Rough Magic (1995),1995,2.98,127
105133,Repeaters (2010) ,2010,2.98,76
50064,"Good German, The (2006)",2006,2.98,404
7781,Twister (1990),1990,2.98,451
78606,Don't Look Back (Ne te retourne pas) (2009),2009,2.98,50
5181,Hangar 18 (1980),1980,2.98,100
76680,Camille (2007),2007,2.98,50
120799,Terminator Genisys (2015),2015,2.98,3094
62265,"Accidental Husband, The (2009)",2009,2.98,349
146307,The Hallow (2015),2015,2.98,149
88272,"Woman, The (2011)",2011,2.98,171
56001,Love in the Time of Cholera (2007),2007,2.98,219
276,Milk Money (1994),1994,2.98,5487
113640,"Canal, The (2014)",2014,2.98,168
6839,All I Want (Try Seventeen) (2002),2002,2.98,120
4887,"One, The (2001)",2001,2.98,3662
77191,Death at a Funeral (2010),2010,2.98,474
166530,Pet (2016),2016,2.98,117
882,"Trigger Effect, The (1996)",1996,2.98,839
45969,Career Opportunities (1991),1991,2.98,163
54785,Halloween (2007),2007,2.98,1111
60941,"Midnight Meat Train, The (2008)",2008,2.98,643
282649,Knock at the Cabin (2023),2023,2.98,297
193445,Assassination Nation (2018),2018,2.98,114
135885,Absolutely Anything (2015),2015,2.98,387
2787,Cat's Eye (1985),1985,2.98,1271
242894,Godzilla vs. Kong (2021),2021,2.98,857
54738,Wind Chill (2007),2007,2.98,135
89862,Bellflower (2011),2011,2.98,112
38294,Beowulf & Grendel (2005),2005,2.98,246
7183,There's a Girl in My Soup (1970),1970,2.98,67
239424,To All the Boys: Always and Forever (2021),2021,2.98,156
285947,Murder Mystery 2 (2023),2023,2.98,155
112727,Deliver Us from Evil (2014),2014,2.98,309
2093,Return to Oz (1985),1985,2.98,2154
504,No Escape (1994),1994,2.98,1218
197389,Rust Creek (2019),2019,2.98,64
90933,"Deep Blue Sea, The (2011)",2011,2.98,128
5612,Trapped (2002),2002,2.98,447
27426,"Accidental Spy, The (Dak miu mai shing) (2001)",2001,2.98,149
7185,Real Men (1987),1987,2.98,85
142032,The Transporter Refuelled (2015),2015,2.98,275
106062,Jackass Presents: Bad Grandpa (2013),2013,2.98,830
5778,Pieces (Mil gritos tiene la noche) (One Thousand Cries Has the Night) (1982),1982,2.98,123
90434,Assassination Games (2011),2011,2.98,102
193243,Next Gen (2018),2018,2.98,161
289297,Heart of Stone (2023),2023,2.98,60
271745,The Contractor (2022),2022,2.98,80
2853,"Alice, Sweet Alice (a.k.a. Communion) (a.k.a. Holy Terror) (1976)",1976,2.98,280
196341,Second Act (2018),2018,2.98,100
69253,New in Town (2009),2009,2.97,396
208655,The Coldest Game (2019),2019,2.97,59
160563,The Legend of Tarzan (2016),2016,2.97,1060
32600,Eros (2004),2004,2.97,78
1791,Twilight (1998),1998,2.97,544
160565,The Purge: Election Year (2016),2016,2.97,834
183497,The Polka King (2018),2018,2.97,116
148775,Wizards of Waverly Place: The Movie (2009),2009,2.97,174
105715,Just Wright (2010),2010,2.97,77
51088,Reno 911!: Miami (2007),2007,2.97,498
285925,Ghosted (2023),2023,2.97,114
111375,Walk of Shame (2014),2014,2.97,356
150602,Band of Robbers (2016),2016,2.97,56
111364,Godzilla (2014),2014,2.97,3647
7015,Only the Lonely (1991),1991,2.97,223
114925,"Captive, The (2014)",2014,2.97,166
155545,Backtrack (2016),2016,2.97,92
74438,"Legend of the Red Dragon (a.k.a. New Legend of Shaolin, The) (Hong Xi Guan: Zhi Shao Lin wu zu) (1994)",1994,2.97,55
3636,Those Who Love Me Can Take the Train (Ceux qui m'aiment prendront le train) (1998),1998,2.97,55
66310,Frontière(s) (2007),2007,2.97,183
46772,Strangers with Candy (2005),2005,2.97,256
3902,Goya in Bordeaux (Goya en Burdeos) (1999),1999,2.97,91
3846,Easy Money (1983),1983,2.97,455
3892,Anatomy (Anatomie) (2000),2000,2.97,382
5127,Dragonfly (2002),2002,2.97,926
3305,Bluebeard (1944),1944,2.97,54
4983,"Holcroft Covenant, The (1985)",1985,2.97,72
141402,Star Trek: Renegades (2015),2015,2.97,72
49571,Dracula's Daughter (1936),1936,2.97,71
279894,White Noise (2022),2022,2.97,195
6928,"Die, Mommie, Die (2003)",2003,2.97,70
6718,Gotcha! (1985),1985,2.97,210
165947,The True Memoirs of an International Assassin (2016),2016,2.97,210
27482,Cube 2: Hypercube (2002),2002,2.97,1308
6826,"Shakiest Gun in the West, The (1968)",1968,2.97,122
84304,What Women Want (a.k.a. I Know a Woman's Heart) (2011),2011,2.97,52
4032,"Everlasting Piece, An (2000)",2000,2.97,86
134248,Hot Girls Wanted (2015),2015,2.97,258
81132,Rubber (2010),2010,2.97,685
31687,Pooh's Heffalump Movie (2005),2005,2.97,254
2942,Flashdance (1983),1983,2.97,4147
6169,"Black Stallion Returns, The (1983)",1983,2.97,118
179285,Tragedy Girls (2017),2017,2.97,101
1436,Falling in Love Again (1980),1980,2.97,67
214240,Altered Carbon: Resleeved (2020),2020,2.97,67
203208,Scary Stories to Tell in the Dark (2019),2019,2.97,501
175655,Girls Trip (2017),2017,2.97,250
6132,"New York Ripper, The (Squartatore di New York, Lo) (1982)",1982,2.97,150
103075,"Purge, The (2013)",2013,2.97,2874
105254,Crystal Fairy & the Magical Cactus and 2012 (2013),2013,2.97,116
133145,Barbie in A Mermaid Tale (2010),2010,2.97,66
58850,Pirates (1986),1986,2.97,66
4192,Demetrius and the Gladiators (1954),1954,2.97,82
107348,Anchorman 2: The Legend Continues (2013),2013,2.97,2621
26365,Futureworld (1976),1976,2.97,131
57951,Fool's Gold (2008),2008,2.97,1113
31427,Hide and Seek (2005),2005,2.97,1503
41411,"Deep, The (1977)",1977,2.97,147
61255,"Rocker, The (2008)",2008,2.97,472
85540,Essential Killing (2010),2010,2.97,65
8639,"Clearing, The (2004)",2004,2.97,292
102991,Berberian Sound Studio (2012),2012,2.97,227
118173,The Batman vs. Dracula (2005),2005,2.97,81
3127,Holy Smoke (1999),1999,2.97,629
108879,Teen Beach Movie (2013),2013,2.97,145
136622,Pokémon: The Rise of Darkrai (2007),2007,2.97,64
2047,"Gnome-Mobile, The (1967)",1967,2.97,175
156607,The Huntsman Winter's War (2016),2016,2.97,731
5256,Stolen Summer (2002),2002,2.97,111
193647,The Girl in the Spider's Web (2018),2018,2.97,222
117107,Miss Meadows (2014),2014,2.97,79
89490,Straw Dogs (2011),2011,2.97,189
5481,Austin Powers in Goldmember (2002),2002,2.97,13934
3611,Saludos Amigos (1943),1943,2.97,188
600,Love and a .45 (1994),1994,2.97,313
31032,"Last Horror Movie, The (2003)",2003,2.97,78
78637,Shrek Forever After (a.k.a. Shrek: The Final Chapter) (2010),2010,2.97,3381
27837,Flight of the Phoenix (2004),2004,2.97,997
3957,Billy Jack (1971),1971,2.97,652
68482,XIII: The Conspiracy (2008),2008,2.97,62
1876,Deep Impact (1998),1998,2.97,13458
72601,Teenage Mutant Ninja Turtles: Turtles Forever (2009),2009,2.97,92
61991,Miracle at St. Anna (2008),2008,2.97,153
52831,Maniac Cop (1988),1988,2.97,168
148727,Tumbledown (2016),2016,2.97,60
5987,"Love, Honour and Obey (2000)",2000,2.97,75
117308,When the Game Stands Tall (2014),2014,2.97,75
384,Bad Company (1995),1995,2.97,762
197709,The Hole in the Ground (2019),2019,2.97,149
53002,Georgia Rule (2007),2007,2.97,296
55209,The Death and Life of Bobby Z (2007),2007,2.97,74
5186,Honeysuckle Rose (a.k.a. On the Road Again) (1980),1980,2.97,59
133169,Barbie and the Magic of Pegasus 3-D (2005),2005,2.97,88
3605,King Creole (1958),1958,2.97,233
3057,Where's Marlowe? (1998),1998,2.97,58
280310,Skinamarink (2022),2022,2.97,87
6600,...And God Spoke (1993),1993,2.97,58
252214,Werewolves Within (2021),2021,2.97,116
2191,"Merry War, A (1997)",1997,2.97,101
7954,"Baron Blood (Orrori del castello di Norimberga, Gli) (1972)",1972,2.97,72
7987,Dolls (1987),1987,2.97,144
4164,"Caveman's Valentine, The (2001)",2001,2.97,286
56837,As You Like It (2006),2006,2.96,57
47330,Dirty Mary Crazy Larry (1974),1974,2.96,71
4614,Kickboxer (1989),1989,2.96,961
640,Diabolique (1996),1996,2.96,3165
86295,Scream 4 (2011),2011,2.96,1264
4606,Immediate Family (1989),1989,2.96,56
65772,"Lazarus Project, The (2008)",2008,2.96,154
104408,Truth or Die (2012) ,2012,2.96,69
207830,Terminator: Dark Fate (2019),2019,2.96,977
2417,Heartburn (1986),1986,2.96,577
5715,"Burning, The (1981)",1981,2.96,192
64010,"Children, The (2008)",2008,2.96,137
32383,Finian's Rainbow (1968),1968,2.96,109
174407,An Inconvenient Sequel (2017),2017,2.96,68
2356,Celebrity (1998),1998,2.96,1259
4752,Maniac (1980),1980,2.96,230
4369,"Fast and the Furious, The (2001)",2001,2.96,12641
42011,Fun with Dick and Jane (2005),2005,2.96,2707
719,Multiplicity (1996),1996,2.96,8003
1405,Beavis and Butt-Head Do America (1996),1996,2.96,9590
7152,"Statement, The (2003)",2003,2.96,93
4115,Hiding Out (1987),1987,2.96,186
26726,Dutch (1991),1991,2.96,185
187613,The Kissing Booth (2018),2018,2.96,502
96114,Brake (2012),2012,2.96,66
85056,I Am Number Four (2011),2011,2.96,2356
168586,Catfight (2016),2016,2.96,65
5898,"Sword and the Sorcerer, The (1982)",1982,2.96,245
92198,Seeking Justice (2011),2011,2.96,232
200300,Triple Threat (2019),2019,2.96,64
4415,Cheech & Chong's Nice Dreams (1981),1981,2.96,499
4167,15 Minutes (2001),2001,2.96,1865
7340,Just One of the Guys (1985),1985,2.96,395
4837,Cruising (1980),1980,2.96,343
138230,Staten Island Summer (2015),2015,2.96,76
43589,"Dark, The (2005)",2005,2.96,76
120635,Taken 3 (2015),2015,2.96,1688
192375,Elizabeth Harvest (2018),2018,2.96,50
58007,"Shout, The (1978)",1978,2.96,50
254718,The Protégé (2021),2021,2.96,137
198145,The Perfect Date,,2.96,224
1007,"Apple Dumpling Gang, The (1975)",1975,2.96,1872
2767,Illuminata (1998),1998,2.96,260
2758,Plenty (1985),1985,2.96,208
513,Radioland Murders (1994),1994,2.96,598
6078,Firefox (1982),1982,2.96,753
43869,Curious George (2006),2006,2.96,437
32743,Ringu 0: Bâsudei (2000),2000,2.96,145
4561,Waxwork (1988),1988,2.96,302
245,The Glass Shield (1994),1994,2.96,265
199073,Captive State (2019),2019,2.96,227
74731,Eden Log (2007),2007,2.96,107
3960,Haunted (1995),1995,2.96,166
7173,Along Came Polly (2004),2004,2.96,4666
163504,Little Sister (2016),2016,2.96,59
77672,Ca$h (2010),2010,2.96,59
895,Venice/Venice (1992),1992,2.96,59
25822,Werewolf of London (1935),1935,2.96,59
112767,Premature (2014),2014,2.96,106
85796,Hobo with a Shotgun (2011),2011,2.96,620
7320,Dirty Dancing: Havana Nights (2004),2004,2.96,608
146684,Cosmic Scrat-tastrophe (2015),2015,2.96,70
2332,Belly (1998),1998,2.96,221
3254,Wayne's World 2 (1993),1993,2.96,6066
6550,Johnny English (2003),2003,2.96,4437
73515,Bart Got a Room (2008),2008,2.96,58
6595,S.W.A.T. (2003),2003,2.96,3954
8578,Undead (2003),2003,2.96,277
1513,Romy and Michele's High School Reunion (1997),1997,2.96,8766
279218,Lou (2022),2022,2.96,57
8677,Flash Gordon Conquers the Universe (1940),1940,2.96,57
134704,Comedy Central Roast of Charlie Sheen (2011),2011,2.96,68
131464,Kristy (2014),2014,2.96,68
26320,Flesh for Frankenstein (a.k.a. Andy Warhol's Frankenstein) (1973),1973,2.96,68
3557,Jennifer 8 (1992),1992,2.96,713
66427,My Name Is Bruce (2007),2007,2.96,270
26774,Innocent Blood (1992),1992,2.96,90
2017,Babes in Toyland (1961),1961,2.96,1043
175795,Descendants 2 (2017),2017,2.96,112
163464,Demon (2015),2015,2.96,56
191799,Extinction (2018),2018,2.96,380
134851,5 Flights Up (2014),2014,2.96,78
26339,Dolemite (1975),1975,2.96,78
8043,Jack the Bear (1993),1993,2.96,89
252212,Till Death (2021),2021,2.96,89
4154,Recess: School's Out (2001),2001,2.95,466
195777,Mortal Engines (2018),2018,2.95,974
4518,The Lair of the White Worm (1988),1988,2.95,639
46770,Krrish (2006),2006,2.95,88
1685,"I Love You, I Love You Not (1996)",1996,2.95,88
142925,A Christmas Horror Story (2015),2015,2.95,110
236989,In the Earth (2021),2021,2.95,55
26371,The Missouri Breaks (1976),1976,2.95,121
79695,"Expendables, The (2010)",2010,2.95,4991
94953,Wanderlust (2012),2012,2.95,590
3120,"Distinguished Gentleman, The (1992)",1992,2.95,982
7237,"Last Tycoon, The (1976)",1976,2.95,87
2873,Lulu on the Bridge (1998),1998,2.95,217
207890,Countdown (2019),2019,2.95,141
194450,Her Smell (2018),2018,2.95,65
65567,Passengers (2008),2008,2.95,314
4898,Novocaine (2001),2001,2.95,649
4757,Rock Star (2001),2001,2.95,1579
71876,Amelia (2009),2009,2.95,183
6657,"Beast from 20,000 Fathoms, The (1953)",1953,2.95,129
94015,Mirror Mirror (2012),2012,2.95,900
149354,Sisters (2015),2015,2.95,717
103755,Turbo (2013),2013,2.95,994
3540,Passion of Mind (2000),2000,2.95,149
37844,Roll Bounce (2005),2005,2.95,85
6095,Dragon Lord (a.k.a. Dragon Strike) (Long Xiao Ye) (1982),1982,2.95,53
1726,"Postman, The (1997)",1997,2.95,2632
1850,"I Love You, Don't Touch Me! (1998)",1998,2.95,105
8543,"Flying Leathernecks, The (1951)",1951,2.95,73
104379,Chennai Express (2013),2013,2.95,114
5512,Secret Ballot (Raye makhfi) (2001),2001,2.95,62
7657,Versus (2000),2000,2.95,144
118252,All Cheerleaders Die (2013),2013,2.95,72
220792,Project Power (2020),2020,2.95,524
91485,"Expendables 2, The (2012)",2012,2.95,3097
164606,Operation Avalanche (2016),2016,2.95,82
4697,Basket Case (1982),1982,2.95,470
6221,Gaudi Afternoon (2001),2001,2.95,61
32124,God Is Brazilian (Deus É Brasileiro) (2003),2003,2.95,71
131842,Cut Bank (2014),2014,2.95,71
277262,Orphan: First Kill (2022),2022,2.95,81
4293,Summer Rental (1985),1985,2.95,687
47646,Idlewild (2006),2006,2.95,101
89194,Prom (2011),2011,2.95,80
7284,Trespass (1992),1992,2.95,160
96863,"Paperboy, The (2012)",2012,2.95,209
6115,Personal Best (1982),1982,2.95,159
26495,Yellowbeard (1983),1983,2.95,149
227496,Holidate (2020),2020,2.95,288
147022,Love the Coopers (2015),2015,2.95,129
220540,The Silencing (2020),2020,2.95,99
58576,Made in U.S.A. (1966),1966,2.95,79
25801,She Done Him Wrong (1933),1933,2.95,79
6290,House of 1000 Corpses (2003),2003,2.95,1527
67197,Knowing (2009),2009,2.95,3503
235435,Malcolm & Marie (2021),2021,2.95,118
94867,"Pact, The (2012)",2012,2.95,226
254724,The Many Saints of Newark (2021),2021,2.95,176
186005,Book Club (2018),2018,2.95,185
278690,Amsterdam (2022),2022,2.95,253
2615,My Science Project (1985),1985,2.95,1072
2120,Needful Things (1993),1993,2.95,1758
105585,Machete Kills (Machete 2) (2013),2013,2.95,659
8868,Head in the Clouds (2004),2004,2.95,162
128488,Wild Card (2015),2015,2.95,332
32914,Carrie (2002),2002,2.95,282
1841,"Gingerbread Man, The (1998)",1998,2.95,777
262061,Night Teeth (2021),2021,2.95,56
5842,Too Beautiful for You (Trop belle pour toi) (1989),1989,2.95,84
189065,Steve Martin and Martin Short: An Evening You Will Forget for the Rest of Your Life (2018),2018,2.95,56
88932,Final Destination 5 (2011),2011,2.95,1023
2233,Digging to China (1998),1998,2.95,65
56156,Hitman (2007),2007,2.95,2318
101531,Phil Spector (2013),2013,2.95,74
7379,The Alamo (2004),2004,2.95,536
109673,300: Rise of an Empire (2014),2014,2.95,2278
192911,A.X.L. (2018),2018,2.95,83
67784,"Cake Eaters, The (2007)",2007,2.95,92
6177,Murphy's Law (1986),1986,2.95,92
60760,"X-Files: I Want to Believe, The (2008)",2008,2.95,1388
55498,Silk (2007),2007,2.95,110
273129,Memory (2022),2022,2.95,82
2435,Hurlyburly (1998),1998,2.95,691
1857,"Real Blonde, The (1997)",1997,2.94,236
48414,Open Season (2006),2006,2.94,1379
143199,Immoral Tales (1974),1974,2.94,54
6994,"Hard Way, The (1991)",1991,2.94,295
466,Hot Shots! Part Deux (1993),1993,2.94,14637
156609,Neighbors 2: Sorority Rising (2016),2016,2.94,1070
100163,Hansel & Gretel: Witch Hunters (2013),2013,2.94,1769
149830,Pride and Prejudice and Zombies (2016),2016,2.94,461
4868,Bangkok Dangerous (2000),2000,2.94,124
4503,Everybody's All-American (1988),1988,2.94,168
166140,The Untamed (2016),2016,2.94,53
7207,Where the Boys Are (1960),1960,2.94,106
1341,Burnt Offerings (1976),1976,2.94,467
3493,Torso (1973),1973,2.94,79
112436,Very Good Girls (2014),2014,2.94,79
34057,Godzilla vs. Hedorah (Gojira tai Hedorâ) (Godzilla vs. The Smog Monster) (1971) ,1971,2.94,70
6287,Anger Management (2003),2003,2.94,7500
192081,Like Father (2018),2018,2.94,122
47044,Miami Vice (2006),2006,2.94,1860
1327,"Amityville Horror, The (1979)",1979,2.94,3378
6635,"Rachel Papers, The (1989)",1989,2.94,69
4925,"Cheap Detective, The (1978)",1978,2.94,146
52227,"Darwin Awards, The (2006)",2006,2.94,188
78041,Killers (2010),2010,2.94,957
182823,Bright (2017),2017,2.94,1665
6025,CB4 - The Movie (1993),1993,2.94,312
569,Little Big League (1994),1994,2.94,1727
4333,Throw Momma from the Train (1987),1987,2.94,2578
8964,Callas Forever (2002),2002,2.94,50
170423,All Nighter (2017),2017,2.94,50
166765,Tri bogatyrya i Shamakhanskaya tsaritsa (2010),2010,2.94,50
5433,Silver Bullet (Stephen King's Silver Bullet) (1985),1985,2.94,573
168554,iBoy (2017),2017,2.94,199
4692,"Hotel New Hampshire, The (1984)",1984,2.94,373
162576,13 Cameras (2015),2015,2.94,66
8615,"Mask of Fu Manchu, The (1932)",1932,2.94,66
96691,Resident Evil: Retribution (2012),2012,2.94,1646
5117,Funny Lady (1975),1975,2.94,255
140511,Hellboy Animated: Blood and Iron (2007),2007,2.94,74
1888,Hope Floats (1998),1998,2.94,3173
250494,Gunpowder Milkshake (2021),2021,2.94,238
165119,Mascots (2016),2016,2.94,131
1804,"Newton Boys, The (1998)",1998,2.94,834
533,"Shadow, The (1994)",1994,2.94,4103
190183,The Darkest Minds (2018),2018,2.94,204
1974,Friday the 13th (1980),1980,2.94,4969
138944,Dragon Ball: Episode of Bardock (2011),2011,2.94,57
284193,We Have a Ghost (2023),2023,2.94,65
50158,Stomp the Yard (2007),2007,2.94,219
6318,"Marrying Man, The (Too Hot to Handle) (1991)",1991,2.94,154
185033,I Kill Giants (2018),2018,2.94,243
6601,Big Trouble (1986),1986,2.94,89
71325,Love Happens (2009),2009,2.94,314
2369,Desperately Seeking Susan (1985),1985,2.94,5528
186985,Batman Ninja (2018),2018,2.94,192
132056,The Forger (2014),2014,2.94,72
2472,Tough Guys (1986),1986,2.94,557
4740,Maybe Baby (2000),2000,2.94,135
3810,White Sands (1992),1992,2.94,357
7226,No Good Deed (a.k.a. The House on Turk Street) (2002),2002,2.94,95
134246,Survivor (2015),2015,2.94,197
105837,Godzilla vs. SpaceGodzilla (Gojira VS Supesugojira) (1994),1994,2.94,55
58297,Doomsday (2008),2008,2.94,949
162396,Skiptrace (2016),2016,2.94,149
754,Gold Diggers: The Secret of Bear Mountain (1995),1995,2.94,384
155074,Evolution (2016),2016,2.94,94
204708,Come to Daddy (2019),2019,2.94,133
207229,Jexi (2019),2019,2.94,133
112655,No One Lives (2012),2012,2.94,86
5205,Motel Hell (1980),1980,2.94,273
110322,Dom Hemingway (2014),2014,2.94,163
3373,Buck and the Preacher (1972),1972,2.94,54
4193,"Fantasticks, The (1995)",1995,2.93,92
31445,Employee of the Month (2004),2004,2.93,229
603,"Bye Bye, Love (1995)",1995,2.93,618
288571,Blue Beetle (2023),2023,2.93,61
4524,Moon Over Parador (1988),1988,2.93,350
26819,Fortress (1992),1992,2.93,448
265156,A Boy Called Christmas (2021),2021,2.93,53
142867,Tiger House (2015),2015,2.93,53
8702,Dream Lover (1993),1993,2.93,68
143031,Jump In! (2007),2007,2.93,68
1604,Money Talks (1997),1997,2.93,853
278876,Ticket to Paradise (2022),2022,2.93,158
166918,The Great Wall (2016),2016,2.93,915
130578,"Gunman, The (2015)",2015,2.93,195
37853,Into the Blue (2005),2005,2.93,832
479,Judgment Night (1993),1993,2.93,1293
34538,Asylum (2005),2005,2.93,67
82152,Beastly (2011),2011,2.93,674
212587,Spenser Confidential (2020),2020,2.93,346
32442,Greedy (1994),1994,2.93,103
3264,Buffy the Vampire Slayer (1992),1992,2.93,5124
204,Under Siege 2: Dark Territory (1995),1995,2.93,8795
3744,Shaft (2000),2000,2.93,4917
173139,The Bad Batch (2017),2017,2.93,218
2625,Black Mask (Hak hap) (1996),1996,2.93,696
5854,Sharky's Machine (1981),1981,2.93,174
1659,Hurricane Streets (1997),1997,2.93,94
226888,The Dark and the Wicked (2020),2020,2.93,94
113350,I'll Follow You Down (2013),2013,2.93,65
187031,Jurassic World: Fallen Kingdom (2018),2018,2.93,2013
267424,Death to 2021 (2021),2021,2.93,79
163931,Billy Lynn's Long Halftime Walk (2016),2016,2.93,86
6219,"Hunted, The (2003)",2003,2.93,831
172789,Lovey-Dovey (2007),2007,2.93,50
2207,Jamaica Inn (1939),1939,2.93,214
6058,Final Destination 2 (2003),2003,2.93,3486
4371,Baby Boy (2001),2001,2.93,392
6186,Gods and Generals (2003),2003,2.93,399
4707,Liebestraum (1991),1991,2.93,57
5919,Android (1982),1982,2.93,99
8985,Blade: Trinity (2004),2004,2.93,4430
2384,Babe: Pig in the City (1998),1998,2.93,5884
5360,"Survivors, The (1983)",1983,2.93,141
255657,Don't Breathe 2 (2021),2021,2.93,162
26513,"Ice Pirates, The (1984)",1984,2.93,338
2335,"Waterboy, The (1998)",1998,2.93,7923
2377,Lifeforce (1985),1985,2.93,1291
133867,Barely Lethal (2015),2015,2.93,161
136590,The Thirteenth Year (1999),1999,2.93,56
285565,Inside (2023),2023,2.93,56
95223,4.3.2.1 (2010),2010,2.93,56
5324,Life or Something Like It (2002),2002,2.93,779
62764,Black Moon (1975),1975,2.93,111
3276,Gun Shy (2000),2000,2.93,319
59105,Where in the World Is Osama Bin Laden? (2008),2008,2.93,104
137457,Blue Lagoon: The Awakening (2012),2012,2.93,76
2504,200 Cigarettes (1999),1999,2.93,1629
5415,Divine Secrets of the Ya-Ya Sisterhood (2002),2002,2.93,1543
274971,Thor: Love and Thunder (2022),2022,2.93,1095
60599,Flakes (2007),2007,2.93,55
3987,Bounce (2000),2000,2.93,1941
3934,Kronos (1957),1957,2.93,89
185295,The Outsider (2018),2018,2.93,123
131439,Kill Me Three Times (2014),2014,2.93,205
8870,"Forgotten, The (2004)",2004,2.93,1786
544,Striking Distance (1993),1993,2.93,2320
103384,"Lone Ranger, The (2013)",2013,2.93,2258
65585,Bride Wars (2009),2009,2.93,1400
74450,Valentine's Day (2010),2010,2.93,1406
253976,Reminiscence (2021),2021,2.93,276
5629,Jonah: A VeggieTales Movie (2002),2002,2.93,403
114182,No Good Deed (2014),2014,2.93,94
218525,Peninsula (2020),2020,2.93,161
215683,The Willoughbys (2020),2020,2.93,134
1586,G.I. Jane (1997),1997,2.93,7549
26803,House of Angels (Änglagård) (1992),1992,2.92,73
140131,Extinction (2015),2015,2.92,126
80551,Eat Pray Love (2010),2010,2.92,1246
33085,"Amityville Horror, The (2005)",2005,2.92,1564
133173,Barbie Mariposa and Her Butterfly Fairy Friends (2008),2008,2.92,53
101687,Blue Caprice (2013),2013,2.92,53
97697,Transit (2012),2012,2.92,53
39896,South Central (1992),1992,2.92,53
2214,Number Seventeen (a.k.a. Number 17) (1932),1932,2.92,86
185981,Spinning Man (2017),2017,2.92,59
192123,The Breaker Upperers (2018),2018,2.92,59
464,Hard Target (1993),1993,2.92,3441
4759,Two Can Play That Game (2001),2001,2.92,157
80572,I'm Still Here (2010),2010,2.92,242
639,Girl 6 (1996),1996,2.92,1157
4696,"Zorro, the Gay Blade (1981)",1981,2.92,430
5785,Jackass: The Movie (2002),2002,2.92,5492
69118,In the Electric Mist (2009),2009,2.92,156
3056,Oxygen (1999),1999,2.92,130
87081,Penny Dreadful (2006),2006,2.92,52
2796,Funny Farm (1988),1988,2.92,1524
512,"Puppet Masters, The (1994)",1994,2.92,1309
26696,Lionheart (1990),1990,2.92,278
132584,The Even Stevens Movie (2003),2003,2.92,71
60322,Sleepwalking (2008),2008,2.92,58
134775,Dragon Blade (2015),2015,2.92,90
59362,Anamorph (2007),2007,2.92,90
72165,Cirque du Freak: The Vampire's Assistant (2009),2009,2.92,475
99633,"Sweeney, The (2012)",2012,2.92,77
3013,Bride of Re-Animator (1990),1990,2.92,577
36401,"Brothers Grimm, The (2005)",2005,2.92,3744
213355,Antlers (2020),2020,2.92,141
50802,Because I Said So (2007),2007,2.92,679
4699,Original Sin (2001),2001,2.92,1055
67168,Dance of the Dead (2008),2008,2.92,147
716,Switchblade Sisters (1975),1975,2.92,319
100390,Identity Thief (2013),2013,2.92,1325
112897,The Expendables 3 (2014),2014,2.92,1601
1854,Kissing a Fool (1998),1998,2.92,419
102686,"Hangover Part III, The (2013)",2013,2.92,2983
2415,Violets Are Blue... (1986),1986,2.92,76
7325,Starsky & Hutch (2004),2004,2.92,5664
276251,DC League of Super-Pets (2022),2022,2.92,107
99087,Playing for Keeps (2012),2012,2.92,132
212853,VFW (2019),2019,2.92,50
168772,Lavender (2016),2016,2.92,50
5531,Undisputed (2002),2002,2.92,287
71254,Gamer (2009),2009,2.92,2211
25913,Isle of the Dead (1945),1945,2.92,56
178085,November Criminals (2017),2017,2.92,56
5524,Blue Crush (2002),2002,2.92,1653
203224,Dora and the Lost City of Gold (2019),2019,2.92,211
38,It Takes Two (1995),1995,2.92,750
6572,Scorched (2003),2003,2.92,99
104097,My Little Pony: Equestria Girls (2013),2013,2.92,68
135274,The Luck of the Irish (2001),2001,2.92,68
2509,Eight Days a Week (1997),1997,2.92,179
286097,The Pope's Exorcist (2023),2023,2.92,111
2768,Stiff Upper Lips (1998),1998,2.92,74
232131,The Marksman (2021),2021,2.92,111
7283,Swing Shift (1984),1984,2.92,148
3216,"Vampyros Lesbos (Vampiras, Las) (1971)",1971,2.92,154
3139,Tarzan the Fearless (1933),1933,2.92,123
221246,An American Pickle (2020),2020,2.92,258
46574,"OH in Ohio, The (2006)",2006,2.92,135
2865,Sugar Town (1999),1999,2.92,135
186587,Rampage (2018),2018,2.92,984
101243,Klip (Clip) (2012),2012,2.92,55
73641,"House on Sorority Row, The (1983)",1983,2.92,61
5845,"Pursuit of D.B. Cooper, The (a.k.a. Pursuit) (1981)",1981,2.92,61
5689,Billy Bathgate (1991),1991,2.92,323
98013,"Details, The (2011)",2011,2.92,67
135889,The House at the End of Time (2013),2013,2.92,73
40817,Dinner with Friends (2001),2001,2.92,79
4396,"Cannonball Run, The (1981)",1981,2.92,1826
51372,"""Great Performances"" Cats (1998)",1998,2.92,236
39446,Saw II (2005),2005,2.92,5518
178419,Let the Sunshine In (2017),2017,2.92,66
4556,Track 29 (1988),1988,2.92,60
272367,Father Stu (2022),2022,2.92,60
27238,Guest House Paradiso (1999),1999,2.92,60
2710,"Blair Witch Project, The (1999)",1999,2.92,22780
58156,Semi-Pro (2008),2008,2.92,1370
6109,One from the Heart (1982),1982,2.92,131
4343,Evolution (2001),2001,2.92,6965
44815,ATL (2006),2006,2.92,113
8527,I'll Sleep When I'm Dead (2003),2003,2.92,226
179163,Unicorn Store (2017),2017,2.92,113
41575,"Promise, The (Wu ji) (2005)",2005,2.92,101
731,Heaven's Prisoners (1996),1996,2.92,867
176219,Cadet Kelly (2002),2002,2.92,95
8948,Alfie (2004),2004,2.92,1474
198265,The Wandering Earth (2019),2019,2.92,278
44397,"Hills Have Eyes, The (2006)",2006,2.92,2010
51094,Gray Matters (2006),2006,2.92,118
8993,"Family Jewels, The (1965)",1965,2.92,53
75805,"Bounty Hunter, The (2010)",2010,2.92,1418
57421,Hatchet (2006),2006,2.91,217
67361,Echelon Conspiracy (2009),2009,2.91,199
4988,White Water Summer (1987),1987,2.91,117
5111,"Good Son, The (1993)",1993,2.91,1022
5401,Undercover Brother (2002),2002,2.91,1716
27392,Run Ronnie Run (2002),2002,2.91,93
136249,Scooby-Doo! and the Monster of Mexico (2003),2003,2.91,58
6315,Wildcats (1986),1986,2.91,435
5808,"Weight of Water, The (2000)",2000,2.91,220
5307,Taking Care of Business (1990),1990,2.91,185
8526,Around the World in 80 Days (2004),2004,2.91,1565
167744,Prevenge (2016),2016,2.91,69
91304,Xtro (1983),1983,2.91,69
150604,Moonwalkers (2015),2015,2.91,92
3518,"End of Violence, The (1997)",1997,2.91,258
175603,Anti Matter (2016),2016,2.91,63
271232,Fantastic Beasts: The Secrets of Dumbledore (2022),2022,2.91,481
37386,Aeon Flux (2005),2005,2.91,4259
286901,The Flash (2023),2023,2.91,251
32928,Control (2004),2004,2.91,57
218997,Irresistible (2020),2020,2.91,131
158,Casper (1995),1995,2.91,14395
2789,Damien: Omen II (1978),1978,2.91,1457
6424,Oscar (1991),1991,2.91,511
55566,Tyler Perry's Why Did I Get Married? (2007),2007,2.91,119
26710,"Welcome Home, Roxy Carmichael (1990)",1990,2.91,68
27450,Blueberry (2004),2004,2.91,136
2752,Outrageous Fortune (1987),1987,2.91,1002
199307,Greta (2019),2019,2.91,198
52591,"Contract, The (2006)",2006,2.91,243
274197,Lightyear (2022),2022,2.91,367
433,Clean Slate (1994),1994,2.91,1252
148172,The 5th Wave (2016),2016,2.91,847
1167,Dear God (1996),1996,2.91,877
65577,"Tale of Despereaux, The (2008)",2008,2.91,646
162478,Masterminds (2016),2016,2.91,456
142372,Our Brand Is Crisis (2015),2015,2.91,139
218715,Lost Bullet (2020),2020,2.91,50
60939,Swing Vote (2008),2008,2.91,272
114244,"Riot Club, The (2014)",2014,2.91,110
136656,Manglehorn (2014),2014,2.91,55
225920,Fatman (2020),2020,2.91,148
2978,Three to Tango (1999),1999,2.91,1051
26717,Begotten (1990),1990,2.91,142
3878,X: The Unknown (1956),1956,2.91,71
69381,"Hitman, The (1991)",1991,2.91,60
70932,My Life in Ruins (2009),2009,2.91,207
4320,"Buffalo Bill and the Indians, or Sitting Bull's History Lesson (a.k.a. Buffalo Bill and the Indians) (1976)",1976,2.91,114
2082,"Mighty Ducks, The (1992)",1992,2.91,5265
3287,"Tigger Movie, The (2000)",2000,2.91,1096
69606,Ghosts of Girlfriends Past (2009),2009,2.91,1041
57910,Teeth (2007),2007,2.91,650
2411,Rocky IV (1985),1985,2.91,6127
185569,7 Days in Entebbe (2018),2018,2.91,92
34648,Acacia (2003),2003,2.91,54
4275,Krull (1983),1983,2.91,1430
174815,The House (2017),2017,2.91,329
6804,Crimewave (1985),1985,2.91,113
5184,Heaven's Gate (1980),1980,2.91,247
8506,Fear X (2003),2003,2.91,102
106508,"Dyatlov Pass Incident, The (Devil's Pass) (2013)",2013,2.91,134
205106,Can You Keep a Secret? (2019),2019,2.91,96
3968,Bedazzled (2000),2000,2.91,5829
48593,Man of the Year (2006),2006,2.91,750
171581,Flower (2017),2017,2.91,101
836,Chain Reaction (1996),1996,2.91,5197
111373,Lovely Molly (2011),2011,2.91,69
5455,"Object of Beauty, The (1991)",1991,2.91,90
58975,"Ruins, The (2008)",2008,2.91,735
108318,"Single Shot, A (2013)",2013,2.91,74
2756,Wanted: Dead or Alive (1987),1987,2.91,227
136239,Smart House (1999),1999,2.91,95
4677,Turner & Hooch (1989),1989,2.91,3066
4654,Road House (1989),1989,2.91,1580
160569,Ice Age: Collision Course (2016),2016,2.9,645
2322,Soldier (1998),1998,2.9,2572
4146,"Million Dollar Hotel, The (2001)",2001,2.9,599
1713,Mouse Hunt (1997),1997,2.9,2726
5207,"Mountain Men, The (1980)",1980,2.9,52
56848,Ricochet (1991),1991,2.9,130
46974,World Trade Center (2006),2006,2.9,971
93024,Retreat (2011),2011,2.9,83
9001,"Wackiest Ship in the Army, The (1960)",1960,2.9,57
1331,Audrey Rose (1977),1977,2.9,442
197419,The Vanishing (2018),2018,2.9,77
7102,Dragnet (1987),1987,2.9,931
79868,Heartless (2009),2009,2.9,97
8713,"New Adventures of Pippi Longstocking, The (1988)",1988,2.9,199
85510,Sucker Punch (2011),2011,2.9,3439
217913,Becky (2020),2020,2.9,102
104074,Percy Jackson: Sea of Monsters (2013),2013,2.9,1182
4653,"Return of the Musketeers, The (1989)",1989,2.9,112
6374,"In-Laws, The (2003)",2003,2.9,529
3423,School Daze (1988),1988,2.9,381
26566,"Best of Times, The (1986)",1986,2.9,71
2314,Beloved (1998),1998,2.9,663
4959,"Affair of the Necklace, The (2001)",2001,2.9,172
272051,Black Crab (2022),2022,2.9,86
146,"Amazing Panda Adventure, The (1995)",1995,2.9,607
102160,"Numbers Station, The (2013)",2013,2.9,186
61705,Lakeview Terrace (2008),2008,2.9,563
4528,Off Limits (1988),1988,2.9,60
55946,Lions For Lambs (2007),2007,2.9,484
2735,"Golden Child, The (1986)",1986,2.9,4365
2372,Fletch Lives (1989),1989,2.9,2051
6267,Assassination Tango (2002),2002,2.9,94
148,"Awfully Big Adventure, An (1995)",1995,2.9,371
140805,Attack on Titan (2015),2015,2.9,148
215229,Trolls World Tour (2020),2020,2.9,143
548,Terminal Velocity (1994),1994,2.9,2904
88237,Griff the Invisible (2011),2011,2.9,69
3988,How the Grinch Stole Christmas (a.k.a. The Grinch) (2000),2000,2.9,9507
61697,Righteous Kill (2008),2008,2.9,734
33815,"Perfect Man, The (2005)",2005,2.9,394
2374,Gung Ho (1986),1986,2.9,1644
2530,Beneath the Planet of the Apes (1970),1970,2.9,2775
182475,The Ballad of Lefty Brown (2017),2017,2.9,54
2849,Queens Logic (1991),1991,2.9,201
71910,"Tournament, The (2009)",2009,2.9,259
78967,"Island of Dr. Moreau, The (1977)",1977,2.9,83
3900,Crime and Punishment in Suburbia (2000),2000,2.9,156
127110,Digging for Fire (2015),2015,2.9,78
6033,Mystery Date (1991),1991,2.9,78
6304,Brainscan (1994),1994,2.9,228
166,"Doom Generation, The (1995)",1995,2.9,800
72603,Merry Madagascar (2009),2009,2.9,160
2375,"Money Pit, The (1986)",1986,2.9,4217
1593,Picture Perfect (1997),1997,2.9,1726
80162,"Horde, The (La Horde) (2009)",2009,2.9,111
26388,"Hound of the Baskervilles, The (1978)",1978,2.9,53
4328,"Return of the Magnificent Seven, The (a.k.a. Return of the Seven) (1966)",1966,2.9,159
6049,Ethan Frome (1993),1993,2.9,101
185001,I Feel Pretty (2018),2018,2.9,375
170949,My Cousin Rachel (2017),2017,2.9,96
170751,Aftermath (2017),2017,2.9,115
109850,Need for Speed (2014),2014,2.9,924
48791,Flicka (2006),2006,2.9,134
5302,Breakout (1975),1975,2.9,67
74530,Percy Jackson & the Olympians: The Lightning Thief (2010),2010,2.9,2933
103982,Frankenstein's Army (2013),2013,2.9,62
53207,88 Minutes (2008),2008,2.89,999
2038,"Cat from Outer Space, The (1978)",1978,2.89,1269
26021,Jailhouse Rock (1957),1957,2.89,76
32153,Once Upon a Forest (1993),1993,2.89,109
4997,"Convent, The (2000)",2000,2.89,90
9008,"Invisible Man Returns, The (1940)",1940,2.89,71
260665,Eternals (2021),2021,2.89,1022
84834,Three Kingdoms: Resurrection of the Dragon (Saam gwok dzi gin lung se gap) (2008),2008,2.89,52
6512,"Long Ships, The (1963)",1963,2.89,52
103259,K-911 (1999),1999,2.89,52
5336,Cuba (1979),1979,2.89,52
5420,Windtalkers (2002),2002,2.89,2301
113775,Life of Crime (2013),2013,2.89,137
49276,Let's Go to Prison (2006),2006,2.89,325
1191,Madonna: Truth or Dare (1991),1991,2.89,1638
315,"Specialist, The (1994)",1994,2.89,11413
272211,Ambulance (2022),2022,2.89,225
194200,Hell Fest (2018),2018,2.89,89
254,Jefferson in Paris (1995),1995,2.89,632
245902,Those Who Wish Me Dead (2021),2021,2.89,196
6825,"Reluctant Astronaut, The (1967)",1967,2.89,84
4915,"Beastmaster, The (1982)",1982,2.89,1051
70093,Cheri (2009),2009,2.89,93
92234,Red Tails (2012),2012,2.89,186
4250,"Body, The (2001)",2001,2.89,172
6050,Gus (1976),1976,2.89,79
2327,Tales from the Darkside: The Movie (1990),1990,2.89,808
7886,Countess Dracula (1972),1972,2.89,65
170939,Captain Underpants: The First Epic Movie (2017),2017,2.89,246
180091,Pokémon the Movie: I Choose You! (2017),2017,2.89,60
3879,"Art of War, The (2000)",2000,2.89,1601
1473,Best Men (1997),1997,2.89,235
82022,"Reef, The (2010)",2010,2.89,101
3937,Runaway (1984),1984,2.89,716
4003,She's Having a Baby (1988),1988,2.89,872
210,Wild Bill (1995),1995,2.89,500
4307,"Fast Food, Fast Women (2000)",2000,2.89,55
7032,Revenge (1990),1990,2.89,183
2497,Message in a Bottle (1999),1999,2.89,2051
5193,"Jazz Singer, The (1980)",1980,2.89,237
176937,Jigsaw (2017),2017,2.89,515
240,Hideaway (1995),1995,2.89,847
174503,Orbiter 9 (2017),2017,2.89,91
2040,"Computer Wore Tennis Shoes, The (1969)",1969,2.89,837
217929,Mortal (2020),2020,2.89,50
165681,Almost Christmas (2016),2016,2.89,50
91626,Faces in the Crowd (2011),2011,2.89,118
402,Open Season (1996),1996,2.89,59
27833,Silver City (2004),2004,2.89,136
196175,Welcome to Marwen (2018),2018,2.89,136
5913,Warning for the Joensson Gang (Varning för Jönssonligan) (1981),1981,2.89,77
4418,Things Are Tough All Over (1982),1982,2.89,77
46335,"Fast and the Furious: Tokyo Drift, The (Fast and the Furious 3, The) (2006)",2006,2.89,3847
3697,Predator 2 (1990),1990,2.89,6714
64249,Shrek the Halls (2007),2007,2.89,646
40952,Bee Season (2005),2005,2.89,144
267,Major Payne (1995),1995,2.89,4334
2091,Return from Witch Mountain (1978),1978,2.89,1246
110750,Heaven Is for Real (2014),2014,2.89,121
26593,Hell Comes to Frogtown (1988),1988,2.89,76
5197,Little Darlings (1980),1980,2.89,183
101281,I Give It a Year (2013),2013,2.89,205
6586,American Wedding (American Pie 3) (2003),2003,2.89,4498
43871,Firewall (2006),2006,2.89,1193
6293,XX/XY (2002),2002,2.89,129
51044,Magical Mystery Tour (1967),1967,2.89,120
4480,"Blob, The (1988)",1988,2.89,1071
177,Lord of Illusions (1995),1995,2.89,2399
270400,Marry Me (2022),2022,2.89,111
4284,Frankie and Johnny (1966),1966,2.89,164
106243,Godzilla Against MechaGodzilla (Gojira tai Mekagojira) (2002),2002,2.89,62
3693,"Toxic Avenger, The (1985)",1985,2.89,1390
4031,All the Pretty Horses (2000),2000,2.89,1100
5040,Conan the Destroyer (1984),1984,2.89,2298
2292,Overnight Delivery (1998),1998,2.89,216
168722,Attraction (2017),2017,2.89,119
53121,Shrek the Third (2007),2007,2.89,6368
30659,Noel (2004),2004,2.89,88
3848,Silent Fall (1994),1994,2.89,110
7230,"Silencers, The (1966)",1966,2.89,66
9004,D.A.R.Y.L. (1985),1985,2.89,443
40342,Romance & Cigarettes (2005),2005,2.89,96
108945,RoboCop (2014),2014,2.89,2557
60259,Bambi 2 (2006),2006,2.89,135
90310,Father of Invention (2010),2010,2.89,74
114046,God's Pocket (2014),2014,2.89,74
4362,"Boys Next Door, The (1986)",1986,2.88,52
26316,Let Sleeping Corpses Lie (Non si deve profanare il sonno dei morti) (1974),1974,2.88,52
90888,Immortals (2011),2011,2.88,1107
4141,Head Over Heels (2001),2001,2.88,627
162842,David Brent: Life on the Road (2016),2016,2.88,121
4937,Fatso (1980),1980,2.88,69
145094,Howl (2015),2015,2.88,69
5171,"Time Machine, The (2002)",2002,2.88,5142
120,Race the Sun (1996),1996,2.88,155
6812,"Rookie, The (1990)",1990,2.88,499
98230,10 Years (2011),2011,2.88,146
6355,"Girls, Les (1957)",1957,2.88,60
78247,"Drawn Together Movie: The Movie!, The (2010)",2010,2.88,60
70565,"Goods: Live Hard, Sell Hard, The (2009)",2009,2.88,227
1770,B. Monkey (1998),1998,2.88,214
46530,Superman Returns (2006),2006,2.88,6075
130044,Late Phases (2014),2014,2.88,81
2428,"Faculty, The (1998)",1998,2.88,6685
190397,The Domestics (2018),2018,2.88,68
94478,Dark Shadows (2012),2012,2.88,2434
3438,Teenage Mutant Ninja Turtles (1990),1990,2.88,5847
1991,Child's Play (1988),1988,2.88,3213
1983,Halloween II (1981),1981,2.88,2186
141004,Victor Frankenstein (2015),2015,2.88,453
7917,Wild in the Streets (1968),1968,2.88,55
45672,Click (2006),2006,2.88,7645
6510,"Bodies, Rest & Motion (1993)",1993,2.88,93
8831,Suspect Zero (2004),2004,2.88,448
5303,Joe Versus the Volcano (1990),1990,2.88,2107
213129,The Night Clerk (2020),2020,2.88,76
1779,Sphere (1998),1998,2.88,7084
141799,Cooties (2015),2015,2.88,211
3648,"Abominable Snowman, The (Abominable Snowman of the Himalayas, The) (1957)",1957,2.88,105
5964,Company Business (1991),1991,2.88,63
195075,Piercing (2018),2018,2.88,63
3672,Benji (1974),1974,2.88,882
252930,Old (2021),2021,2.88,562
5284,Crush (2001),2001,2.88,239
187213,Psychokinesis (2018),2018,2.88,67
137595,Magic Mike XXL (2015),2015,2.88,346
73820,Hannah Takes the Stairs (2007),2007,2.88,50
173879,Shimmer Lake (2017),2017,2.88,104
186,Nine Months (1995),1995,2.88,11491
113771,Exists (2014),2014,2.88,54
4790,"Return of a Man Called Horse, The (1976)",1976,2.88,137
5665,Knockaround Guys (2002),2002,2.88,597
106030,"Last Days on Mars, The (2013)",2013,2.88,319
26013,Rodan (Sora no daikaijû Radon) (1956),1956,2.88,58
4718,American Pie 2 (2001),2001,2.88,13139
48416,School for Scoundrels (2006),2006,2.88,436
5012,Yentl (1983),1983,2.88,625
5044,Foxes (1980),1980,2.88,111
3800,Criminal Lovers (1999),1999,2.88,78
2402,Rambo: First Blood Part II (1985),1985,2.88,6040
215951,The Wretched (2020),2020,2.88,82
188309,Skyscraper (2018),2018,2.88,701
51847,Right at Your Door (2006),2006,2.88,131
92264,One for the Money (2012),2012,2.88,323
2741,No Mercy (1986),1986,2.88,335
4879,High Heels and Low Lifes (2001),2001,2.88,102
243208,Yes Day (2021),2021,2.88,102
208,Waterworld (1995),1995,2.88,31329
56158,This Christmas (2007),2007,2.88,57
290407,No One Will Save You (2023),2023,2.88,57
283223,Shazam! Fury of the Gods (2023),2023,2.88,232
445,Fatal Instinct (1993),1993,2.88,1928
162160,Viral (2016),2016,2.88,65
42710,Ted Bundy (2002),2002,2.88,69
272037,Windfall (2022),2022,2.88,93
45501,"Break-Up, The (2006)",2006,2.88,2878
168498,Resident Evil: The Final Chapter (2017),2017,2.88,780
176103,The LEGO Ninjago Movie (2017),2017,2.88,197
1783,Palmetto (1998),1998,2.88,1301
50445,"Hitcher, The (2007)",2007,2.88,445
195639,The Princess Switch (2018),2018,2.88,192
74818,44 Inch Chest (2009),2009,2.88,60
165085,Batman: Return of the Caped Crusaders (2016),2016,2.88,72
7878,Straight to Hell (1987),1987,2.88,68
196611,Ellen DeGeneres: Relatable (2018),2018,2.88,68
130087,The Cobbler (2015),2015,2.88,440
135823,Dhoom 3 (2013),2013,2.88,84
5006,Sex and Zen (Rou pu Tuan zhi tou Qing bao Jian) (1992),1992,2.88,68
1598,Desperate Measures (1998),1998,2.87,948
210455,Gretel & Hansel (2020),2020,2.87,183
6658,10 (1979),1979,2.87,827
6757,Demonlover (2002),2002,2.87,151
4719,Osmosis Jones (2001),2001,2.87,1742
236117,Pleasure (2021),2021,2.87,95
782,"Fan, The (1996)",1996,2.87,2945
6689,"Battle of Shaker Heights, The (2003)",2003,2.87,118
7004,Kindergarten Cop (1990),1990,2.87,4464
171497,Voice from the Stone (2017),2017,2.87,51
114033,Into the Storm (2014),2014,2.87,306
279554,Mr. Harrigan's Phone (2022),2022,2.87,51
52722,Spider-Man 3 (2007),2007,2.87,11399
154939,The Mermaid (2016),2016,2.87,90
158382,The Family Fang (2016),2016,2.87,82
6952,Gothika (2003),2003,2.87,3228
472,I'll Do Anything (1994),1994,2.87,726
50796,Blood and Chocolate (2007),2007,2.87,277
43930,Just My Luck (2006),2006,2.87,780
5057,4 for Texas (1963),1963,2.87,74
20,Money Train (1995),1995,2.87,4306
212024,The VelociPastor (2018),2018,2.87,70
6752,"Fighting Temptations, The (2003)",2003,2.87,136
95307,Rock of Ages (2012),2012,2.87,474
158956,Kill Command (2016),2016,2.87,202
4953,"People That Time Forgot, The (1977)",1977,2.87,101
59040,Gabriel (2007),2007,2.87,97
203513,Annabelle Comes Home (2019),2019,2.87,322
54510,Joshua (2007),2007,2.87,128
96490,"Possession, The (2012)",2012,2.87,287
92719,Tim and Eric's Billion Dollar Movie (2012),2012,2.87,124
78264,"Back-up Plan, The (2010)",2010,2.87,515
60032,Hounddog (2007),2007,2.87,58
111320,Mom's Night Out (2014),2014,2.87,85
218867,Ava,,2.87,278
77780,Virtuality (2009),2009,2.87,54
152228,Misconduct (2016),2016,2.87,54
2569,Among Giants (1998),1998,2.87,54
6417,Live Wire (1992),1992,2.87,54
80361,$5 a Day (2008),2008,2.87,54
38583,"Wraith, The (1986)",1986,2.87,135
70175,Fragments (2008),2008,2.87,50
168430,The Similars (2015),2015,2.87,50
2724,Runaway Bride (1999),1999,2.87,9604
59615,Indiana Jones and the Kingdom of the Crystal Skull (2008),2008,2.87,11152
255337,Venom: Let There Be Carnage (2021),2021,2.87,781
4532,Return of the Living Dead Part II (1988),1988,2.87,501
31998,"Hole in My Heart, A (Hål i mitt hjärta, Ett) (2004)",2004,2.87,61
101612,Admission (2013),2013,2.87,381
265422,Single All the Way (2021),2021,2.87,57
6518,Flight of the Intruder (1991),1991,2.87,209
5308,Three Men and a Baby (1987),1987,2.87,3705
288679,The Out-Laws (2023),2023,2.87,57
2190,Why Do Fools Fall In Love? (1998),1998,2.87,315
44225,Aquamarine (2006),2006,2.87,622
84557,From Prada to Nada (2011),2011,2.87,91
3590,"Lords of Flatbush, The (1974)",1974,2.87,295
6037,Summer Lovers (1982),1982,2.87,121
4531,Red Heat (1988),1988,2.87,1258
4558,Twins (1988),1988,2.87,4021
1881,Quest for Camelot (1998),1998,2.87,819
2961,"Story of Us, The (1999)",1999,2.87,1909
132650,Pokémon: Mewtwo Returns (2000),2000,2.87,83
235295,Wrong Turn (2021),2021,2.87,98
7017,Passenger 57 (1992),1992,2.87,1159
4683,"Wizard, The (1989)",1989,2.87,477
104274,Paranoia (2013),2013,2.87,180
6120,Q: The Winged Serpent (1982),1982,2.87,180
6625,Camp Nowhere (1994),1994,2.87,291
8846,Highwaymen (2003),2003,2.87,97
132796,San Andreas (2015),2015,2.87,1785
53859,Goal II: Living the Dream (2007),2007,2.87,149
96964,"Tall Man, The (2012)",2012,2.87,242
2032,"Barefoot Executive, The (1971)",1971,2.87,245
1601,Hoodlum (1997),1997,2.87,668
3626,8 ½ Women (a.k.a. 8 1/2 Women) (a.k.a. Eight and a Half Women) (1999),1999,2.86,300
46430,Waist Deep (2006),2006,2.86,85
3837,Phantasm II (1988),1988,2.86,521
5509,Biggie and Tupac (2002),2002,2.86,144
223988,Antebellum (2020),2020,2.86,107
110809,Vampire Academy (2014),2014,2.86,402
656,Eddie (1996),1996,2.86,1246
188187,Breaking In (2018),2018,2.86,70
88248,Quarantine 2: Terminal (2011),2011,2.86,169
101112,Oz the Great and Powerful (2013),2013,2.86,1955
7636,Raising Cain (1992),1992,2.86,308
111245,"Case of You, A (2013)",2013,2.86,77
3954,Just Looking (1999),1999,2.86,55
166478,Siren (2016),2016,2.86,55
55995,Beowulf (2007),2007,2.86,3419
204692,In the Tall Grass,,2.86,362
5337,Delirious (1991),1991,2.86,318
98175,Vamps (2012),2012,2.86,73
3025,Rough Night in Jericho (1967),1967,2.86,62
157797,Special Correspondents (2016),2016,2.86,175
79259,Cherrybomb (2009),2009,2.86,51
153,Batman Forever (1995),1995,2.86,35288
36533,Cry_Wolf (a.k.a. Cry Wolf) (2005),2005,2.86,316
89480,Sleeping Beauty (2011),2011,2.86,385
6330,People I Know (2002),2002,2.86,163
177611,Pyewacket (2017),2017,2.86,76
3157,Stuart Little (1999),1999,2.86,6488
1662,Gang Related (1997),1997,2.86,235
4355,Youngblood (1986),1986,2.86,459
283177,Cocaine Bear (2023),2023,2.86,285
61350,Babylon A.D. (2008),2008,2.86,1377
118256,WolfCop (2014),2014,2.86,72
200686,The Head Hunter (2019),2019,2.86,54
288529,The Last Voyage of the Demeter (2023),2023,2.86,54
4400,Donovan's Brain (1953),1953,2.86,72
26257,Sweet Sweetback's Baadasssss Song (1971),1971,2.86,72
6406,Two Evil Eyes (1990),1990,2.86,90
183833,Early Man (2018),2018,2.86,229
79428,Dinner for Schmucks (2010),2010,2.86,1764
157865,Ratchet & Clank (2016),2016,2.86,107
157270,Barbershop: The Next Cut (2016),2016,2.86,89
6280,"Man Apart, A (2003)",2003,2.86,655
6410,Car Wash (1976),1976,2.86,242
31367,"Chase, The (1994)",1994,2.86,270
25757,"Jazz Singer, The (1927)",1927,2.86,142
194871,Possum (2018),2018,2.86,85
201729,Ma (2019),2019,2.86,251
5192,"Island, The (1980)",1980,2.86,120
8927,Cannonball (1976),1976,2.86,134
76753,"Final, The (2010)",2010,2.86,81
242778,Voyagers (2021),2021,2.86,109
208205,Star Wars: The Rise of Skywalker (2019),2019,2.86,3062
1100,Days of Thunder (1990),1990,2.86,5917
3351,Two Thousand Maniacs! (1964),1964,2.86,136
122,Boomerang (1992),1992,2.86,3958
132997,Wrong Turn 6: Last Resort (2014),2014,2.86,73
8746,King of the Ants (2003),2003,2.86,73
64032,Four Christmases (2008),2008,2.86,872
135831,Never Back Down 2: The Beatdown (2011),2011,2.86,66
222561,Chemical Hearts (2020),2020,2.86,59
131453,The Last Will and Testament of Rosalind Leigh (2012),2012,2.86,52
279162,Meet Cute (2022),2022,2.86,52
7454,Van Helsing (2004),2004,2.86,7468
61948,100 Feet (2008),2008,2.86,128
336,"Walking Dead, The (1995)",1995,2.86,294
5844,"Prowler, The (a.k.a. Rosemary's Killer) (a.k.a. The Graduation) (1981)",1981,2.86,83
44189,Ask the Dust (2006),2006,2.86,114
220922,The Rental (2020),2020,2.86,183
76317,After.Life (2009),2009,2.86,307
191253,Billionaire Boys Club (2018),2018,2.85,62
190745,Father of the Year (2018),2018,2.85,55
4721,American Outlaws (2001),2001,2.85,480
169902,Sleight (2017),2017,2.85,72
71533,Next Day Air (2009),2009,2.85,65
183827,Lizzie (2018),2018,2.85,65
4792,13 Ghosts (1960),1960,2.85,799
626,"Thin Line Between Love and Hate, A (1996)",1996,2.85,646
166572,Rules Don't Apply (2016),2016,2.85,51
3085,"Living Dead Girl, The (Morte Vivante, La) (1982)",1982,2.85,51
55492,"Last Winter, The (2006)",2006,2.85,95
5409,Rapid Fire (1992),1992,2.85,190
60514,Journey to the Center of the Earth (2008),2008,2.85,2008
3758,Communion (1989),1989,2.85,451
177101,Rememory (2017),2017,2.85,122
69304,Imagine That (2009),2009,2.85,166
6616,Grind (2003),2003,2.85,159
820,"Death in the Garden (Mort en ce jardin, La) (1956)",1956,2.85,71
6549,How to Deal (2003),2003,2.85,321
174893,2:22 (2017),2017,2.85,128
121099,101 Dalmatians II: Patch's London Adventure (2003),2003,2.85,128
71700,Deadgirl (2008),2008,2.85,212
89028,Don't Be Afraid of the Dark (2010),2010,2.85,299
27461,My Little Eye (2002),2002,2.85,94
278236,Terrifier 2 (2022),2022,2.85,94
66798,"Pink Panther 2, The (2009)",2009,2.85,755
75947,Mondo Cane (1962),1962,2.85,57
27711,Naked Weapon (Chek law dak gung) (2002),2002,2.85,57
847,"Big Squeeze, The (1996)",1996,2.85,114
167634,Fist Fight (2017),2017,2.85,271
101258,Radio Rebel (2010),2010,2.85,97
130083,Kidnapping Mr. Heineken (2015),2015,2.85,117
1667,Mad City (1997),1997,2.85,1136
1373,Star Trek V: The Final Frontier (1989),1989,2.85,8130
58839,Leatherheads (2008),2008,2.85,444
200820,Godzilla: King of the Monsters (2019),2019,2.85,1020
61361,"Women, The (2008)",2008,2.85,213
7258,"Perfect Score, The (2004)",2004,2.85,559
86835,Priest (2011),2011,2.85,1271
94780,Snow White and the Huntsman (2012),2012,2.85,2435
5363,"New Guy, The (2002)",2002,2.85,1144
2136,"Nutty Professor, The (1963)",1963,2.85,2956
162604,Middle School: The Worst Years of My Life (2016),2016,2.85,63
2543,Six Ways to Sunday (1997),1997,2.85,53
6207,"Slaughter Rule, The (2002)",2002,2.85,53
542,Son in Law (1993),1993,2.85,3722
72129,Saw VI (2009),2009,2.85,1443
110130,"Nut Job, The (2014)",2014,2.85,281
5988,Quicksilver (1986),1986,2.85,155
92681,Journey 2: The Mysterious Island (2012),2012,2.85,682
91323,"Sitter, The (2011)",2011,2.85,487
73089,Beyond a Reasonable Doubt (2009),2009,2.85,125
4316,Ice Castles (1978),1978,2.85,292
2387,Very Bad Things (1998),1998,2.85,2518
4727,Captain Corelli's Mandolin (2001),2001,2.85,1175
4267,One Night at McCool's (2001),2001,2.85,1102
93610,Space Battleship Yamato (2010),2010,2.85,98
33193,Viva María! (1965),1965,2.85,62
198141,Nomis (2018),2018,2.85,62
3901,Duets (2000),2000,2.85,796
52717,"Condemned, The (2007)",2007,2.85,388
5710,Banana Joe (1981),1981,2.85,101
155846,War on Everyone (2016),2016,2.85,127
47261,"Night Listener, The (2006)",2006,2.85,260
52838,Year of the Dog (2007),2007,2.85,143
224032,Rebecca (2020),2020,2.85,130
809,Fled (1996),1996,2.85,1422
101761,Welcome to the Punch (2013),2013,2.85,185
176681,Batman & Harley Quinn (2017),2017,2.85,120
5822,Mutant Action (Acción Mutante) (1993),1993,2.85,94
58287,Descent (2007),2007,2.85,81
4,Waiting to Exhale (1995),1995,2.85,2806
44004,Failure to Launch (2006),2006,2.85,2004
68749,Management (2008),2008,2.85,213
142420,High Rise (2015),2015,2.85,555
4501,"Elvira, Mistress of the Dark (1988)",1988,2.84,561
6019,Above Suspicion (1995),1995,2.84,58
170481,The Most Hated Woman in America (2017),2017,2.84,58
1920,Small Soldiers (1998),1998,2.84,4637
703,Boys (1996),1996,2.84,363
127088,Suburban Gothic (2014),2014,2.84,61
281004,Strange World (2022),2022,2.84,122
146423,The Falling (2015),2015,2.84,61
133155,Barbie in 'A Christmas Carol' (2008),2008,2.84,61
160684,Marauders (2016),2016,2.84,138
2266,"Butcher's Wife, The (1991)",1991,2.84,1290
88706,Cyberbully (2011),2011,2.84,77
96565,Bachelorette (2012),2012,2.84,327
7036,Teen Wolf (1985),1985,2.84,1496
7000,Hudson Hawk (1991),1991,2.84,1418
150258,Jane Got a Gun (2015),2015,2.84,112
91972,"Divide, The (2011)",2011,2.84,208
96917,House at the End of the Street (2012),2012,2.84,391
212225,True History of the Kelly Gang (2020),2020,2.84,54
5200,"Man Who Saw Tomorrow, The (1980)",1980,2.84,54
279956,The School for Good and Evil (2022),2022,2.84,54
197199,Isn't It Romantic (2019),2019,2.84,505
1523,"Truth or Consequences, N.M. (1997)",1997,2.84,362
52456,Perfect Stranger (2007),2007,2.84,482
59738,All the Boys Love Mandy Lane (2006),2006,2.84,288
779,'Til There Was You (1997),1997,2.84,519
1432,Metro (1997),1997,2.84,1448
8947,"Grudge, The (2004)",2004,2.84,3426
4620,Lock Up (1989),1989,2.84,350
6196,Cradle 2 the Grave (2003),2003,2.84,769
92,Mary Reilly (1996),1996,2.84,2360
4989,How High (2001),2001,2.84,909
4290,For the Boys (1991),1991,2.84,361
5796,Casino Royale (1967),1967,2.84,1033
3509,Black and White (1999),1999,2.84,425
2215,Rich and Strange (1931),1931,2.84,100
5900,Analyze That (2002),2002,2.84,2963
2532,Conquest of the Planet of the Apes (1972),1972,2.84,2208
1894,Six Days Seven Nights (1998),1998,2.84,5626
121253,The Town that Dreaded Sundown (2014),2014,2.84,106
61250,"House Bunny, The (2008)",2008,2.84,1278
5760,Lady Chatterley's Lover (1981),1981,2.84,109
122888,Ben-hur (2016),2016,2.84,246
86293,Arthur (2011),2011,2.84,582
59594,"War, Inc. (2008)",2008,2.84,333
1567,The Last Time I Committed Suicide (1997),1997,2.84,84
196,Species (1995),1995,2.84,14662
58332,Diary of the Dead (2007),2007,2.84,549
4221,Necessary Roughness (1991),1991,2.84,611
1565,Head Above Water (1996),1996,2.84,257
60832,Pathology (2008),2008,2.84,306
2646,House of Dracula (1945),1945,2.84,238
194927,An Evening with Beverly Luff Linn (2018),2018,2.84,68
78266,Splice (2009),2009,2.84,1420
6730,Convoy (1978),1978,2.84,287
268744,Hotel Transylvania: Transformania (2022),2022,2.84,111
148424,Chi-Raq (2015),2015,2.84,120
57370,Mad Money (2008),2008,2.84,249
59129,Outpost (2008),2008,2.84,129
175243,Security (2017),2017,2.84,92
87483,Mr. Popper's Penguins (2011),2011,2.84,990
4310,Pearl Harbor (2001),2001,2.84,13699
1600,She's So Lovely (1997),1997,2.84,680
4466,Above the Law (1988),1988,2.84,787
200,"Tie That Binds, The (1995)",1995,2.84,346
113071,Earth to Echo (2014),2014,2.84,150
4990,Jimmy Neutron: Boy Genius (2001),2001,2.84,1836
6959,Timeline (2003),2003,2.84,1297
27664,"Brown Bunny, The (2003)",2003,2.84,260
43549,Helter Skelter (2004),2004,2.84,52
207469,Sweetheart (2019),2019,2.84,52
132977,The House of Magic (2014),2014,2.84,52
87485,Bad Teacher (2011),2011,2.84,2724
51503,Wise Guys (1986),1986,2.84,58
4834,Cheech & Chong's Next Movie (1980),1980,2.84,543
109607,In Fear (2013),2013,2.84,67
242942,The Unholy (2021),2021,2.84,70
51939,TMNT (Teenage Mutant Ninja Turtles) (2007),2007,2.84,1083
92696,"Shrine, The (2010)",2010,2.84,73
33629,Airborne (1993),1993,2.84,73
67695,Observe and Report (2009),2009,2.84,836
7255,Win a Date with Tad Hamilton! (2004),2004,2.84,978
95207,Abraham Lincoln: Vampire Hunter (2012),2012,2.84,1545
31892,"No Retreat, No Surrender (1986)",1986,2.84,88
4505,For Keeps (1988),1988,2.84,188
233953,The Woman in the Window,,2.83,303
64116,Igor (2008),2008,2.83,433
1021,Angels in the Outfield (1994),1994,2.83,3890
34767,My Date with Drew (2004),2004,2.83,115
105351,Runner Runner (2013),2013,2.83,272
6707,Cabin Fever (2002),2002,2.83,1718
170813,Baywatch (2017),2017,2.83,947
8447,This Island Earth (1955),1955,2.83,211
8814,Without a Paddle (2004),2004,2.83,1302
798,Daylight (1996),1996,2.83,3411
7707,"He Said, She Said (1991)",1991,2.83,235
1817,No Looking Back (1998),1998,2.83,90
112749,And So It Goes (2014),2014,2.83,72
93952,"Silent House, The (La casa muda) (2010)",2010,2.83,54
59065,Chapter 27 (2007),2007,2.83,102
75816,Women in Trouble (2009),2009,2.83,60
131470,The Houses October Built (2014),2014,2.83,87
57873,Dark Angel (I Come in Peace) (1990),1990,2.83,99
102682,Livid (Livide) (2011),2011,2.83,54
2034,"Black Hole, The (1979)",1979,2.83,2372
558,"Pagemaster, The (1994)",1994,2.83,1759
6379,Wrong Turn (2003),2003,2.83,1398
1438,Dante's Peak (1997),1997,2.83,6725
5449,Mr. Deeds (2002),2002,2.83,5542
1330,April Fool's Day (1986),1986,2.83,1025
7202,Beyond Re-Animator (2003),2003,2.83,230
276155,The Man From Toronto (2022),2022,2.83,209
7161,Cheaper by the Dozen (2003),2003,2.83,2760
58418,Then She Found Me (2007),2007,2.83,146
90403,"Three Musketeers, The (2011)",2011,2.83,755
3830,Psycho Beach Party (2000),2000,2.83,377
129737,Unfinished Business (2015),2015,2.83,175
40574,Get Rich or Die Tryin' (2005),2005,2.83,243
2445,At First Sight (1999),1999,2.83,803
4639,America's Sweethearts (2001),2001,2.83,4453
4812,SpaceCamp (1986),1986,2.83,826
187001,Wildling (2018),2018,2.83,74
282983,You People (2023),2023,2.83,148
72701,Planet 51 (2009),2009,2.83,882
42007,Rumor Has It... (2005),2005,2.83,1083
77841,St Trinian's 2: The Legend of Fritton's Gold (2009),2009,2.83,65
26356,Supervixens (1975),1975,2.83,59
637,Sgt. Bilko (1996),1996,2.83,5960
184009,The Cured (2017),2017,2.83,56
73879,Motocrossed (2001),2001,2.83,53
6554,Garage Days (2002),2002,2.83,103
8850,Flipper (1963),1963,2.83,100
3523,Taffin (1988),1988,2.83,50
160646,Goat (2016),2016,2.83,50
1665,Bean (1997),1997,2.83,4193
2805,Mickey Blue Eyes (1999),1999,2.83,4833
52283,"Reaping, The (2007)",2007,2.83,499
202421,Rim of the World (2019),2019,2.83,129
72380,"Box, The (2009)",2009,2.83,1139
99106,"Guilt Trip, The (2012)",2012,2.83,237
4770,"Glass House, The (2001)",2001,2.83,1173
4487,Cocktail (1988),1988,2.83,2746
33585,9 Songs (2004),2004,2.83,444
81417,Paranormal Activity 2 (2010),2010,2.83,1287
2882,Jakob the Liar (1999),1999,2.83,1032
4682,Warlock (1989),1989,2.83,785
73049,Uncertainty (2009),2009,2.83,61
235509,Outside the Wire (2021),2021,2.83,209
1903,Hav Plenty (1997),1997,2.83,58
157106,Fan (2016),2016,2.83,58
127192,The Bronze (2015),2015,2.83,84
240452,Mortal Kombat (2021),2021,2.83,677
64,Two if by Sea (1996),1996,2.83,2076
1746,Senseless (1998),1998,2.83,532
107137,Star Trek: Of Gods and Men (2007),2007,2.83,52
180555,Mom and Dad (2017),2017,2.83,193
1970,"Nightmare on Elm Street 3: Dream Warriors, A (1987)",1987,2.83,3090
1890,Little Boy Blue (1997),1997,2.83,69
184253,The Cloverfield Paradox (2018),2018,2.83,1204
71205,Jennifer's Body (2009),2009,2.83,1567
56511,Redacted (2007),2007,2.83,66
274,Man of the House (1995),1995,2.83,1296
130052,Clown (2014),2014,2.83,149
54686,"Last Legion, The (2007)",2007,2.83,309
3584,Breathless (1983),1983,2.83,569
577,Andre (1994),1994,2.82,671
32302,"League of Ordinary Gentlemen, A (2004)",2004,2.82,291
704,"Quest, The (1996)",1996,2.82,1890
2098,Son of Flubber (1963),1963,2.82,487
58485,Return of the Living Dead 3 (1993),1993,2.82,168
31362,This Girl's Life (2003),2003,2.82,54
1806,Paulie (1998),1998,2.82,1159
90469,Paranormal Activity 3 (2011),2011,2.82,917
43011,"Dunwich Horror, The (1970)",1970,2.82,51
154075,Dabangg (2010),2010,2.82,51
5414,Bad Company (2002),2002,2.82,1059
107314,Oldboy (2013),2013,2.82,569
114758,Open Windows (2014),2014,2.82,113
2400,Prancer (1989),1989,2.82,381
8035,"Stendhal Syndrome, The (Sindrome di Stendhal, La) (1996)",1996,2.82,127
5530,Simone (S1m0ne) (2002),2002,2.82,1817
1816,Two Girls and a Guy (1997),1997,2.82,739
270946,Deep Water (2022),2022,2.82,110
386,S.F.W. (1994),1994,2.82,377
6653,"Keep, The (1983)",1983,2.82,211
2876,Thumbelina (1994),1994,2.82,630
105731,Carrie (2013),2013,2.82,1015
4149,Saving Silverman (Evil Woman) (2001),2001,2.82,2547
547,Surviving the Game (1994),1994,2.82,871
253234,Beckett (2021),2021,2.82,73
7104,1941 (1979),1979,2.82,825
185169,The Strangers: Prey at Night (2018),2018,2.82,129
131080,Cinderella III: A Twist in Time (2007),2007,2.82,171
6011,Wisegirls (2002),2002,2.82,56
881,First Kid (1996),1996,2.82,1183
133281,Ricki and the Flash (2015),2015,2.82,165
3773,House Party (1990),1990,2.82,746
3014,Bustin' Loose (1981),1981,2.82,257
68685,Incendiary (2008),2008,2.82,81
2063,"Seventh Heaven (Septième ciel, Le) (1997)",1997,2.82,81
879,"Relic, The (1997)",1997,2.82,2380
498,Mr. Jones (1993),1993,2.82,389
210847,Bloodshot (2020),2020,2.82,400
48584,Ellie Parker (2005),2005,2.82,50
209,White Man's Burden (1995),1995,2.82,755
4714,Any Which Way You Can (1980),1980,2.82,635
74641,Singh Is Kinng (2008),2008,2.82,61
5521,"Principal, The (1987)",1987,2.82,291
155581,Pee-wee's Big Holiday (2016),2016,2.82,119
47976,Trust the Man (2005),2005,2.82,119
485,Last Action Hero (1993),1993,2.82,15028
6220,Willard (2003),2003,2.82,635
72762,Armored (2009),2009,2.82,265
192787,What Keeps You Alive (2018),2018,2.82,69
4673,Tango & Cash (1989),1989,2.82,2573
198129,The Kid Who Would Be King (2019),2019,2.82,146
129370,"SpongeBob Movie: Sponge Out of Water, The (2015)",2015,2.82,369
160648,Black Mountain Side (2016),2016,2.82,55
110826,Brick Mansions (2014),2014,2.82,187
3177,Next Friday (2000),2000,2.82,1545
6012,"Guy Thing, A (2003)",2003,2.82,557
164546,All Eyez on Me (2016),2016,2.82,74
330,Tales from the Hood (1995),1995,2.82,1584
3017,Creepshow 2 (1987),1987,2.82,872
100359,"Haunting in Connecticut 2: Ghosts of Georgia, The (2013)",2013,2.82,112
200678,A Vigilante (2019),2019,2.82,71
5714,Buddy Buddy (1981),1981,2.82,68
6319,"My Father the Hero (Mon père, ce héros.) (1991)",1991,2.82,299
3553,Gossip (2000),2000,2.82,693
54,"Big Green, The (1995)",1995,2.82,1057
104518,Empire State (2013),2013,2.82,76
96975,LOL (2012),2012,2.82,209
3257,"Bodyguard, The (1992)",1992,2.82,7253
2894,Romance (1999),1999,2.82,556
4610,"January Man, The (1989)",1989,2.82,282
6734,Memoirs of an Invisible Man (1992),1992,2.82,626
133377,Infini (2015),2015,2.82,219
108200,Reasonable Doubt (2014),2014,2.81,89
100469,Chinese Zodiac (Armour of God III) (CZ12) (2012),2012,2.81,167
283657,Your Place or Mine (2023),2023,2.81,70
3924,Pajama Party (1964),1964,2.81,86
77667,MacGruber (2010),2010,2.81,634
109295,Cold Comes the Night (2013),2013,2.81,51
4890,Shallow Hal (2001),2001,2.81,7572
140747,16 Wishes (2010),2010,2.81,110
61136,"Objective, The (2008)",2008,2.81,67
2888,Drive Me Crazy (1999),1999,2.81,1251
27564,Sex Is Comedy (2002),2002,2.81,75
170024,Casting JonBenet (2017),2017,2.81,75
6517,"Babe, The (1992)",1992,2.81,415
413,Airheads (1994),1994,2.81,6514
2898,"Dark Half, The (1993)",1993,2.81,785
1668,One Night Stand (1997),1997,2.81,307
34330,November (2004),2004,2.81,64
103655,R.I.P.D. (2013),2013,2.81,1200
200256,Dumbo (2019),2019,2.81,375
127321,[REC] 4: Apocalypse (2014),2014,2.81,146
93142,Wrong Turn 4 (2011),2011,2.81,122
59729,Savage Grace (2007),2007,2.81,114
259891,V/H/S/94 (2021),2021,2.81,53
26569,Dead End Drive-In (1986),1986,2.81,53
4667,Slaves of New York (1989),1989,2.81,53
103137,"Bling Ring, The (2013)",2013,2.81,824
3544,Shakes the Clown (1992),1992,2.81,474
147847,Point Break (2015),2015,2.81,270
43679,Final Destination 3 (2006),2006,2.81,2137
4492,Critters (1986),1986,2.81,1004
7626,Switch (1991),1991,2.81,177
5047,Kung Pow: Enter the Fist (2002),2002,2.81,1927
6763,Duplex (2003),2003,2.81,1211
156125,I Spit on Your Grave III: Vengeance is Mine (2015),2015,2.81,79
415,Another Stakeout (1993),1993,2.81,3231
3999,Vertical Limit (2000),2000,2.81,3835
1930,Cavalcade (1933),1933,2.81,97
105053,"Factory, The (2012)",2012,2.81,89
132146,The Harvest (2013),2013,2.81,68
6308,Legal Eagles (1986),1986,2.81,520
31284,"Star Is Born, A (1976)",1976,2.81,107
89217,Waiting for Forever (2010),2010,2.81,60
192561,Hold the Dark (2018),2018,2.81,266
4619,Little Monsters (1989),1989,2.81,464
31867,Man of the House (2005),2005,2.81,357
6473,Half Moon Street (1986),1986,2.81,78
127208,Results (2015),2015,2.81,104
108085,+1 (2013),2013,2.81,78
327,Tank Girl (1995),1995,2.81,7533
197179,Chaos Walking (2019),2019,2.81,265
1329,Blood for Dracula (Andy Warhol's Dracula) (1974),1974,2.81,379
133832,The Green Inferno (2014),2014,2.81,280
67799,The Butterfly Effect 3: Revelations (2009),2009,2.81,451
4068,Sugar & Spice (2001),2001,2.81,832
6294,Bulletproof Monk (2003),2003,2.81,2202
229547,Jingle Jangle: A Christmas Journey (2020),2020,2.81,75
56700,"Flock, The (2007)",2007,2.81,75
34177,"Hindenburg, The (1975)",1975,2.81,80
41617,Havoc (2005),2005,2.81,242
97950,"Man with the Iron Fists, The (2012)",2012,2.81,363
53352,Sheitan (2006),2006,2.81,72
95034,"Few Best Men, A (2011)",2011,2.81,54
110746,Hatchet III (2013),2013,2.81,54
155018,Emelie (2015),2015,2.81,113
5460,"Powerpuff Girls, The (2002)",2002,2.81,642
55261,"Heartbreak Kid, The (2007)",2007,2.81,806
3834,Bronco Billy (1980),1980,2.81,539
214894,Arkansas (2020),2020,2.81,77
4675,Three Fugitives (1989),1989,2.81,503
64497,"Day the Earth Stood Still, The (2008)",2008,2.81,2767
6468,"Stranger Among Us, A (1992)",1992,2.8,128
26700,Nuns on the Run (1990),1990,2.8,197
1091,Weekend at Bernie's (1989),1989,2.8,5649
2126,Snake Eyes (1998),1998,2.8,5160
4525,Moving (1988),1988,2.8,153
8743,Biggles (1986),1986,2.8,56
145142,Curve (2015),2015,2.8,56
2269,Indecent Proposal (1993),1993,2.8,3418
5387,Enough (2002),2002,2.8,1000
2188,54 (1998),1998,2.8,2334
216338,Jerry Seinfeld: 23 Hours To Kill (2020),2020,2.8,61
236947,Bliss (2021),2021,2.8,99
34321,Bad News Bears (2005),2005,2.8,647
7381,"Whole Ten Yards, The (2004)",2004,2.8,1414
109941,Puss in Boots: The Three Diablos (2012),2012,2.8,76
3344,Blood Feast (1963),1963,2.8,195
72043,Monsters vs Aliens: Mutant Pumpkins from Outer Space (2009),2009,2.8,205
83613,Cowboys & Aliens (2011),2011,2.8,3385
3867,All the Rage (It's the Rage) (1999),1999,2.8,91
4597,Gleaming the Cube (1989),1989,2.8,356
48520,Employee of the Month (2006),2006,2.8,997
155743,My Big Fat Greek Wedding 2 (2016),2016,2.8,275
6233,Born Yesterday (1993),1993,2.8,237
732,Original Gangstas (1996),1996,2.8,237
26746,Out for Justice (1991),1991,2.8,242
193771,Little Italy (2018),2018,2.8,68
2257,No Small Affair (1984),1984,2.8,136
2699,Arachnophobia (1990),1990,2.8,14351
93954,Silent House (2011),2011,2.8,156
59908,"Promotion, The (2008)",2008,2.8,211
161650,47 Meters Down (2016),2016,2.8,281
2674,"Loss of Sexual Innocence, The (1999)",1999,2.8,188
3208,Loaded Weapon 1 (National Lampoon's Loaded Weapon 1) (1993),1993,2.8,2143
5275,Boxcar Bertha (1972),1972,2.8,125
4594,Farewell to the King (1989),1989,2.8,70
60338,Dante 01 (2008),2008,2.8,75
1603,Mimic (1997),1997,2.8,3469
193954,The Nutcracker and the Four Realms (2018),2018,2.8,202
2653,Son of Dracula (1943),1943,2.8,249
7784,Ghost in the Machine (1993),1993,2.8,112
4593,Family Business (1989),1989,2.8,331
6030,Girls! Girls! Girls! (1962),1962,2.8,77
71252,"Final Destination, The (Final Destination 4) (Final Destination in 3-D, The) (2009)",2009,2.8,1368
33296,Buying the Cow (2002),2002,2.8,57
132442,Beyond the Reach (2014),2014,2.8,52
6396,Dementia 13 (1963),1963,2.8,156
5439,S.O.B. (1981),1981,2.8,198
60522,"Machine Girl, The (Kataude mashin gâru) (2008)",2008,2.8,178
3436,Dying Young (1991),1991,2.8,833
2004,Gremlins 2: The New Batch (1990),1990,2.8,5436
282125,Ant-Man and the Wasp: Quantumania (2023),2023,2.8,501
788,"Nutty Professor, The (1996)",1996,2.8,22021
247780,Tom Clancy's Without Remorse (2021),2021,2.8,197
8649,Gray Lady Down (1978),1978,2.8,59
4281,Candy (1968),1968,2.8,81
194026,The Man Who Killed Hitler and Then the Bigfoot (2018),2018,2.8,98
151507,Terminus (2015),2015,2.8,66
7845,Tremors II: Aftershocks (1996),1996,2.8,713
55245,Good Luck Chuck (2007),2007,2.8,1172
155812,Get a Job (2016),2016,2.8,183
1461,Vegas Vacation (National Lampoon's Las Vegas Vacation) (1997),1997,2.79,2869
2158,"Henry: Portrait of a Serial Killer, Part 2 (1998)",1998,2.79,207
196887,What Men Want (2019),2019,2.79,168
55603,My Mom's New Boyfriend (2008),2008,2.79,107
26523,"Silent Night, Deadly Night (1984)",1984,2.79,158
7270,Sleep with Me (1994),1994,2.79,68
2095,"Shaggy D.A., The (1976)",1976,2.79,823
2328,Vampires (1998),1998,2.79,1922
2829,"Muse, The (1999)",1999,2.79,1595
6541,"League of Extraordinary Gentlemen, The (a.k.a. LXG) (2003)",2003,2.79,8195
43419,Bandidas (2006),2006,2.79,487
37477,"Man, The (2005)",2005,2.79,327
103727,"Colony, The (2013)",2013,2.79,375
182819,Father Figures (2017),2017,2.79,104
127112,Don Verdean (2015),2015,2.79,58
7186,Once Upon a Crime... (1992),1992,2.79,82
310,Rent-a-Kid (1995),1995,2.79,258
6240,One Good Cop (1991),1991,2.79,135
3909,Woman on Top (2000),2000,2.79,687
157,Canadian Bacon (1995),1995,2.79,2705
295,"Pyromaniac's Love Story, A (1995)",1995,2.79,467
6154,Deliver Us from Eva (2003),2003,2.79,154
192393,Night School (2018),2018,2.79,231
1717,Scream 2 (1997),1997,2.79,8240
179881,Downsizing (2017),2017,2.79,923
71878,"Stepfather, The (2009)",2009,2.79,242
82366,Hatchet II (2010),2010,2.79,103
2945,Mike's Murder (1984),1984,2.79,146
5027,Another 48 Hrs. (1990),1990,2.79,1491
5901,Empire (2002),2002,2.79,210
76147,I Hate Valentine's Day (2009),2009,2.79,62
177287,Little Evil (2017),2017,2.79,205
180737,A Christmas Prince (2017),2017,2.79,143
144716,Rock the Kasbah (2015),2015,2.79,119
95720,"Watch, The (2012)",2012,2.79,1071
52724,Lucky You (2007),2007,2.79,188
5771,My Bloody Valentine (1981),1981,2.79,302
484,Lassie (1994),1994,2.79,788
967,"Outlaw, The (1943)",1943,2.79,178
132798,Regression (2015),2015,2.79,218
5490,The Big Bus (1976),1976,2.79,109
130636,Unfriended (2014),2014,2.79,724
725,"Great White Hype, The (1996)",1996,2.79,1591
180539,Bullet Head (2017),2017,2.79,52
5581,Betsy's Wedding (1990),1990,2.79,241
211243,The Beach House (2019),2019,2.79,59
4240,Just Visiting (2001),2001,2.79,500
167738,xXx: Return of Xander Cage (2017),2017,2.79,627
183419,Acts of Violence (2018),2018,2.79,66
161852,King Cobra (2016),2016,2.79,80
2856,I Saw What You Did (1965),1965,2.79,484
83478,Ong-Bak 3: The Final Battle (Ong Bak 3) (2010),2010,2.79,101
27822,Open Water (2003),2003,2.79,1106
1698,"Boys, Les (1997)",1997,2.79,54
1723,Twisted (1996),1996,2.79,54
2606,Idle Hands (1999),1999,2.79,2180
2666,It Conquered the World (1956),1956,2.79,122
5413,Zombie Holocaust (a.k.a. Doctor Butcher M.D.) (Zombi Holocaust) (1980),1980,2.79,89
47952,"Covenant, The (2006)",2006,2.79,653
103543,"Lifeguard, The (2013)",2013,2.79,117
1440,Amos & Andrew (1993),1993,2.79,758
32174,"Green Berets, The (1968)",1968,2.79,138
71537,Fame (2009),2009,2.79,166
4584,Dream a Little Dream (1989),1989,2.79,287
208800,Lady and the Tramp (2019),2019,2.79,91
112460,Planes: Fire & Rescue (2014),2014,2.79,196
33499,Monster-in-Law (2005),2005,2.79,1226
5507,xXx (2002),2002,2.79,7344
463,Guilty as Sin (1993),1993,2.79,428
4885,Domestic Disturbance (2001),2001,2.79,628
4853,Brannigan (1975),1975,2.78,100
3400,We're Back! A Dinosaur's Story (1993),1993,2.78,432
673,Space Jam (1996),1996,2.78,12859
411,Martin Lawrence: You So Crazy (1994),1994,2.78,123
240224,SAS: Red Notice (2021),2021,2.78,58
288669,Insidious: The Red Door (2023),2023,2.78,58
109042,Knights of Badassdom (2013),2013,2.78,183
3898,Bait (2000),2000,2.78,488
116985,The Longest Week (2014),2014,2.78,74
144762,Tales of Halloween (2015),2015,2.78,97
5495,Modesty Blaise (1966),1966,2.78,90
106870,Grave Encounters 2 (2012),2012,2.78,175
240270,Willy's Wonderland (2021),2021,2.78,198
6523,Mr. Baseball (1992),1992,2.78,389
6880,"Texas Chainsaw Massacre, The (2003)",2003,2.78,2332
5958,"Wild Thornberrys Movie, The (2002)",2002,2.78,416
7006,Knight Moves (1992),1992,2.78,117
61692,Altered (2006),2006,2.78,117
48673,Kummelin jackpot (2006),2006,2.78,78
119,"Steal Big, Steal Little (1995)",1995,2.78,259
5162,"Jo Jo Dancer, Your Life is Calling (1986)",1986,2.78,71
6973,Final Analysis (1992),1992,2.78,213
1581,Out to Sea (1997),1997,2.78,663
112911,Hercules (2014),2014,2.78,953
174045,Goon: Last of the Enforcers (2017),2017,2.78,98
42013,"Ringer, The (2005)",2005,2.78,565
64231,Punisher: War Zone (2008),2008,2.78,557
213666,Sea Fever (2020),2020,2.78,75
1121,Glory Daze (1995),1995,2.78,125
257251,Sweet Girl (2021),2021,2.78,68
2656,Tarantula (1955),1955,2.78,408
7523,Desperate Hours (1990),1990,2.78,113
761,"Phantom, The (1996)",1996,2.78,3961
332,Village of the Damned (1995),1995,2.78,2301
1762,Deep Rising (1998),1998,2.78,1603
2121,Cujo (1983),1983,2.78,2268
40617,Creep (2004),2004,2.78,227
1313,Mad Dog Time (1996),1996,2.78,119
4063,Prelude to a Kiss (1992),1992,2.78,687
8935,All I Want for Christmas (1991),1991,2.78,74
103085,Rapture-Palooza (2013),2013,2.78,103
459,"Getaway, The (1994)",1994,2.78,1182
165601,I Am the Pretty Thing That Lives in the House (2016),2016,2.78,132
119655,Seventh Son (2014),2014,2.78,557
7229,Money for Nothing (1993),1993,2.78,85
6871,Good Boy! (2003),2003,2.78,107
203517,The Angry Birds Movie 2 (2019),2019,2.78,156
81711,Scared Shrekless (2010),2010,2.78,127
287377,Fast X (2023),2023,2.78,147
4625,Millennium (1989),1989,2.78,392
193894,King of Thieves (2018),2018,2.78,69
107769,Paranormal Activity: The Marked Ones (2014),2014,2.78,276
176105,Flatliners (2017),2017,2.78,307
697,Feeling Minnesota (1996),1996,2.77,1159
4367,Lara Croft: Tomb Raider (2001),2001,2.77,11388
105811,Godzilla vs. Megaguirus (Gojira tai Megagirasu: Jî shômetsu sakusen) (2000),2000,2.77,51
2650,"Ghost of Frankenstein, The (1942)",1942,2.77,204
698,Delta of Venus (1995),1995,2.77,153
201586,Men in Black: International (2019),2019,2.77,1066
142604,Pay the Ghost (2015),2015,2.77,113
3841,Air America (1990),1990,2.77,1757
528,"Scout, The (1994)",1994,2.77,932
3777,Nekromantik (1987),1987,2.77,212
7739,Virtual Sexuality (1999),1999,2.77,53
2531,Battle for the Planet of the Apes (1973),1973,2.77,2230
274979,Spiderhead (2022),2022,2.77,256
134158,Return to Sender (2015),2015,2.77,64
6802,Consenting Adults (1992),1992,2.77,150
199101,The Prodigy (2019),2019,2.77,99
4968,Piñero (2001),2001,2.77,66
70305,Race to Witch Mountain (2009),2009,2.77,947
71239,"Brøken, The (a.k.a. Broken, The) (2008)",2008,2.77,90
8871,"Last Shot, The (2004)",2004,2.77,90
2492,20 Dates (1998),1998,2.77,801
4089,Born in East L.A. (1987),1987,2.77,533
2367,King Kong (1976),1976,2.77,3004
167488,Collide (2016),2016,2.77,57
68324,"Girlfriend Experience, The (2009)",2009,2.77,274
279184,Hocus Pocus 2 (2022),2022,2.77,140
146904,Entertainment (2015),2015,2.77,59
200322,The Hustle (2019),2019,2.77,378
4012,Punchline (1988),1988,2.77,593
164983,The Monster (2016),2016,2.77,109
43014,"Quatermass Xperiment, The (1955)",1955,2.77,61
2910,"Ennui, L' (1998)",1998,2.77,61
160581,The Duel (2016),2016,2.77,61
34143,Dark Water (2005),2005,2.77,1002
6255,"Bible, The (a.k.a. Bible... In the Beginning, The) (1966)",1966,2.77,74
205297,Gemini Man (2019),2019,2.77,618
132,Jade (1995),1995,2.77,2178
44731,Stay Alive (2006),2006,2.77,352
125914,Mortdecai (2015),2015,2.77,508
499,Mr. Wonderful (1993),1993,2.77,410
4209,Rated X (2000),2000,2.77,143
81637,"Turtle's Tale: Sammy's Adventures, A (2010)",2010,2.77,52
142602,"F*ck You, Goethe 2 (2015)",2015,2.77,91
110748,Wake Wood (2010) ,2010,2.77,52
3981,Red Planet (2000),2000,2.77,4178
97665,Asterix & Obelix: God Save Britannia (Astérix et Obélix: Au service de Sa Majesté) (2012),2012,2.77,134
65300,Jack Brooks: Monster Slayer (2007),2007,2.77,54
4744,Jeepers Creepers (2001),2001,2.77,3229
5151,40 Days and 40 Nights (2002),2002,2.77,3465
109720,Contracted (2013),2013,2.77,123
32589,Beauty Shop (2005),2005,2.77,328
5321,"Triumph of Love, The (2001)",2001,2.77,82
112580,"Angriest Man in Brooklyn, The (2014)",2014,2.77,138
3772,"Hatchet for the Honeymoon (Rosso segno della follia, Il) (1970)",1970,2.77,56
218991,Superman: Man of Tomorrow (2020),2020,2.77,56
4602,Harlem Nights (1989),1989,2.77,542
71668,Couples Retreat (2009),2009,2.77,1199
5334,Cadillac Man (1990),1990,2.77,545
2216,"Skin Game, The (1931)",1931,2.77,60
170627,Smurfs: The Lost Village (2017),2017,2.77,135
2170,Wrongfully Accused (1998),1998,2.77,1064
108579,Samurai Cop (1989),1989,2.77,107
70361,12 Rounds (2009),2009,2.77,325
142538,Queen of the Desert (2015),2015,2.77,62
194722,Look Away (2018),2018,2.77,62
2365,King Kong vs. Godzilla (Kingukongu tai Gojira) (1962),1962,2.77,910
95197,Bel Ami (2012),2012,2.77,79
5003,"Nine Lives of Fritz the Cat, The (1974)",1974,2.77,192
5382,Every Which Way But Loose (1978),1978,2.77,724
2589,Friends & Lovers (1999),1999,2.76,355
26630,Moonwalker (1988),1988,2.76,136
103055,The Big Wedding (2013),2013,2.76,255
6092,"Last American Virgin, The (1982)",1982,2.76,174
82499,How Do You Know (2010),2010,2.76,471
120132,Annie (2014),2014,2.76,227
133165,Barbie Fairytopia: Mermaidia (2006),2006,2.76,70
101283,"Incredible Burt Wonderstone, The (2013)",2013,2.76,564
27874,Going the Distance (2004),2004,2.76,53
77326,"Beast, The (La bête) (1975)",1975,2.76,53
5376,"Lady in Red, The (1979)",1979,2.76,142
842,Tales from the Crypt Presents: Bordello of Blood (1996),1996,2.76,2123
95670,Tyler Perry's Madea's Witness Protection (2012),2012,2.76,72
4069,"Wedding Planner, The (2001)",2001,2.76,5964
157340,The Angry Birds Movie (2016),2016,2.76,905
5102,Rookie of the Year (1993),1993,2.76,998
6892,"Singing Detective, The (2003)",2003,2.76,188
48159,Everyone's Hero (2006),2006,2.76,95
566,Naked in New York (1994),1994,2.76,154
172,Johnny Mnemonic (1995),1995,2.76,13788
7220,Micki + Maude (1984),1984,2.76,99
90524,Abduction (2011),2011,2.76,497
813,Larger Than Life (1996),1996,2.76,499
103449,Passion (2012),2012,2.76,126
59834,100 Rifles (1969),1969,2.76,63
116887,Exodus: Gods and Kings (2014),2014,2.76,875
510,Poetic Justice (1993),1993,2.76,940
4317,Love Potion #9 (1992),1992,2.76,1105
188303,The First Purge (2018),2018,2.76,410
158872,Sausage Party (2016),2016,2.76,2321
111734,"Love Punch, The (2013)",2013,2.76,94
4715,"Awakening, The (1980)",1980,2.76,119
6039,"Woman in Red, The (1984)",1984,2.76,501
4463,1969 (1988),1988,2.76,144
183661,Godzilla: Planet of the Monsters (2017),2017,2.76,98
93766,Wrath of the Titans (2012),2012,2.76,1351
4929,"Toy, The (1982)",1982,2.76,819
4118,Hot Pursuit (1987),1987,2.76,100
59159,Murders in the Rue Morgue (1932),1932,2.76,50
3326,What Planet Are You From? (2000),2000,2.76,1001
4159,3000 Miles to Graceland (2001),2001,2.76,1746
109420,Mater and the Ghostlight (2006),2006,2.76,131
27643,Pahat pojat (2003),2003,2.76,106
91628,New Year's Eve (2011),2011,2.76,505
5080,Slackers (2002),2002,2.76,586
253128,The Boss Baby: Family Business (2021),2021,2.76,54
2055,Hot Lead and Cold Feet (1978),1978,2.76,220
105217,Adventures in Zambezia (2012),2012,2.76,60
176935,Geostorm (2017),2017,2.76,662
1520,Commandments (1997),1997,2.76,151
8092,Frankenstein Unbound (1990),1990,2.76,91
85334,Hard Ticket to Hawaii (1987),1987,2.76,62
45662,"Omen, The (2006)",2006,2.76,966
6168,10 to Midnight (1983),1983,2.76,130
6024,Breaking Up (1997),1997,2.76,66
168278,Science Fiction Volume One: The Osiris Child,,2.76,66
26688,Hard to Kill (1990),1990,2.76,398
6670,Comic Book Villains (2002),2002,2.76,103
111259,Good People (2014),2014,2.76,72
8872,"Dirty Shame, A (2004)",2004,2.76,253
3454,Whatever It Takes (2000),2000,2.76,438
1752,Hard Rain (1998),1998,2.76,1906
2241,Class (1983),1983,2.76,738
86866,Godzilla Raids Again (Gojira no gyakushû) (1955),1955,2.76,76
849,Escape from L.A. (1996),1996,2.76,8850
54004,I Now Pronounce You Chuck and Larry (2007),2007,2.76,2025
6642,Showdown in Little Tokyo (1991),1991,2.76,240
6346,Absolute Beginners (1986),1986,2.76,123
3459,Gothic (1986),1986,2.76,422
69453,"Land That Time Forgot, The (1975)",1975,2.76,86
117312,The ABCs of Death 2 (2014),2014,2.76,88
4643,Planet of the Apes (2001),2001,2.76,12420
420,Beverly Hills Cop III (1994),1994,2.76,15601
48877,Saw III (2006),2006,2.76,3549
177771,Suburbicon (2017),2017,2.76,282
43923,Tyler Perry's Madea's Family Reunion (2006),2006,2.76,141
5874,Friday After Next (2002),2002,2.76,535
4950,Lone Wolf McQuade (1983),1983,2.76,249
106138,You May Not Kiss the Bride (2011),2011,2.75,51
114713,Annabelle (2014),2014,2.75,991
104298,Evidence (2013) ,2013,2.75,55
56165,P2 (2007),2007,2.75,277
264962,Mother/Android (2021),2021,2.75,57
164141,I.T. (2016),2016,2.75,122
53133,Gracie (2007),2007,2.75,61
489,Made in America (1993),1993,2.75,3076
282999,Shotgun Wedding (2022),2022,2.75,71
4198,Battle Beyond the Stars (1980),1980,2.75,355
85131,Battle: Los Angeles (2011),2011,2.75,2193
45666,Nacho Libre (2006),2006,2.75,2805
4991,Joe Somebody (2001),2001,2.75,466
148426,Fateful Findings (2013),2013,2.75,79
73488,Blood: The Last Vampire (2009),2009,2.75,166
59725,Sex and the City (2008),2008,2.75,2502
1382,Marked for Death (1990),1990,2.75,1121
2429,Mighty Joe Young (1998),1998,2.75,1672
227258,The Midnight Sky (2020),2020,2.75,350
618,Two Much (1995),1995,2.75,364
2451,"Gate, The (1987)",1987,2.75,824
5803,I Spy (2002),2002,2.75,1473
4482,"Bright Lights, Big City (1988)",1988,2.75,353
6143,Trail of the Pink Panther (1982),1982,2.75,391
43836,"Pink Panther, The (2006)",2006,2.75,1995
32019,Be Cool (2005),2005,2.75,1342
171501,Small Crimes (2017),2017,2.75,58
170129,Sleepaway Camp II: Unhappy Campers (1988),1988,2.75,64
4631,Old Gringo (1989),1989,2.75,56
46194,Adam & Steve (2005),2005,2.75,64
7240,King David (1985),1985,2.75,50
277978,The Invitation (2022),2022,2.75,82
43389,Numbskull Emptybrook in the Army (Uuno Turhapuro armeijan leivissä) (1984),1984,2.75,58
8818,It Happened at the World's Fair (1963),1963,2.75,52
135248,Johnny Tsunami (1999),1999,2.75,58
1999,"Exorcist III, The (1990)",1990,2.75,1285
1550,Trial and Error (1997),1997,2.75,709
55768,Bee Movie (2007),2007,2.75,3233
1011,Herbie Rides Again (1974),1974,2.75,1606
185585,Pacific Rim: Uprising (2018),2018,2.75,1103
79134,Grown Ups (2010),2010,2.75,2608
170405,Bokeh (2017),2017,2.75,79
5961,Blue Steel (1990),1990,2.75,373
179,Mad Love (1995),1995,2.75,1243
121137,Wrong Turn 5: Bloodlines (2012),2012,2.75,73
3976,Stardom (2000),2000,2.75,69
32017,"Pacifier, The (2005)",2005,2.75,1782
73000,Nine (2009),2009,2.75,406
92192,Apollo 18 (2011),2011,2.75,522
742,Thinner (1996),1996,2.75,2105
5559,Mad Love (Juana la Loca) (2001),2001,2.75,61
118512,Bring It On: In It To Win It (2007),2007,2.75,59
72378,2012 (2009),2009,2.75,8099
2850,Public Access (1993),1993,2.75,57
4611,Johnny Handsome (1989),1989,2.75,169
204556,Otherhood (2019),2019,2.75,53
4587,Earth Girls Are Easy (1988),1988,2.74,1683
1037,"Lawnmower Man, The (1992)",1992,2.74,7443
72777,Invaders from Mars (1986),1986,2.74,88
66152,TerrorVision (1986),1986,2.74,78
7157,"Hebrew Hammer, The (2003)",2003,2.74,230
7391,"Mother, Jugs & Speed (1976)",1976,2.74,115
86355,Atlas Shrugged: Part 1 (2011),2011,2.74,224
223222,The War with Grandpa (2020),2020,2.74,74
87876,Cars 2 (2011),2011,2.74,2402
286899,Transformers: Rise of the Beasts (2023),2023,2.74,105
45730,Lady in the Water (2006),2006,2.74,1958
254394,Snake Eyes: G.I. Joe Origins (2021),2021,2.74,101
6252,View from the Top (2003),2003,2.74,788
164735,The Cheetah Girls (2003),2003,2.74,93
6332,"Lizzie McGuire Movie, The (2003)",2003,2.74,918
3387,Who's Harry Crumb? (1989),1989,2.74,1160
85397,Red Riding Hood (2011),2011,2.74,943
96621,Arthur and the Revenge of Maltazard (Arthur et la vengeance de Maltazard) (2009),2009,2.74,120
1647,Playing God (1997),1997,2.74,698
6564,Lara Croft Tomb Raider: The Cradle of Life (2003),2003,2.74,5540
97324,Atlas Shrugged: Part II (2012),2012,2.74,114
85022,Hall Pass (2011),2011,2.74,1186
75929,Possession (2009),2009,2.74,56
163981,31 (2016),2016,2.74,108
7764,"Driller Killer, The (1979)",1979,2.74,108
229443,Superintelligence (2020),2020,2.74,81
6860,Mobsters (1991),1991,2.74,108
4040,Don't Tell Mom the Babysitter's Dead (1991),1991,2.74,2127
3977,Charlie's Angels (2000),2000,2.74,21392
3484,"Skulls, The (2000)",2000,2.74,2663
95058,Cosmopolis  (2012),2012,2.74,482
135567,Independence Day: Resurgence (2016),2016,2.74,1816
105755,"Counselor, The (2013)",2013,2.74,501
81164,"Hole, The (2009)",2009,2.74,161
74580,"Spy Next Door, The (2010)",2010,2.74,573
6212,Bringing Down the House (2003),2003,2.74,1423
6946,Looney Tunes: Back in Action (2003),2003,2.74,742
88380,Dylan Dog: Dead of Night (2010),2010,2.74,109
170253,Gemini (2017),2017,2.74,65
2007,Polish Wedding (1998),1998,2.74,394
142070,Jenny's Wedding (2015),2015,2.74,59
189893,Terrifier (2017),2017,2.74,215
184017,Mute (2018),2018,2.74,312
249964,F9 (2021),2021,2.74,403
7041,Trapped in Paradise (1994),1994,2.74,230
4638,Jurassic Park III (2001),2001,2.74,11545
4153,Down to Earth (2001),2001,2.74,1007
3785,Scary Movie (2000),2000,2.74,14648
5188,How to Beat the High Cost of Living (1980),1980,2.74,55
2054,"Honey, I Shrunk the Kids (1989)",1989,2.74,18346
157312,The Boss (2016),2016,2.74,299
135278,Wendy Wu: Homecoming Warrior (2006),2006,2.74,70
5891,I Spit on Your Grave (Day of the Woman) (1978),1978,2.74,482
4909,"Incredible Shrinking Woman, The (1981)",1981,2.74,325
109072,Sabotage (2014),2014,2.74,285
55020,"Ten, The (2007)",2007,2.74,251
185997,Life of the Party (2018),2018,2.74,200
5182,Hawk the Slayer (1980),1980,2.73,83
631,All Dogs Go to Heaven 2 (1996),1996,2.73,2323
160710,Absolutely Fabulous: The Movie (2016),2016,2.73,81
5427,Caveman (1981),1981,2.73,241
4092,Cherry 2000 (1987),1987,2.73,529
277112,Not Okay (2022),2022,2.73,64
94967,Texas Killing Fields (2011),2011,2.73,94
196895,Serenity (2019),2019,2.73,216
8932,It's Alive (1974),1974,2.73,154
840,House Arrest (1996),1996,2.73,708
990,Maximum Risk (1996),1996,2.73,993
2399,Santa Claus: The Movie (1985),1985,2.73,1436
26317,Emmanuelle (1974),1974,2.73,137
70336,G.I. Joe: The Rise of Cobra (2009),2009,2.73,2689
5695,To the Devil a Daughter (1976),1976,2.73,60
839,"Crow: City of Angels, The (1996)",1996,2.73,4156
31026,"Phantom of the Opera, The (1989)",1989,2.73,133
8907,Shark Tale (2004),2004,2.73,4336
197537,Velvet Buzzsaw (2019),2019,2.73,603
57865,Wedding Daze (2006),2006,2.73,88
201654,The Intruder (2019),2019,2.73,58
91386,Happy Feet Two (2011),2011,2.73,396
7021,Pure Luck (1991),1991,2.73,155
743,Spy Hard (1996),1996,2.73,6511
129657,Tracers (2015),2015,2.73,123
32084,Crush (1992),1992,2.73,54
2953,Home Alone 2: Lost in New York (1992),1992,2.73,9790
15,Cutthroat Island (1995),1995,2.73,3099
44779,Santa's Slay (2005),2005,2.73,65
179953,A Bad Moms Christmas (2017),2017,2.73,247
2468,Jumpin' Jack Flash (1986),1986,2.73,3051
135625,Final Girl (2015),2015,2.73,102
8383,Hope Springs (2003),2003,2.73,152
4520,License to Drive (1988),1988,2.73,595
1646,RocketMan (a.k.a. Rocket Man) (1997),1997,2.73,884
5109,Return to Never Land (2002),2002,2.73,565
432,City Slickers II: The Legend of Curly's Gold (1994),1994,2.73,13005
4622,Loverboy (1989),1989,2.73,335
6010,Double Whammy (2001),2001,2.73,105
63436,Saw V (2008),2008,2.73,1776
65731,The Alphabet Killer (2008),2008,2.73,90
2616,Dick Tracy (1990),1990,2.73,6386
2491,Simply Irresistible (1999),1999,2.73,925
73511,Horsemen (2009),2009,2.73,167
2264,We're No Angels (1989),1989,2.73,690
7457,Breakin' All the Rules (2004),2004,2.73,77
6265,Head of State (2003),2003,2.73,625
45442,Poseidon (2006),2006,2.73,1367
199223,Pet Sematary (2019),2019,2.73,597
192307,The Meg (2018),2018,2.73,1062
101076,G.I. Joe: Retaliation (2013),2013,2.73,1342
55259,"Seeker: The Dark Is Rising, The (2007)",2007,2.73,236
57949,"Welcome Home, Roscoe Jenkins (2008)",2008,2.73,95
710,Celtic Pride (1996),1996,2.73,1287
5927,"Best Little Whorehouse in Texas, The (1982)",1982,2.73,573
96634,Apartment 143 (2011),2011,2.73,93
27899,What the #$*! Do We Know!? (a.k.a. What the Bleep Do We Know!?) (2004),2004,2.73,729
26734,"Kiss Before Dying, A (1991)",1991,2.73,82
57509,Sex and Breakfast (2007),2007,2.73,51
98239,Red Dawn (2012),2012,2.73,448
217,"Babysitter, The (1995)",1995,2.73,1038
379,Timecop (1994),1994,2.73,6142
204268,Rambo: Last Blood (2019),2019,2.73,404
72919,Did You Hear About the Morgans? (2009),2009,2.72,489
2389,Psycho (1998),1998,2.72,3218
122898,Justice League (2017),2017,2.72,2382
275,Mixed Nuts (1994),1994,2.72,1611
69784,Brüno (Bruno) (2009),2009,2.72,3633
3491,My Chauffeur (1986),1986,2.72,217
248912,Army of the Dead (2021),2021,2.72,631
5532,Amy's O (a.k.a. Amy's Orgasm) (2001),2001,2.72,141
88835,Glee: The 3D Concert Movie (2011),2011,2.72,65
5296,"Sweetest Thing, The (2002)",2002,2.72,1802
5220,Showtime (2002),2002,2.72,1642
3705,Bird on a Wire (1990),1990,2.72,2320
4001,Code of Silence (1985),1985,2.72,180
5092,Big Fat Liar (2002),2002,2.72,1192
4753,Vamp (1986),1986,2.72,160
1703,For Richer or Poorer (1997),1997,2.72,783
360,I Love Trouble (1994),1994,2.72,2141
2169,Dead Man on Campus (1998),1998,2.72,1179
784,"Cable Guy, The (1996)",1996,2.72,16699
160149,Complete Unknown (2016),2016,2.72,52
133159,Barbie: Mariposa and The Fairy Princess (2013),2013,2.72,52
57538,Over Her Dead Body (2008),2008,2.72,254
3600,Blue Hawaii (1961),1961,2.72,465
230813,The Prom (2020),2020,2.72,125
3850,Whatever Happened to Aunt Alice? (1969),1969,2.72,50
55329,Alien Autopsy (2006),2006,2.72,50
91873,Joyful Noise (2012),2012,2.72,66
3602,G.I. Blues (1960),1960,2.72,189
2500,Jawbreaker (1999),1999,2.72,1234
6500,"Satanic Rites of Dracula, The (1974)",1974,2.72,112
278080,Samaritan (2022),2022,2.72,96
424,Blue Chips (1994),1994,2.72,803
71494,"Haunted World of El Superbeasto, The (2009)",2009,2.72,103
254722,Cry Macho (2021),2021,2.72,103
236209,The United States vs. Billie Holiday (2021),2021,2.72,55
157881,Holidays (2016),2016,2.72,78
94018,Battleship (2012),2012,2.72,2118
26314,"Cars That Ate Paris, The (1974)",1974,2.72,62
6795,Black Moon Rising (1986),1986,2.72,124
190949,Sierra Burgess Is a Loser (2018),2018,2.72,248
72591,"Patriot, The (1998)",1998,2.72,147
1055,Shadow Conspiracy (1997),1997,2.72,340
200008,After (2019),2019,2.72,170
200814,The Silence (2019),2019,2.72,216
99371,Camp Rock 2: The Final Jam (2010),2010,2.72,177
226680,Shadow in the Cloud (2020),2020,2.72,138
5824,Liberty Stands Still (2002),2002,2.72,175
51207,Street Trash (1987),1987,2.72,83
3688,Porky's (1982),1982,2.72,2624
89388,I Don't Know How She Does It (2011),2011,2.72,180
139723,Dark Was the Night (2014),2014,2.72,67
7014,Nowhere to Run (1993),1993,2.72,238
159690,Teenage Mutant Ninja Turtles: Out of the Shadows (2016),2016,2.72,682
4876,Thirteen Ghosts (a.k.a. Thir13en Ghosts) (2001),2001,2.72,2951
135597,High Lane (2009),2009,2.72,51
4931,Don't Go in the House (1980),1980,2.72,51
5996,Sonny (2002),2002,2.72,58
4232,Spy Kids (2001),2001,2.72,6811
31000,Sweet Liberty (1986),1986,2.72,79
89377,Wrecked (2010),2010,2.72,79
7389,One Million Years B.C. (1966),1966,2.71,228
263009,The Matrix Resurrections (2021),2021,2.71,1205
42723,Hostel (2005),2005,2.71,3355
200938,The Dead Don't Die (2019),2019,2.71,567
2742,Ménage (Tenue de soirée) (1986),1986,2.71,63
157432,Precious Cargo (2016),2016,2.71,63
165897,Army of One (2016),2016,2.71,63
67898,"Gravedancers, The (2006)",2006,2.71,77
3388,Harry and the Hendersons (1987),1987,2.71,2313
59715,Shutter (2008),2008,2.71,274
2558,Forces of Nature (1999),1999,2.71,2195
6425,"6th Man, The (Sixth Man, The) (1997)",1997,2.71,385
71573,Whiteout (2009),2009,2.71,318
181601,Olaf's Frozen Adventure (2017),2017,2.71,111
76175,Clash of the Titans (2010),2010,2.71,3281
98000,Student of the Year (2012),2012,2.71,52
51666,"Abandoned, The (2006)",2006,2.71,156
8869,First Daughter (2004),2004,2.71,518
27864,She Hate Me (2004),2004,2.71,90
992,"Rich Man's Wife, The (1996)",1996,2.71,275
165349,Frank & Lola (2016),2016,2.71,57
133163,Barbie Fairytopia: Magic of the Rainbow (2007),2007,2.71,57
82852,Little Fockers (2010),2010,2.71,1542
91483,Bullet to the Head (2012),2012,2.71,240
4548,Sunset (1988),1988,2.71,69
133798,Hot Pursuit (2015),2015,2.71,407
540,Sliver (1993),1993,2.71,5074
2977,Crazy in Alabama (1999),1999,2.71,427
8988,Cinderfella (1960),1960,2.71,98
40339,Chicken Little (2005),2005,2.71,2604
6029,Fun in Acapulco (1963),1963,2.71,55
42761,Casper Meets Wendy (1998),1998,2.71,67
833,High School High (1996),1996,2.71,1507
4897,"Fluffer, The (2001)",2001,2.71,127
177119,Starship Troopers: Traitor of Mars (2017),2017,2.71,65
82005,"Extra Man, The (2010)",2010,2.71,53
1756,"Prophecy II, The (1998)",1998,2.71,524
227526,The SpongeBob Movie: Sponge on the Run (2020),2020,2.71,87
169654,Don't Hang Up (2017),2017,2.71,58
2900,Monkey Shines (1988),1988,2.71,992
135979,Next Avengers: Heroes of Tomorrow (2008),2008,2.71,51
32149,Butch and Sundance: The Early Days (1979),1979,2.71,51
3324,Drowning Mona (2000),2000,2.71,1125
2362,Glen or Glenda (1953),1953,2.71,418
26871,My Father the Hero (1994),1994,2.71,107
612,"Pallbearer, The (1996)",1996,2.71,1649
51917,Wilderness (2006),2006,2.71,56
81535,Saw VII 3D - The Final Chapter (2010),2010,2.71,1094
1583,"Simple Wish, A (1997)",1997,2.71,273
3743,Boys and Girls (2000),2000,2.71,695
136530,Pokémon: Jirachi Wish Maker (2003),2003,2.7,61
4087,Big Shots (1987),1987,2.7,61
3825,Coyote Ugly (2000),2000,2.7,6158
36397,Valiant (2005),2005,2.7,475
214398,After We Collided (2020),2020,2.7,76
6250,Dreamcatcher (2003),2003,2.7,2573
8373,"Stepford Wives, The (2004)",2004,2.7,2881
69278,Land of the Lost (2009),2009,2.7,995
3764,F/X2 (a.k.a. F/X 2 - The Deadly Art of Illusion) (1991),1991,2.7,1040
160674,The ReZort (2016),2016,2.7,64
167638,Sleepless (2017),2017,2.7,128
110127,Noah (2014),2014,2.7,1958
4073,"Invisible Circus, The (2001)",2001,2.7,101
247916,Things Heard & Seen (2021),2021,2.7,69
136864,Batman v Superman: Dawn of Justice (2016),2016,2.7,4547
114670,Tusk (2014),2014,2.7,583
6834,Wilder Napalm (1993),1993,2.7,52
178997,Batman vs. Two-Face (2017),2017,2.7,52
183855,Terminal,,2.7,161
2629,"Love Letter, The (1999)",1999,2.7,887
6116,"Pirate Movie, The (1982)",1982,2.7,171
4618,Leviathan (1989),1989,2.7,764
111630,Big Ass Spider! (2013),2013,2.7,67
3465,That's Life! (1986),1986,2.7,82
7222,Reefer Madness (a.k.a. Tell Your Children) (1938),1938,2.7,328
1771,Night Flier (1997),1997,2.7,410
2722,Deep Blue Sea (1999),1999,2.7,8468
47642,How to Eat Fried Worms (2006),2006,2.7,87
4207,Navy Seals (1990),1990,2.7,1114
48522,Stormbreaker (Alex Rider: Operation Stormbreaker) (2006),2006,2.7,209
45726,"You, Me and Dupree (2006)",2006,2.7,1845
876,Supercop 2 (Project S) (Chao ji ji hua) (1993),1993,2.7,314
134528,Aloha (2015),2015,2.7,511
167838,Kung Fu Yoga (2016),2016,2.7,60
205074,Falling Inn Love,,2.7,105
85298,Black Lightning (Chernaya Molniya) (2009),2009,2.7,65
270350,Bigbug (2022),2022,2.7,80
4942,"Angry Red Planet, The (1959)",1959,2.7,105
486,Life with Mikey (1993),1993,2.7,638
518,"Road to Wellville, The (1994)",1994,2.7,1260
184089,Winchester (2018),2018,2.7,203
6475,Opportunity Knocks (1990),1990,2.7,183
418,Being Human (1993),1993,2.7,690
1825,The Players Club (1998),1998,2.7,221
8168,"Lift, De (1983)",1983,2.7,78
2200,Under Capricorn (1949),1949,2.7,126
48142,"Black Dahlia, The (2006)",2006,2.7,1288
305,Ready to Wear (Pret-A-Porter) (1994),1994,2.7,3426
189061,In Darkness (2018),2018,2.7,58
4490,"Couch Trip, The (1988)",1988,2.7,159
2679,Finding North (1998),1998,2.7,53
4247,Joe Dirt (2001),2001,2.7,3318
194006,Replicas (2018),2018,2.7,236
31223,Racing Stripes (2005),2005,2.7,335
58655,Drillbit Taylor (2008),2008,2.7,689
58432,What Just Happened (2008),2008,2.7,234
6060,"Guru, The (2002)",2002,2.7,593
26380,ABBA: The Movie (1977),1977,2.7,51
116781,Serena (2014),2014,2.7,120
53993,Evan Almighty (2007),2007,2.7,3550
438,"Cowboy Way, The (1994)",1994,2.7,1088
67365,After Sex (2007),2007,2.7,87
44949,Hoot (2006),2006,2.7,128
120637,Blackhat (2015),2015,2.69,454
83067,And Soon the Darkness (2010),2010,2.69,77
416,Bad Girls (1994),1994,2.69,1799
167636,Monster Trucks (2016),2016,2.69,90
3840,Pumpkinhead (1988),1988,2.69,718
5862,Student Bodies (1981),1981,2.69,116
4305,Angel Eyes (2001),2001,2.69,1002
83349,"Green Hornet, The (2011)",2011,2.69,2446
7193,"Adventures of Ford Fairlane, The (1990)",1990,2.69,667
185989,Truth or Dare (2018),2018,2.69,246
142503,Shut In (2015),2015,2.69,101
208517,Girl on the Third Floor (2019),2019,2.69,57
168352,Incarnate (2016),2016,2.69,70
6821,More American Graffiti (1979),1979,2.69,70
1588,George of the Jungle (1997),1997,2.69,4902
140820,Air (2015),2015,2.69,109
5655,"Fan, The (1981)",1981,2.69,174
7150,Stuck on You (2003),2003,2.69,1465
6338,Daddy Day Care (2003),2003,2.69,1798
73870,"Thaw, The (2009)",2009,2.69,117
207189,The Addams Family (2019),2019,2.69,216
73718,"Other Man, The (2008)",2008,2.69,73
4510,Heartbreak Hotel (1988),1988,2.69,73
3883,Catfish in Black Bean Sauce (2000),2000,2.69,60
4053,Double Take (2001),2001,2.69,355
152063,Gods of Egypt (2016),2016,2.69,880
256,Junior (1994),1994,2.69,10683
4182,Tuff Turf (1985),1985,2.69,81
2535,Earthquake (1974),1974,2.69,751
5855,Shock Treatment (1981),1981,2.69,144
155970,They're Watching (2016),2016,2.69,55
56003,Southland Tales (2006),2006,2.69,642
2446,In Dreams (1999),1999,2.69,654
2602,Mighty Peking Man (a.k.a. Goliathon) (Xing xing wang) (1977),1977,2.69,66
187309,The Week Of (2018),2018,2.69,103
4955,"Sicilian, The (1987)",1987,2.69,74
87529,Your Highness (2011),2011,2.69,1042
30894,White Noise (2005),2005,2.69,1121
55577,Saw IV (2007),2007,2.69,2514
265204,Resident Evil: Welcome to Raccoon City (2021),2021,2.69,146
159441,The Do-Over (2016),2016,2.69,425
130450,Pan (2015),2015,2.69,449
286951,Hypnotic (2023),2023,2.69,64
2296,"Night at the Roxbury, A (1998)",1998,2.69,2655
175197,The Dark Tower (2017),2017,2.69,1047
4946,"Eye for an Eye, An (1981)",1981,2.69,99
2638,"Mummy's Tomb, The (1942)",1942,2.69,198
4550,Switching Channels (1988),1988,2.69,99
97946,"Day, The (2011)",2011,2.69,75
6014,National Security (2003),2003,2.69,951
71490,Grace (2009),2009,2.69,67
26755,Stone Cold (1991),1991,2.69,67
2253,Toys (1992),1992,2.69,4025
201314,Wine Country (2019),2019,2.69,191
46604,Curse of the Pink Panther (1983),1983,2.69,97
200324,Teen Spirit (2019),2019,2.69,62
121109,Van Wilder: Freshman Year (2009),2009,2.69,62
65359,Earthsea (Legend of Earthsea) (2004),2004,2.69,108
4196,"Die, Monster, Die! (1965)",1965,2.69,81
45106,American Dreamz (2006),2006,2.68,552
165669,The Late Bloomer (2016),2016,2.68,79
47124,"Ant Bully, The (2006)",2006,2.68,723
3562,Committed (2000),2000,2.68,164
984,"Pompatus of Love, The (1996)",1996,2.68,238
193749,Final Score (2018),2018,2.68,52
2041,Condorman (1981),1981,2.68,876
121190,When in Rome (2002),2002,2.68,85
5773,Neighbors (1981),1981,2.68,250
120825,The Woman in Black 2: Angel of Death (2015),2015,2.68,193
3630,"House of Exorcism, The (a.k.a. Lisa and the Devil) (Casa dell'esorcismo, La) (1973)",1973,2.68,69
282835,65 (2023),2023,2.68,210
4746,Waking Up in Reno (2002),2002,2.68,86
1640,How to Be a Player (1997),1997,2.68,516
3781,Shaft in Africa (1973),1973,2.68,125
116941,Jetsons: The Movie (1990),1990,2.68,64
1793,Welcome to Woop-Woop (1997),1997,2.68,128
2364,"Godzilla 1985: The Legend Is Reborn (Gojira) (Godzilla) (Return of Godzilla, The) (1984)",1984,2.68,758
174533,Pokémon: Spell of the Unown (2000),2000,2.68,92
157224,Nine Lives (2016),2016,2.68,173
200448,Justice League vs. the Fatal Five (2019),2019,2.68,67
133782,Maggie (2015),2015,2.68,243
5610,"Banger Sisters, The (2002)",2002,2.68,861
5943,Maid in Manhattan (2002),2002,2.68,3564
278612,Clerks III (2022),2022,2.68,84
148683,American Hero (2015),2015,2.68,56
4579,Cookie (1989),1989,2.68,70
32076,Godzilla vs. The Sea Monster (Gojira-Ebira-Mosura: Nankai no daiketto) (1966),1966,2.68,135
3050,Light It Up (1999),1999,2.68,138
51903,I Think I Love My Wife (2007),2007,2.68,223
4132,Mannequin (1987),1987,2.68,1961
2421,"Karate Kid, Part II, The (1986)",1986,2.68,6871
191,"Scarlet Letter, The (1995)",1995,2.68,1759
182679,Christmas Inheritance (2017),2017,2.68,74
8835,Paparazzi (2004),2004,2.68,242
7261,Barbershop 2: Back in Business (2004),2004,2.68,376
181115,Hangman (2017),2017,2.68,77
2122,Children of the Corn (1984),1984,2.68,2921
4621,Look Who's Talking (1989),1989,2.68,4251
2790,"Final Conflict, The (a.k.a. Omen III: The Final Conflict) (1981)",1981,2.68,651
5344,Thief of Hearts (1984),1984,2.67,83
130448,Poltergeist (2015),2015,2.67,481
65435,Open Season 2 (2008),2008,2.67,335
211245,We Summon the Darkness (2019),2019,2.67,63
8963,It's All About Love (2003),2003,2.67,126
196223,Hellboy (2019),2019,2.67,696
107756,A.C.O.D. (2013),2013,2.67,106
69945,"Fast and the Furious, The (1955)",1955,2.67,89
185171,The Hurricane Heist (2018),2018,2.67,98
204018,Point Blank (2019),2019,2.67,52
49435,Reeker (2005),2005,2.67,55
260039,We're All Going to the World's Fair (2021),2021,2.67,58
1004,"Glimmer Man, The (1996)",1996,2.67,1658
2154,How Stella Got Her Groove Back (1998),1998,2.67,1107
87520,Transformers: Dark of the Moon (2011),2011,2.67,3976
53435,Hostel: Part II (2007),2007,2.67,985
190945,The Package (2018),2018,2.67,102
107987,Diana (2013),2013,2.67,70
26676,Almost an Angel (1990),1990,2.67,70
5438,Men at Work (1990),1990,2.67,884
2354,"Rugrats Movie, The (1998)",1998,2.67,1499
151735,The Other Side of the Door (2016),2016,2.67,82
80880,Stone (2010),2010,2.67,299
207117,Jay and Silent Bob Reboot (2019),2019,2.67,176
260895,The Addams Family 2 (2021),2021,2.67,56
165645,Bad Santa 2 (2016),2016,2.67,195
44,Mortal Kombat (1995),1995,2.67,12261
2042,D2: The Mighty Ducks (1994),1994,2.67,2753
4497,Dead Heat (1988),1988,2.67,237
70994,Halloween II (2009),2009,2.67,445
2586,Goodbye Lover (1999),1999,2.67,173
228,Destiny Turns on the Radio (1995),1995,2.67,478
94813,Chernobyl Diaries (2012),2012,2.67,320
74532,Cop Out (2010),2010,2.67,805
200822,Dark Phoenix (2019),2019,2.67,1132
1832,Heaven's Burning (1997),1997,2.67,51
129372,Demonic (2015),2015,2.67,96
100397,"ABCs of Death, The (2012)",2012,2.67,192
109317,Someone Marry Barry (2014),2014,2.67,51
2350,Heart Condition (1990),1990,2.67,150
134517,Forbidden World (1982),1982,2.67,54
190755,The Little Stranger (2018),2018,2.67,63
3899,Circus (2000),2000,2.67,63
6006,Just Married (2003),2003,2.67,2113
1887,Almost Heroes (1998),1998,2.67,660
204826,The Kitchen (2019),2019,2.66,100
2279,Urban Legend (1998),1998,2.66,2964
83480,Season of the Witch (2011),2011,2.66,884
3021,"Funhouse, The (1981)",1981,2.66,319
69526,Transformers: Revenge of the Fallen (2009),2009,2.66,5626
112497,Tammy (2014),2014,2.66,359
34150,Fantastic Four (2005),2005,2.66,8724
234,Exit to Eden (1994),1994,2.66,3255
19,Ace Ventura: When Nature Calls (1995),1995,2.66,24849
160080,Ghostbusters (2016),2016,2.66,2063
6493,Alex and Emma (2003),2003,2.66,661
69131,Killshot (2008),2008,2.66,150
3354,Mission to Mars (2000),2000,2.66,7330
71341,Blood Creek (a.k.a. Town Creek) (2009),2009,2.66,89
51498,2001 Maniacs (2005),2005,2.66,129
188317,Uncle Drew (2018),2018,2.66,83
4974,Not Another Teen Movie (2001),2001,2.66,3726
146210,Blue Mountain State: The Rise of Thadland (2015),2015,2.66,80
223594,"Love, Guaranteed (2020)",2020,2.66,77
5128,Queen of the Damned (2002),2002,2.66,2249
3394,Blind Date (1987),1987,2.66,1273
33495,Kicking & Screaming (2005),2005,2.66,738
1911,Dr. Dolittle (1998),1998,2.66,8203
3225,Down to You (2000),2000,2.66,996
885,Bogus (1996),1996,2.66,653
8669,Stay Hungry (1976),1976,2.66,62
2026,Disturbing Behavior (1998),1998,2.66,1334
1515,Volcano (1997),1997,2.66,4155
7142,Honey (2003),2003,2.66,657
5264,Clockstoppers (2002),2002,2.66,848
174543,Pokémon 4Ever: Celebi - Voice of the Forest (2001),2001,2.66,53
167986,Rupture (2016),2016,2.66,50
218653,You Should Have Left (2020),2020,2.66,94
51575,Wild Hogs (2007),2007,2.66,1692
7988,Space Truckers (1996),1996,2.66,185
3395,Nadine (1987),1987,2.66,276
93693,Casa de mi Padre (2012),2012,2.66,176
36509,"Cave, The (2005)",2005,2.66,592
829,Joe's Apartment (1996),1996,2.66,1937
4203,Harley Davidson and the Marlboro Man (1991),1991,2.66,743
4394,Beach Blanket Bingo (1965),1965,2.66,272
585,"Brady Bunch Movie, The (1995)",1995,2.66,9903
202187,The Sun Is Also a Star (2019),2019,2.66,54
114928,"Scribbler, The (2014)",2014,2.66,51
6703,"Order, The (2003)",2003,2.66,405
278312,Black Adam (2022),2022,2.66,485
3113,End of Days (1999),1999,2.66,5899
3835,"Crush, The (1993)",1993,2.66,990
3782,Shaft's Big Score! (1972),1972,2.66,160
26834,Philadelphia Experiment II (1993),1993,2.66,64
266544,The 355 (2022),2022,2.66,93
6055,Sugar Hill (1994),1994,2.66,61
44840,"Benchwarmers, The (2006)",2006,2.66,919
255339,Dear Evan Hansen (2021),2021,2.66,90
25802,"Son of Kong, The (1933)",1933,2.66,74
4542,Shakedown (1988),1988,2.66,58
5804,"Santa Clause 2, The (2002)",2002,2.66,1653
387,"Low Down Dirty Shame, A (1994)",1994,2.65,723
111663,Zombeavers (2014),2014,2.65,181
129707,The Lazarus Effect (2015),2015,2.65,292
130496,Big Game (2014),2014,2.65,211
48518,"Texas Chainsaw Massacre: The Beginning, The (2006)",2006,2.65,880
138202,Burying the Ex (2015),2015,2.65,78
221880,I Used to Go Here (2020),2020,2.65,52
98054,Stolen (2012),2012,2.65,219
225263,2067 (2020),2020,2.65,72
5161,Intersection (1994),1994,2.65,180
311,Relative Fear (1994),1994,2.65,82
113696,Are You Here (2014),2014,2.65,105
143361,Iron Sky the Coming Race (2016),2016,2.65,115
100579,Universal Soldier: Day of Reckoning (2012),2012,2.65,148
2637,"Mummy's Hand, The (1940)",1940,2.65,191
109723,"Bag Man, The (2014)",2014,2.65,66
6128,Six Pack (1982),1982,2.65,76
6551,"Anarchist Cookbook, The (2002)",2002,2.65,63
5753,Who Pulled the Plug? (Göta kanal eller Vem drog ur proppen?) (1981),1981,2.65,73
4613,K-9 (1989),1989,2.65,989
2831,A Dog of Flanders (1999),1999,2.65,83
4511,High Spirits (1988),1988,2.65,216
167370,Assassin's Creed (2016),2016,2.65,1263
7958,Bloody Mama (1970),1970,2.65,50
8889,"Legacy, The (1978)",1978,2.65,50
60937,"Mummy: Tomb of the Dragon Emperor, The (2008)",2008,2.65,2191
6423,Straight Talk (1992),1992,2.65,157
6264,"Core, The (2003)",2003,2.65,2910
79498,"Town That Dreaded Sundown, The (1976)",1976,2.65,67
12,Dracula: Dead and Loving It (1995),1995,2.65,4258
6203,Life Stinks (1991),1991,2.65,245
834,Phat Beach (1996),1996,2.65,205
3847,"Ilsa, She Wolf of the SS (1974)",1974,2.65,212
3316,Reindeer Games (2000),2000,2.65,2738
2523,Rollercoaster (1977),1977,2.65,256
8977,Alexander (2004),2004,2.65,2590
55955,Fred Claus (2007),2007,2.65,480
1837,"Odd Couple II, The (1998)",1998,2.65,528
65155,"Surfer, Dude (2008)",2008,2.65,68
2039,Cheetah (1989),1989,2.65,68
78032,Dread (2009),2009,2.65,92
105813,Godzilla vs. Megalon (Gojira tai Megaro) (1973),1973,2.65,58
5550,Love Me Tender (1956),1956,2.65,137
63393,Camp Rock (2008),2008,2.65,459
8864,Mr. 3000 (2004),2004,2.65,425
8129,Sex: The Annabel Chong Story (1999),1999,2.65,86
5999,Heavy Metal 2000 (2000),2000,2.65,554
6720,Kuffs (1992),1992,2.65,303
2259,Blame It on Rio (1984),1984,2.65,1450
89190,Conan the Barbarian (2011),2011,2.65,765
5784,Ghost Ship (2002),2002,2.64,2347
210855,The Rhythm Section (2020),2020,2.64,76
171207,Beyond Skyline (2017),2017,2.64,173
70301,Obsessed (2009),2009,2.64,194
216745,The Wrong Missy (2020),2020,2.64,298
2793,"American Werewolf in Paris, An (1997)",1997,2.64,2334
183727,The Man from Earth: Holocene (2017),2017,2.64,94
140212,Tarzan II (2005),2005,2.64,101
79251,"Serbian Film, A (Srpski film) (2010)",2010,2.64,771
8893,Basket Case 2 (1990),1990,2.64,105
3500,Mr. Saturday Night (1992),1992,2.64,729
251922,Infinite (2021),2021,2.64,200
143365,The Circle (2016),2016,2.64,928
4266,"Forsaken, The (2001)",2001,2.64,306
27735,Unstoppable (2004),2004,2.64,74
6686,"Medallion, The (2003)",2003,2.64,940
343,"Baby-Sitters Club, The (1995)",1995,2.64,943
251662,Awake (2021),2021,2.64,71
286029,The Little Mermaid (2023),2023,2.64,135
135536,Suicide Squad (2016),2016,2.64,5310
160187,Blackway (2015),2015,2.64,50
42009,Cheaper by the Dozen 2 (2005),2005,2.64,922
8810,AVP: Alien vs. Predator (2004),2004,2.64,6212
5787,"Truth About Charlie, The (2002)",2002,2.64,466
5100,"Man Who Loved Women, The (1983)",1983,2.64,104
280906,Disenchanted (2022),2022,2.64,72
1591,Spawn (1997),1997,2.64,6188
1126,Drop Dead Fred (1991),1991,2.64,3253
206329,3 from Hell (2019),2019,2.64,65
4295,Backtrack (Catchfire) (1990),1990,2.64,65
5697,Terror Train (1980),1980,2.64,159
2814,"Bat, The (1959)",1959,2.64,123
5170,All About the Benjamins (2002),2002,2.64,266
84942,Drive Angry (2011),2011,2.64,638
93803,4:44 Last Day on Earth (2011),2011,2.64,62
73929,Legion (2010),2010,2.64,1200
169982,Power Rangers (2017),2017,2.64,762
49110,Mom and Dad Save the World (1992),1992,2.64,99
76108,Tom and Jerry: The Movie (1992),1992,2.64,121
141038,Get a Clue (2002),2002,2.64,55
325,National Lampoon's Senior Trip (1995),1995,2.64,1059
439,Dangerous Game (1993),1993,2.64,59
27170,Cherry Falls (2000),2000,2.64,107
436,Color of Night (1994),1994,2.64,1338
113345,Jupiter Ascending (2015),2015,2.64,2584
143209,Tremors 5: Bloodline (2015),2015,2.64,100
226758,The Witches (2020),2020,2.63,163
5172,Full Frontal (2002),2002,2.63,415
50800,"Messengers, The (2007)",2007,2.63,425
3385,Volunteers (1985),1985,2.63,692
73741,Ninja (2009),2009,2.63,90
4894,Timerider: The Adventure of Lyle Swann (1982),1982,2.63,139
163937,Blair Witch (2016),2016,2.63,421
91694,Intruders (2011),2011,2.63,94
7310,Raw Deal (1986),1986,2.63,452
5926,Best Friends (1982),1982,2.63,83
7188,Buster (1988),1988,2.63,53
4913,Circus of Horrors (1960),1960,2.63,53
1426,Zeus and Roxanne (1997),1997,2.63,254
253130,The Forever Purge (2021),2021,2.63,129
212281,Mulan (2020),2020,2.63,683
128975,Hot Tub Time Machine 2 (2015),2015,2.63,482
97742,Alex Cross (2012),2012,2.63,171
166958,Hairspray Live! (2016),2016,2.63,61
209213,The Knight Before Christmas (2019),2019,2.63,126
4430,Popcorn (1991),1991,2.63,107
70663,"I Love You, Beth Cooper (2009)",2009,2.63,445
6349,Breakin' (1984),1984,2.63,211
156706,The Trust (2016),2016,2.63,169
7374,Home on the Range (2004),2004,2.63,574
57534,"Eye, The (2008)",2008,2.63,507
7262,Catch That Kid (2004),2004,2.63,182
4224,Exit Wounds (2001),2001,2.63,935
6885,In the Cut (2003),2003,2.63,575
6383,"2 Fast 2 Furious (Fast and the Furious 2, The) (2003)",2003,2.63,6777
74452,"Wolfman, The (2010)",2010,2.63,802
185435,"Game Over, Man! (2018)",2018,2.63,177
69809,The Inhabited Island (2008),2008,2.63,67
5595,Shock Waves (1977),1977,2.63,71
7127,Run (1991),1991,2.63,75
258,"Kid in King Arthur's Court, A (1995)",1995,2.63,1807
7399,Ned Kelly (1970),1970,2.62,52
61073,Hell Ride (2008),2008,2.62,140
182477,Bleeding Steel (2017),2017,2.62,60
5658,Hanky Panky (1982),1982,2.62,52
230039,The Christmas Chronicles: Part Two (2020),2020,2.62,104
2307,One Tough Cop (1998),1998,2.62,201
711,Flipper (1996),1996,2.62,2212
74582,I Hope They Serve Beer in Hell (2009),2009,2.62,73
177993,Escape Room (2017),2017,2.62,69
6906,That Was Then... This Is Now (1985),1985,2.62,61
2016,"Apple Dumpling Gang Rides Again, The (1979)",1979,2.62,884
73804,Asterix at the Olympic Games (Astérix aux jeux olympiques) (2008),2008,2.62,308
176599,Naked (2017),2017,2.62,115
193779,We Have Always Lived in the Castle (2018),2018,2.62,70
5813,"God is Great, I'm Not (Dieu est grand, je suis toute petite) (2001)",2001,2.62,62
5582,Captain Ron (1992),1992,2.62,803
27888,When Will I Be Loved (2004),2004,2.62,87
2255,Young Doctors in Love (1982),1982,2.62,494
152838,The Veil (2016),2016,2.62,54
2234,Let's Talk About Sex (1998),1998,2.62,54
66783,Friday the 13th (2009),2009,2.62,737
1503,8 Heads in a Duffel Bag (1997),1997,2.62,1351
6321,Stella (1990),1990,2.62,67
818,"Very Brady Sequel, A (1996)",1996,2.62,2962
3944,Bootmen (2000),2000,2.62,88
70607,Feast II: Sloppy Seconds (2008),2008,2.62,88
3146,Deuce Bigalow: Male Gigolo (1999),1999,2.62,4370
70706,Fighting (2009),2009,2.62,147
163911,USS Indianapolis: Men of Courage (2016),2016,2.62,63
3063,Poison Ivy (1992),1992,2.62,1253
6251,Piglet's Big Movie (2003),2003,2.62,286
200614,Wonder Park (2019),2019,2.62,59
6484,Hollywood Homicide (2003),2003,2.62,899
216859,Inheritance (2020),2020,2.62,89
6829,"Gun in Betty Lou's Handbag, The (1992)",1992,2.62,123
455,Free Willy (1993),1993,2.62,9387
46062,High School Musical (2006),2006,2.62,1825
212371,The New Mutants (2020),2020,2.62,375
462,"Good Man in Africa, A (1994)",1994,2.62,209
47264,Barnyard: The Original Party Animals (2006),2006,2.62,517
142540,Visions (2015),2015,2.62,82
5295,New Best Friend (2002),2002,2.62,82
96616,That's My Boy (2012),2012,2.62,626
4650,Relentless (1989),1989,2.62,65
116215,"Ultramarines: A Warhammer 40,000 Movie (2010)",2010,2.62,52
2574,"Out-of-Towners, The (1999)",1999,2.62,1548
3610,Roustabout (1964),1964,2.61,109
202195,See You Yesterday (2019),2019,2.61,105
66304,Hotel for Dogs (2009),2009,2.61,302
6596,"Divorce, Le (2003)",2003,2.61,464
98,Shopping (1994),1994,2.61,92
1102,American Strays (1996),1996,2.61,79
32128,Blackball (2003),2003,2.61,66
112788,Sex Tape (2014),2014,2.61,813
414,"Air Up There, The (1994)",1994,2.61,930
6534,Hulk (2003),2003,2.61,8865
2808,Universal Soldier (1992),1992,2.61,4759
2507,Breakfast of Champions (1999),1999,2.61,476
3616,Loser (2000),2000,2.61,1675
4732,Bubble Boy (2001),2001,2.61,1200
312,Stuart Saves His Family (1995),1995,2.61,1325
106240,Free Birds (2013),2013,2.61,244
4982,"Crawling Eye, The (a.k.a. Trollenberg Terror, The) (1958)",1958,2.61,113
4131,Making Mr. Right (1987),1987,2.61,312
5185,Hero at Large (1980),1980,2.61,68
2667,"Mole People, The (1956)",1956,2.61,245
164725,The Cheetah Girls 2 (2006),2006,2.61,50
27839,"Ring Two, The (2005)",2005,2.61,1797
114704,Space Station 76 (2014),2014,2.61,91
100611,Escape from Planet Earth (2013),2013,2.61,246
83910,"Dilemma, The (2011)",2011,2.61,385
8855,Witchboard (1986),1986,2.61,147
7031,"Real McCoy, The (1993)",1993,2.61,171
7385,Twentynine Palms (2003),2003,2.61,88
72874,"Peacekeeper, The (1997)",1997,2.61,51
33930,Man with the Screaming Brain (2005),2005,2.61,51
104245,Planes (2013),2013,2.61,474
191367,The Predator (2018),2018,2.61,805
81180,30 Days of Night: Dark Days (2010),2010,2.61,182
52867,"Ex, The (2007)",2007,2.61,238
45208,RV (2006),2006,2.61,1028
6702,Dickie Roberts: Former Child Star (2003),2003,2.61,482
4180,Reform School Girls (1986),1986,2.61,75
54934,"Brothers Solomon, The (2007)",2007,2.61,170
198111,Paradise Hills,,2.61,85
3243,Encino Man (1992),1992,2.61,2805
487,Lightning Jack (1994),1994,2.61,642
170827,The Mummy (2017),2017,2.6,1256
8941,Riding the Bullet (2004),2004,2.6,139
8634,Tank (1984),1984,2.6,149
1677,Critical Care (1997),1997,2.6,178
72041,Tormented (2009),2009,2.6,53
168714,Wilson (2017),2017,2.6,87
160,Congo (1995),1995,2.6,15511
4563,Young Einstein (1988),1988,2.6,918
5583,"Devil Bat, The (1940)",1940,2.6,68
6968,Death Machine (1995),1995,2.6,68
142074,Knock Knock (2015),2015,2.6,442
3674,For the Love of Benji (1977),1977,2.6,230
43838,Troll (1986),1986,2.6,103
112277,Haunt (2013),2013,2.6,59
5727,Deadly Blessing (1981),1981,2.6,59
2471,Crocodile Dundee II (1988),1988,2.6,5814
2862,Caligula (1979),1979,2.6,1232
2147,"Clan of the Cave Bear, The (1986)",1986,2.6,1343
277408,Beast (2022),2022,2.6,60
177241,My Little Pony: The Movie (2017),2017,2.6,75
3669,Stay Tuned (1992),1992,2.6,441
1388,Jaws 2 (1978),1978,2.6,4957
2464,Trick or Treat (1986),1986,2.6,176
6521,"Main Event, The (1979)",1979,2.6,126
280992,Troll (2022),2022,2.6,121
437,Cops and Robbersons (1994),1994,2.6,1856
67073,Day of the Dead (2008),2008,2.6,249
52460,Pathfinder (2007),2007,2.6,382
5677,Abandon (2002),2002,2.6,337
84637,Gnomeo & Juliet (2011),2011,2.6,876
4934,"Exterminator, The (1980)",1980,2.6,149
981,Dangerous Ground (1997),1997,2.6,217
184189,Mary Magdalene (2018),2018,2.6,57
2031,"Million Dollar Duck, The (a.k.a. $1,000,000 Duck) (1971)",1971,2.6,275
5189,Humanoids from the Deep (1980),1980,2.6,156
3721,Trixie (2000),2000,2.6,115
8062,Dahmer (2002),2002,2.59,179
53974,License to Wed (2007),2007,2.59,632
6313,Sibling Rivalry (1990),1990,2.59,95
49642,Unaccompanied Minors (2006),2006,2.59,132
112895,Willow Creek (2013),2013,2.59,106
110968,Pompeii (2014),2014,2.59,530
168738,Don't Knock Twice (2017),2017,2.59,69
3248,Sister Act 2: Back in the Habit (1993),1993,2.59,3152
3857,Bless the Child (2000),2000,2.59,817
55257,Postal (2007),2007,2.59,219
27003,Beowulf (1999),1999,2.59,150
1924,Plan 9 from Outer Space (1959),1959,2.59,2521
4199,Death Warrant (1990),1990,2.59,215
5093,Collateral Damage (2002),2002,2.59,2097
4603,Her Alibi (1989),1989,2.59,446
734,Getting Away With Murder (1996),1996,2.59,60
226698,Monster Hunter (2020),2020,2.59,224
1715,Office Killer (1997),1997,2.59,104
126575,Everly (2014),2014,2.59,115
1666,Hugo Pool (1997),1997,2.59,143
78207,Brief Interviews with Hideous Men (2009),2009,2.59,77
1359,Jingle All the Way (1996),1996,2.59,4473
5567,"Incubus, The (1981)",1981,2.59,61
1605,Excess Baggage (1997),1997,2.59,951
81949,"Romantics, The (2010)",2010,2.59,89
61465,Bangkok Dangerous (2008),2008,2.59,700
115871,Mercy (2014) ,2014,2.59,56
90730,Sometimes They Come Back (1991),1991,2.59,68
8799,Little Black Book (2004),2004,2.59,434
151675,Lazer Team (2016),2016,2.59,80
1460,That Darn Cat (1997),1997,2.59,823
2008,"This World, Then the Fireworks (1997)",1997,2.59,103
5313,The Scorpion King (2002),2002,2.59,4614
162148,Friend Request (2016),2016,2.59,115
50151,Home of the Brave (2007),2007,2.59,75
26841,Splitting Heirs (1993),1993,2.59,87
49528,Turistas (2006),2006,2.59,349
43391,Matti: Hell Is for Heroes (Matti) (2006),2006,2.59,105
116977,Dumb and Dumber To (2014),2014,2.59,1570
1831,Lost in Space (1998),1998,2.59,8357
688,Operation Dumbo Drop (1995),1995,2.59,3030
2815,Iron Eagle (1986),1986,2.59,1827
162660,God's Not Dead 2 (2016),2016,2.58,65
2051,Herbie Goes to Monte Carlo (1977),1977,2.58,949
2636,"Mummy's Ghost, The (1944)",1944,2.58,89
6695,Jeepers Creepers 2 (2003),2003,2.58,1188
4559,Vice Versa (1988),1988,2.58,398
4943,At the Earth's Core (1976),1976,2.58,101
5412,"Villain, The (1979)",1979,2.58,113
7321,Twisted (2004),2004,2.58,412
53464,Fantastic Four: Rise of the Silver Surfer (2007),2007,2.58,5041
27044,Breast Men (1997),1997,2.58,67
27524,"Gathering, The (2002)",2002,2.58,67
171867,Rough Night (2017),2017,2.58,305
4756,"Musketeer, The (2001)",2001,2.58,812
27192,"Prophecy 3: The Ascent, The (2000)",2000,2.58,55
435,Coneheads (1993),1993,2.58,14828
200326,Little (2019),2019,2.58,68
7368,Never Die Alone (2004),2004,2.58,56
3838,Phantasm III: Lord of the Dead (1994),1994,2.58,287
3921,Beach Party (1963),1963,2.58,156
274779,Senior Year (2022),2022,2.58,100
118922,Mr. Jones (2013),2013,2.58,50
1655,Phantoms (1998),1998,2.58,798
113348,Teenage Mutant Ninja Turtles (2014),2014,2.58,1502
279780,Halloween Ends (2022),2022,2.58,151
3990,Rugrats in Paris: The Movie (2000),2000,2.58,894
176923,Bushwick (2017),2017,2.58,70
1427,Turbulence (1997),1997,2.58,804
116529,Stalingrad (2013),2013,2.58,83
142374,Attack on Titan: End of the World (2015),2015,2.58,58
192315,Slaughterhouse Rulez (2018),2018,2.58,71
5469,Grand Theft Auto (1977),1977,2.58,71
6316,"Wiz, The (1978)",1978,2.58,610
606,Candyman: Farewell to the Flesh (1995),1995,2.58,1569
225289,Vampires vs. the Bronx (2020),2020,2.58,59
70898,Post Grad (2009),2009,2.58,138
212,Bushwhacked (1995),1995,2.58,487
1702,Flubber (1997),1997,2.58,5404
1468,Booty Call (1997),1997,2.58,1213
183055,The Beyond (2018),2018,2.58,66
141166,Arthur 3: The War of the Two Worlds (2010),2010,2.58,86
57536,Strange Wilderness (2008),2008,2.58,278
2902,Psycho II (1983),1983,2.58,1275
32296,Miss Congeniality 2: Armed and Fabulous (2005),2005,2.57,2030
4544,Short Circuit 2 (1988),1988,2.57,1816
3294,Eaten Alive (1977),1977,2.57,95
214922,Love. Wedding. Repeat (2020),2020,2.57,136
93126,Bag of Bones (2011),2011,2.57,68
202519,Child's Play (2019),2019,2.57,252
5768,Modern Problems (1981),1981,2.57,191
3780,Rocketship X-M (1950),1950,2.57,137
2786,Haunted Honeymoon (1986),1986,2.57,427
151593,Martyrs (2016),2016,2.57,76
59900,You Don't Mess with the Zohan (2008),2008,2.57,3720
185869,10x10 (2018),2018,2.57,63
2995,House on Haunted Hill (1999),1999,2.57,3192
62729,Niko & the Way to the Stars (a.k.a. The Flight Before Christmas) (Niko - Lentäjän poika) (2008),2008,2.57,56
6324,It Runs in the Family (2003),2003,2.57,105
6089,"J. Gang Meets Dynamite Harry, The (Jönssonligan & DynamitHarry) (1982)",1982,2.57,56
891,Halloween: The Curse of Michael Myers (Halloween 6: The Curse of Michael Myers) (1995),1995,2.57,2211
81312,Borderland (2007),2007,2.57,50
191483,The Nun (2018),2018,2.57,630
97643,[REC]³ 3 Génesis (2012),2012,2.57,230
4137,Morgan Stewart's Coming Home (1987),1987,2.57,87
64234,"Guyver, The (1991)",1991,2.57,87
3839,Phantasm IV: Oblivion (1998),1998,2.57,247
7148,Love Don't Cost a Thing (2003),2003,2.57,109
30791,Hellraiser: Inferno (2000),2000,2.57,153
70641,Miss March (2009),2009,2.57,190
1168,Bad Moon (1996),1996,2.57,227
144982,Paranormal Activity: The Ghost Dimension (2015),2015,2.57,221
173,Judge Dredd (1995),1995,2.57,16833
163951,Kickboxer: Vengeance (2016),2016,2.57,52
3403,Raise the Titanic (1980),1980,2.57,210
86059,Hop (2011),2011,2.57,398
45361,"American Haunting, An (2005)",2005,2.57,353
2088,Popeye (1980),1980,2.57,3740
7257,"Big Bounce, The (2004)",2004,2.57,432
3453,Here on Earth (2000),2000,2.57,663
2668,Swamp Thing (1982),1982,2.57,1555
143239,By the Sea (2015),2015,2.57,84
4390,Rape Me (Baise-moi) (2000),2000,2.57,446
5621,"Tuxedo, The (2002)",2002,2.56,2827
4109,Flowers in the Attic (1987),1987,2.56,491
6141,They Call Me Bruce? (a.k.a. A Fistful of Chopsticks) (1982),1982,2.56,156
103721,Love (2011),2011,2.56,86
90870,Trespass (2011),2011,2.56,235
66659,Tyler Perry's Madea Goes to Jail (2009),2009,2.56,142
1798,Hush (1998),1998,2.56,348
5781,Private Lessons (1981),1981,2.56,87
189781,Down a Dark Hall (2018),2018,2.56,56
65817,Donkey Punch (2008),2008,2.56,112
5519,Change of Habit (1969),1969,2.56,56
99721,Texas Chainsaw 3D (2013),2013,2.56,210
101060,"Last Exorcism Part II, The (2013)",2013,2.56,81
54732,Balls of Fury (2007),2007,2.56,981
1431,Beverly Hills Ninja (1997),1997,2.56,3391
2521,Airport 1975 (1974),1974,2.56,709
5990,Pinocchio (2002),2002,2.56,264
197707,IO (2019),2019,2.56,257
27434,Darkness (2002),2002,2.56,308
3340,Bride of the Monster (1955),1955,2.56,312
1975,Friday the 13th Part 2 (1981),1981,2.56,2125
2107,Halloween H20: 20 Years Later (Halloween 7: The Revenge of Laurie Strode) (1998),1998,2.56,2562
137563,Stung (2015),2015,2.56,51
4373,Pootie Tang (2001),2001,2.56,615
91660,"Darkest Hour, The (2011)",2011,2.56,423
191469,Robin Hood (2018),2018,2.56,346
61123,High School Musical 2 (2007),2007,2.56,1064
7727,Protocol (1984),1984,2.56,104
8823,"Sting II, The (1983)",1983,2.56,61
26870,Major League II (1994),1994,2.56,538
195847,A Christmas Prince: The Royal Wedding (2018),2018,2.56,81
128592,The Boy Next Door (2015),2015,2.56,145
100498,"Good Day to Die Hard, A (2013)",2013,2.56,1559
7704,"Delta Force, The (1986)",1986,2.56,318
128632,Home Sweet Hell (2015),2015,2.55,91
87909,Megan Is Missing (2011),2011,2.55,82
5277,"Evil That Men Do, The (1984)",1984,2.55,64
2755,Light of Day (1987),1987,2.55,183
175783,First Kill (2017),2017,2.55,55
69904,Open Water 2: Adrift (2006),2006,2.55,102
168650,XX (2017),2017,2.55,94
138610,The Gallows (2015),2015,2.55,113
1551,Buddy (1997),1997,2.55,323
1311,Santa with Muscles (1996),1996,2.55,163
6800,Cobra (1986),1986,2.55,1095
86478,Rabbit Without Ears 2 (Zweiohrküken) (2009),2009,2.55,68
109576,Welcome to the Jungle (2013),2013,2.55,78
2809,Love Stinks (1999),1999,2.55,283
141395,Nina Forever (2015),2015,2.55,59
219705,She Dies Tomorrow (2020),2020,2.55,79
3826,Hollow Man (2000),2000,2.55,8822
5730,Enter the Ninja (a.k.a. Ninja I) (1981),1981,2.55,90
262655,Hypnotic (2021),2021,2.55,50
150294,The Forest (2016),2016,2.55,251
6793,Beethoven (1992),1992,2.55,2028
3802,Freejack (1992),1992,2.55,1623
3597,Whipped (2000),2000,2.55,413
7308,King Solomon's Mines (1985),1985,2.55,374
175187,Revolt (2017),2017,2.55,63
274195,Jurassic World Dominion (2022),2022,2.55,507
77798,"Nightmare on Elm Street, A (2010)",2010,2.55,880
7319,Club Dread (2004),2004,2.55,608
7294,Welcome to Mooseport (2004),2004,2.55,578
1623,Wishmaster (1997),1997,2.55,1203
142574,Cow Belles (2006),2006,2.55,54
3596,Screwed (2000),2000,2.55,379
4854,Clambake (1967),1967,2.55,87
39421,After School Special (a.k.a. Barely Legal) (2003),2003,2.55,99
210571,Fantasy Island (2020),2020,2.55,253
5217,Super Fuzz (a.k.a. Super Snooper) (Poliziotto superpiù) (1980),1980,2.55,88
190085,How It Ends (2018),2018,2.55,210
1772,Blues Brothers 2000 (1998),1998,2.54,3143
3439,Teenage Mutant Ninja Turtles II: The Secret of the Ooze (1991),1991,2.54,3027
4248,Josie and the Pussycats (2001),2001,2.54,1623
4341,What's the Worst That Could Happen? (2001),2001,2.54,448
4030,Dracula 2000 (2000),2000,2.54,1421
98203,"Twilight Saga: Breaking Dawn - Part 2, The (2012)",2012,2.54,2362
140074,The Vatican Tapes (2015),2015,2.54,80
5542,"Nightmare City (a.k.a. City of the Walking Dead) (a.k.a. Invasión de los zombies atómicos, La) (Incubo sulla città contaminata) (1980)",1980,2.54,80
4666,Skin Deep (1989),1989,2.54,183
619,Ed (1996),1996,2.54,723
54617,"Brice Man, The (Brice de Nice) (2005)",2005,2.54,70
210863,Dolittle (2020),2020,2.54,257
2892,New Rose Hotel (1998),1998,2.54,188
119964,A Merry Friggin' Christmas (2014),2014,2.54,59
170815,Unforgettable (2017),2017,2.54,71
128944,"Honey, We Shrunk Ourselves (1997)",1997,2.54,215
7198,The Pick-up Artist (1987),1987,2.54,227
2950,"Blue Lagoon, The (1980)",1980,2.54,3998
167174,Beyond the Gates (2016),2016,2.54,74
6615,Freddy vs. Jason (2003),2003,2.54,2408
206899,Charlie's Angels (2019),2019,2.54,347
3923,Return of the Fly (1959),1959,2.54,360
62394,Max Payne (2008),2008,2.54,1522
192377,Goosebumps: Haunted Halloween (2018),2018,2.54,100
7316,Confessions of a Teenage Drama Queen (2004),2004,2.54,765
2246,Stars and Bars (1988),1988,2.54,64
2713,Lake Placid (1999),1999,2.54,4279
427,Boxing Helena (1993),1993,2.54,3421
5255,Sorority Boys (2002),2002,2.54,628
166544,A Kind of Murder (2016),2016,2.54,54
6172,"Countess from Hong Kong, A (1967)",1967,2.54,54
3165,Boiling Point (1993),1993,2.54,383
4386,Cats & Dogs (2001),2001,2.54,3050
97785,Silent Hill: Revelation 3D (2012),2012,2.54,401
143472,Into the Grizzly Maze (2015),2015,2.54,56
167352,Hurricane Bianca (2016),2016,2.54,57
178447,Cult of Chucky (2017),2017,2.53,159
244172,Blonde,,2.53,133
7477,Eye See You (D-Tox) (2002),2002,2.53,133
6558,Curly Sue (1991),1991,2.53,712
2778,Never Talk to Strangers (1995),1995,2.53,209
42740,Looking for Comedy in the Muslim World (2005),2005,2.53,105
70334,Hannah Montana: The Movie (2009),2009,2.53,587
2385,Home Fries (1998),1998,2.53,1028
4582,Dead Bang (1989),1989,2.53,92
72696,Old Dogs (2009),2009,2.53,353
2559,"King and I, The (1999)",1999,2.53,416
269872,Moonfall (2022),2022,2.53,341
2339,I'll Be Home For Christmas (1998),1998,2.53,392
33836,Bewitched (2005),2005,2.53,2400
260669,Halloween Kills (2021),2021,2.53,249
6744,Once Bitten (1985),1985,2.53,486
4560,Watchers (1988),1988,2.53,151
49735,Another Gay Movie (2006),2006,2.53,85
66789,Screamers: The Hunting (2009),2009,2.53,86
33823,"Bridge of San Luis Rey, The (2004)",2004,2.53,52
135137,Pixels (2015),2015,2.53,1640
2597,Lost & Found (1999),1999,2.53,507
7846,Tremors 3: Back to Perfection (2001),2001,2.53,472
112370,Transformers: Age of Extinction (2014),2014,2.53,2167
3004,"Bachelor, The (1999)",1999,2.53,1727
157667,Mother's Day (2016),2016,2.53,151
4962,Texas Rangers (2001),2001,2.53,133
5789,All the Queen's Men (2001),2001,2.53,59
4665,Shocker (1989),1989,2.52,384
74355,Serious Moonlight (2009),2009,2.52,83
7103,Madhouse (1990),1990,2.52,84
4015,"Dude, Where's My Car? (2000)",2000,2.52,7579
5141,"Bad News Bears in Breaking Training, The (1977)",1977,2.52,234
32116,"Oh, God! You Devil (1984)",1984,2.52,215
58293,"10,000 BC (2008)",2008,2.52,3119
5215,"Oh, Heavenly Dog! (1980)",1980,2.52,114
62912,High School Musical 3: Senior Year (2008),2008,2.52,871
107557,Fun Size (2012),2012,2.52,70
96590,"Cold Light of Day, The (2012)",2012,2.52,143
5580,Aspen Extreme (1993),1993,2.52,167
4987,Spacehunter: Adventures in the Forbidden Zone (1983),1983,2.52,220
142110,Man Down (2015),2015,2.52,50
8934,Bebe's Kids (1992),1992,2.52,207
667,Bloodsport 2 (a.k.a. Bloodsport II: The Next Kumite) (1996),1996,2.52,1089
8770,Evilspeak (1981),1981,2.52,53
7267,Who's the Man? (1993),1993,2.52,53
4870,Dancing at the Blue Iguana (2000),2000,2.52,161
45074,"Wild, The (2006)",2006,2.52,404
611,Hellraiser: Bloodline (1996),1996,2.52,1951
50003,DOA: Dead or Alive (2006),2006,2.52,420
447,"Favor, The (1994)",1994,2.52,227
84732,Vanishing on 7th Street (2010),2010,2.52,175
174371,Once Upon a Time in Venice (2017),2017,2.52,118
65601,My Bloody Valentine 3-D (2009),2009,2.52,415
6320,Scenes from a Mall (1991),1991,2.52,216
4629,Next of Kin (1989),1989,2.52,352
191441,The Happytime Murders (2018),2018,2.52,192
1644,I Know What You Did Last Summer (1997),1997,2.52,8783
189549,2036 Origin Unknown (2018),2018,2.52,99
3766,Missing in Action (1984),1984,2.51,839
4526,My Stepmother Is an Alien (1988),1988,2.51,1105
6848,Kingdom of the Spiders (1977),1977,2.51,108
2286,"Fiendish Plot of Dr. Fu Manchu, The (1980)",1980,2.51,253
189205,Action Point (2018),2018,2.51,74
86410,"Resident, The (2011)",2011,2.51,152
1692,Alien Escape (1995),1995,2.51,114
127323,Vice (2015),2015,2.51,116
1474,Jungle2Jungle (a.k.a. Jungle 2 Jungle) (1997),1997,2.51,2059
1995,Poltergeist II: The Other Side (1986),1986,2.51,1651
7016,Over the Top (1987),1987,2.51,615
8946,Surviving Christmas (2004),2004,2.51,332
87028,"Roommate, The (2011)",2011,2.51,211
43904,When a Stranger Calls (2006),2006,2.51,509
5448,Hey Arnold! The Movie (2002),2002,2.51,258
43932,Pulse (2006),2006,2.51,395
49526,National Lampoon's Van Wilder: The Rise of Taj (2006),2006,2.51,310
5315,Chelsea Walls (2001),2001,2.51,89
505,North (1994),1994,2.51,1367
4472,Bad Dreams (1988),1988,2.51,94
4462,18 Again! (1988),1988,2.51,334
2907,Superstar (1999),1999,2.51,1734
44777,Evil Aliens (2005),2005,2.51,50
5529,Serving Sara (2002),2002,2.51,567
165539,Michael Moore in TrumpLand (2016),2016,2.51,53
6503,Charlie's Angels: Full Throttle (2003),2003,2.51,6587
6651,Ash Wednesday (2002),2002,2.51,65
5706,...All the Marbles (1981),1981,2.51,66
2050,Herbie Goes Bananas (1980),1980,2.51,1071
243,Gordy (1995),1995,2.51,470
5717,Make Them Die Slowly (Cannibal Ferox) (1981),1981,2.51,135
189399,Ibiza (2018),2018,2.51,77
3579,I Dreamed of Africa (2000),2000,2.51,314
8849,Under the Cherry Moon (1986),1986,2.51,85
2458,Armed and Dangerous (1986),1986,2.5,921
5942,"Hot Chick, The (2002)",2002,2.5,1900
34334,Stealth (2005),2005,2.5,1059
2163,Attack of the Killer Tomatoes! (1978),1978,2.5,1935
48591,"Grudge 2, The (2006)",2006,2.5,657
2851,Saturn 3 (1980),1980,2.5,632
43912,Freedomland (2006),2006,2.5,225
85261,Mars Needs Moms (2011),2011,2.5,262
1526,Fathers' Day (1997),1997,2.5,832
3895,"Watcher, The (2000)",2000,2.5,859
1971,"Nightmare on Elm Street 4: The Dream Master, A (1988)",1988,2.5,2111
3955,"Ladies Man, The (2000)",2000,2.5,1171
114849,The Prince (2014),2014,2.5,77
109733,Captain EO (1986),1986,2.5,71
79599,Operation Endgame (2010),2010,2.5,111
168274,Patient Zero (2017),2017,2.5,57
1891,"Ugly, The (1997)",1997,2.5,118
194238,Malevolent (2018),2018,2.5,96
80191,Fear and Desire (1953),1953,2.5,139
6814,City Heat (1984),1984,2.5,136
279484,Falling for Christmas (2022),2022,2.5,68
121235,The Anomaly (2014),2014,2.5,69
1532,Sprung (1997),1997,2.5,64
43906,Tamara (2005),2005,2.5,90
1622,Kicked in the Head (1997),1997,2.5,58
2986,RoboCop 2 (1990),1990,2.5,5770
104218,Grown Ups 2 (2013),2013,2.5,865
2306,Holy Man (1998),1998,2.5,1043
183589,Fifty Shades Freed (2018),2018,2.5,394
93,Vampire in Brooklyn (1995),1995,2.5,2130
1501,Keys to Tulsa (1997),1997,2.5,192
199207,The Curse of La Llorona (2019),2019,2.5,182
3864,Godzilla 2000 (Gojira ni-sen mireniamu) (1999),1999,2.5,1468
2884,Dog Park (1998),1998,2.5,302
5454,Mo' Money (1992),1992,2.5,389
165219,Max Steel (2016),2016,2.5,125
3691,Private School (1983),1983,2.5,241
46965,Snakes on a Plane (2006),2006,2.5,3067
65552,Replicant (2001),2001,2.5,113
2408,Cocoon: The Return (1988),1988,2.5,1999
2027,Jane Austen's Mafia! (1998),1998,2.49,1114
3048,Under the Rainbow (1981),1981,2.49,347
3919,Hellraiser III: Hell on Earth (1992),1992,2.49,941
5362,White Fang 2: Myth of the White Wolf (1994),1994,2.49,81
7280,Blacula (1972),1972,2.49,159
1969,"Nightmare on Elm Street 2: Freddy's Revenge, A (1985)",1985,2.49,2645
8241,Masterminds (1997),1997,2.49,71
5480,Stuart Little 2 (2002),2002,2.49,1547
216817,Scoob! (2020),2020,2.49,206
5084,Caged Heat (1974),1974,2.49,58
92923,"Dead, The (2010)",2010,2.49,52
81364,"Box, The (2007)",2007,2.49,50
188679,Fahrenheit 451 (2018),2018,2.49,191
8867,Anatomy of Hell (Anatomie de l'enfer) (2004),2004,2.49,89
158530,Leatherface (2016),2016,2.49,87
148238,A Very Murray Christmas (2015),2015,2.49,347
5918,Alone in the Dark (1982),1982,2.49,86
157407,I Am Wrath (2016),2016,2.49,82
4213,Deepstar Six (1989),1989,2.49,442
6157,Daredevil (2003),2003,2.49,8254
97966,Bait (2012),2012,2.49,80
1636,Stag (1997),1997,2.49,80
8425,Meet the Applegates (1991),1991,2.49,79
1987,Prom Night (1980),1980,2.49,714
170153,The Dinner (2017),2017,2.49,67
1005,D3: The Mighty Ducks (1996),1996,2.48,2227
4663,She's Out of Control (1989),1989,2.48,218
180833,The Humanity Bureau (2017),2017,2.48,60
2827,"Astronaut's Wife, The (1999)",1999,2.48,3205
6656,Attack of the Puppet People (1958),1958,2.48,59
8720,"Super, The (1991)",1991,2.48,205
4860,Making the Grade (1984),1984,2.48,58
5478,Eight Legged Freaks (2002),2002,2.48,1963
74754,"Room, The (2003)",2003,2.48,1179
3692,Class of Nuke 'Em High (1986),1986,2.48,392
170897,Sandy Wexler (2017),2017,2.48,109
4504,Feds (1988),1988,2.48,218
51937,"Hills Have Eyes II, The (2007)",2007,2.48,680
173137,Kill Switch (2017),2017,2.48,54
92829,Smokin' Aces 2: Assassins' Ball (2010),2010,2.48,108
44187,"Prince & Me II: The Royal Wedding, The (2006)",2006,2.48,108
5504,Spy Kids 2: The Island of Lost Dreams (2002),2002,2.48,2233
4402,Dr. Goldfoot and the Bikini Machine (1965),1965,2.48,77
205205,47 Meters Down: Uncaged (2019),2019,2.48,100
176521,The Layover (2017),2017,2.48,99
419,"Beverly Hillbillies, The (1993)",1993,2.48,4680
2044,"Devil and Max Devlin, The (1981)",1981,2.48,295
51077,Ghost Rider (2007),2007,2.48,4264
7986,Robot Jox (1990),1990,2.48,145
96456,ATM (2012),2012,2.48,145
116849,Sex Ed (2014),2014,2.48,72
2404,Rambo III (1988),1988,2.48,4315
26778,Ladybugs (1992),1992,2.48,138
47384,Zoom (2006),2006,2.48,276
70282,Aliens in the Attic (2009),2009,2.48,298
222477,Wonder Woman 1984 (2020),2020,2.48,1188
184865,Sherlock Gnomes (2018),2018,2.48,86
3431,Death Wish 2 (1982),1982,2.48,556
2486,"24 Hour Woman, The (1998)",1998,2.48,64
61210,Mutant Chronicles (2008),2008,2.48,253
32385,"Toolbox Murders, The (1978)",1978,2.48,63
2260,Wisdom (1986),1986,2.48,272
2373,Red Sonja (1985),1985,2.48,1894
45732,My Super Ex-Girlfriend (2006),2006,2.48,1769
6040,Darkness Falls (2003),2003,2.48,809
278084,Me Time (2022),2022,2.48,80
206293,Tall Girl (2019),2019,2.47,135
168712,Fifty Shades Darker (2017),2017,2.47,672
5879,Eight Crazy Nights (Adam Sandler's Eight Crazy Nights) (2002),2002,2.47,950
220,Castle Freak (1995),1995,2.47,352
3912,Beautiful (2000),2000,2.47,277
34520,"Dukes of Hazzard, The (2005)",2005,2.47,1498
87444,Elektra Luxx (2010),2010,2.47,54
7402,"Food of the Gods, The (1976)",1976,2.47,88
2806,Teaching Mrs. Tingle (1999),1999,2.47,1838
33830,Herbie: Fully Loaded (2005),2005,2.47,1041
4818,Extreme Days (2001),2001,2.47,50
6788,Angie (1994),1994,2.47,100
87105,Open Season 3 (2010),2010,2.47,130
880,"Island of Dr. Moreau, The (1996)",1996,2.47,5641
2868,Fright Night Part II (1988),1988,2.47,492
4685,Warlock: The Armageddon (1993),1993,2.47,237
3577,Two Moon Junction (1988),1988,2.47,311
76130,Universal Soldier: Regeneration (2009),2009,2.47,230
2510,Just the Ticket (1999),1999,2.47,75
71302,Attack of the 50 Foot Woman (1958),1958,2.47,90
112640,Ra.One (2011),2011,2.47,75
1864,Sour Grapes (1998),1998,2.47,120
2379,Police Academy 2: Their First Assignment (1985),1985,2.47,3841
5347,Deuces Wild (2002),2002,2.47,149
52285,Firehouse Dog (2007),2007,2.47,74
2460,"Texas Chainsaw Massacre 2, The (1986)",1986,2.47,1072
5474,"Legend of Boggy Creek, The (1972)",1972,2.47,73
140701,Harbinger Down (2015),2015,2.47,58
32011,Cursed (2005),2005,2.46,442
7204,Hells Angels on Wheels (1967),1967,2.46,57
6464,Good Burger (1997),1997,2.46,704
65813,"Unborn, The (2009)",2009,2.46,372
150268,Dilwale (2015),2015,2.46,55
166235,Shut In (2016),2016,2.46,55
235099,Locked Down (2021),2021,2.46,54
4540,Satisfaction (a.k.a. Girls of Summer) (1988),1988,2.46,134
4081,Back to the Beach (1987),1987,2.46,248
96596,Branded (2012),2012,2.46,103
1985,Halloween 4: The Return of Michael Myers (1988),1988,2.46,1246
5883,They (2002),2002,2.46,313
2719,"Haunting, The (1999)",1999,2.46,4987
8531,White Chicks (2004),2004,2.46,2965
4736,Summer Catch (2001),2001,2.46,633
4895,"Wash, The (2001)",2001,2.46,133
2162,"NeverEnding Story II: The Next Chapter, The (1990)",1990,2.46,2278
5705,Xanadu (1980),1980,2.46,590
5755,Happy Birthday to Me (1981),1981,2.46,120
3922,Bikini Beach (1964),1964,2.46,120
2522,Airport '77 (1977),1977,2.46,676
151645,JeruZalem (2016),2016,2.46,71
7252,"Three Stooges in Orbit, The (1962)",1962,2.46,71
195757,The Possession of Hannah Grace (2018),2018,2.46,59
5863,Take This Job and Shove It (1981),1981,2.46,70
2242,"Grandview, U.S.A. (1984)",1984,2.46,70
175195,Polaroid (2017),2017,2.46,57
5969,My Girl 2 (1994),1994,2.46,767
60516,Meet Dave (2008),2008,2.46,578
3889,Highlander: Endgame (Highlander IV) (2000),2000,2.45,1438
54278,Underdog (2007),2007,2.45,297
58324,"Pirates Who Don't Do Anything: A VeggieTales Movie, The (2008)",2008,2.45,77
98838,Lay the Favorite (2012),2012,2.45,66
5343,"Temp, The (1993)",1993,2.45,163
3180,Play it to the Bone (1999),1999,2.45,400
43928,Ultraviolet (2006),2006,2.45,2113
3442,Band of the Hand (1986),1986,2.45,179
4233,Tomcats (2001),2001,2.45,766
34129,Rebound (2005),2005,2.45,134
26567,Club Paradise (1986),1986,2.45,102
5746,Galaxy of Terror (Quest) (1981),1981,2.45,112
68288,"Informers, The (2008)",2008,2.45,122
224266,Hubie Halloween (2020),2020,2.45,294
141761,Area 51 (2015),2015,2.45,91
5366,Whore (1991),1991,2.45,121
220854,The Kissing Booth 2 (2020),2020,2.45,151
3273,Scream 3 (2000),2000,2.45,7830
405,Highlander III: The Sorcerer (a.k.a. Highlander: The Final Dimension) (1994),1994,2.45,3708
6888,Scary Movie 3 (2003),2003,2.45,4428
3130,Bonfire of the Vanities (1990),1990,2.45,1194
3979,Little Nicky (2000),2000,2.45,5064
55241,Mr. Woodcock (2007),2007,2.45,576
2733,Vibes (1988),1988,2.45,330
4477,Big Top Pee-Wee (1988),1988,2.45,882
148867,Extraction (2015),2015,2.45,67
4099,Death Before Dishonor (1987),1987,2.45,57
1626,Fire Down Below (1997),1997,2.45,812
174,Jury Duty (1995),1995,2.45,2186
3511,Ready to Rumble (2000),2000,2.45,586
79879,Piranha (Piranha 3D) (2010),2010,2.44,828
171757,Amityville: The Awakening (2017),2017,2.44,63
121370,Happy New Year (2014),2014,2.44,71
71670,All About Steve (2009),2009,2.44,426
270554,Blacklight (2022),2022,2.44,61
4684,Worth Winning (1989),1989,2.44,61
1744,Firestorm (1998),1998,2.44,496
2737,Assassination (1987),1987,2.44,121
37380,Doom (2005),2005,2.44,2309
6000,"House on the Edge of the Park, The (Casa sperduta nel parco, La) (1980)",1980,2.44,60
204696,Brahms: The Boy II (2019),2019,2.44,77
117372,V/H/S: Viral (2014),2014,2.44,143
5428,Cheech & Chong's The Corsican Brothers (1984),1984,2.44,353
31079,Son of Godzilla (Kaijûtô no kessen: Gojira no musuko) (1967),1967,2.44,126
7453,New York Minute (2004),2004,2.44,374
1453,"Beautician and the Beast, The (1997)",1997,2.44,1652
60538,Shrooms (2007),2007,2.44,147
8978,Christmas with the Kranks (2004),2004,2.44,722
114659,Cabin Fever: Patient Zero (2014),2014,2.44,64
3938,"Slumber Party Massacre, The (1982)",1982,2.44,287
211223,The Grudge (2020),2020,2.44,110
5346,Wild Orchid (1990),1990,2.44,431
87867,Zookeeper (2011),2011,2.44,563
108689,"I, Frankenstein (2014)",2014,2.44,518
69436,Year One (2009),2009,2.44,1618
8382,Hello Again (1987),1987,2.44,100
7449,Godsend (2004),2004,2.43,561
1525,Warriors of Virtue (1997),1997,2.43,348
3389,Let's Get Harry (1986),1986,2.43,128
33164,House of Wax (2005),2005,2.43,1600
4200,Double Impact (1991),1991,2.43,761
4952,Morons From Outer Space (1985),1985,2.43,103
6575,Gator (1976),1976,2.43,86
97701,Paranormal Activity 4 (2012),2012,2.43,458
75,Big Bully (1996),1996,2.43,590
44241,Leprechaun 3 (1995),1995,2.43,99
374,Richie Rich (1994),1994,2.43,5703
57522,First Sunday (2008),2008,2.43,70
8886,SSSSSSS (1973),1973,2.43,84
105801,Escape From Tomorrow (2013),2013,2.43,125
115471,Extraterrestrial (2014),2014,2.43,104
210857,The Turning (2020),2020,2.43,62
56801,AVPR: Aliens vs. Predator - Requiem (2007),2007,2.43,2689
4569,Best of the Best 2 (1993),1993,2.43,164
4229,Say It Isn't So (2001),2001,2.43,553
641,"Little Indian, Big City (Un indien dans la ville) (1994)",1994,2.43,109
159696,The Darkness (2016),2016,2.43,102
53131,Rise: Blood Hunter (2007),2007,2.43,95
6751,Cold Creek Manor (2003),2003,2.43,447
6746,Squirm (1976),1976,2.43,108
60037,"Happening, The (2008)",2008,2.43,2714
5852,Saturday the 14th (1981),1981,2.42,184
187109,Tremors: A Cold Day in Hell (2018),2018,2.42,59
2526,Meteor (1979),1979,2.42,628
2642,Superman III (1983),1983,2.42,5321
4388,Scary Movie 2 (2001),2001,2.42,6028
2477,Firewalker (1986),1986,2.42,335
7228,Cool World (1992),1992,2.42,905
31909,Dr. Giggles (1992),1992,2.42,102
159972,Approaching the Unknown (2016),2016,2.42,70
71571,Sorority Row (2009),2009,2.42,190
6563,Masked & Anonymous (2003),2003,2.42,87
1632,"Smile Like Yours, A (1997)",1997,2.42,174
460,Getting Even with Dad (1994),1994,2.42,943
27309,Restless (Levottomat) (2000),2000,2.42,92
2906,Random Hearts (1999),1999,2.42,1691
145468,All Hallows' Eve (2013),2013,2.42,55
133729,Sleepaway Camp III: Teenage Wasteland (1989),1989,2.42,55
88468,Alpha and Omega (2010),2010,2.42,212
175649,Wish Upon (2017),2017,2.42,115
4822,Max Keeble's Big Move (2001),2001,2.42,290
6535,"Legally Blonde 2: Red, White & Blonde (2003)",2003,2.42,3457
165343,The Rocky Horror Picture Show: Let's Do the Time Warp Again (2016),2016,2.42,102
31747,The Boyfriend School (1990),1990,2.42,66
97462,Hoodwinked Too! Hood vs. Evil (2011),2011,2.42,180
183911,The Clapper (2018),2018,2.42,72
5703,Wholly Moses (1980),1980,2.42,78
102354,About Cherry (2012),2012,2.42,72
444,Even Cowgirls Get the Blues (1993),1993,2.42,1342
4827,"Boogeyman, The (1980)",1980,2.41,88
7315,Against the Ropes (2004),2004,2.41,164
27704,Battle Royale 2: Requiem (Batoru rowaiaru II: Chinkonka) (2003),2003,2.41,263
6745,"Shrimp on the Barbie, The (1990)",1990,2.41,64
4636,"Punisher, The (1989)",1989,2.41,760
355,"Flintstones, The (1994)",1994,2.41,10815
119224,Tyler Perry's A Madea Christmas (2013),2013,2.41,52
8912,Taxi (2004),2004,2.41,878
5573,Stealing Harvard (2002),2002,2.41,588
3709,Sleepwalkers (1992),1992,2.41,758
237372,Coming 2 America (2021),2021,2.41,302
5246,Smokey and the Bandit II (1980),1980,2.41,642
49649,Eragon (2006),2006,2.41,2599
110603,God's Not Dead (2014),2014,2.41,241
4445,T-Rex: Back to the Cretaceous (1998),1998,2.41,117
143035,Minutemen (2008),2008,2.41,66
5925,"Beast Within, The (1982)",1982,2.41,76
5591,Monkey Trouble (1994),1994,2.41,190
50153,Code Name: The Cleaner (2007),2007,2.41,141
141493,The Hunchback of Notre Dame II (2002),2002,2.41,86
5206,Mother's Day (1980),1980,2.41,91
8894,Orca: The Killer Whale (1977),1977,2.41,246
4222,C.H.U.D. (1984),1984,2.41,374
478,Jimmy Hollywood (1994),1994,2.41,283
2479,Gloria (1999),1999,2.4,326
102,Mr. Wrong (1996),1996,2.4,2025
102854,Aftershock (2012),2012,2.4,52
121135,Nurse 3D (2013),2013,2.4,62
3715,Burglar (1987),1987,2.4,314
170817,Snatched (2017),2017,2.4,195
5419,Scooby-Doo (2002),2002,2.4,4124
4133,Masters of the Universe (1987),1987,2.4,1590
3974,"Little Vampire, The (2000)",2000,2.4,350
3824,Autumn in New York (2000),2000,2.4,1623
115534,Ouija (2014),2014,2.4,358
5096,Baby's Day Out (1994),1994,2.4,792
184641,Fullmetal Alchemist 2018 (2017),2017,2.4,60
3486,Devil Girl From Mars (1954),1954,2.4,65
93172,Arena (2011),2011,2.4,55
272527,Choose or Die (2022),2022,2.4,69
5596,Spaced Invaders (1990),1990,2.4,256
46613,Mimic: Sentinel (2003),2003,2.4,54
1107,Loser (1991),1991,2.4,83
2317,"Alarmist, The (a.k.a. Life During Wartime) (1997)",1997,2.4,68
216167,365 Days (2020),2020,2.4,131
70695,"Haunting of Molly Hartley, The (2008)",2008,2.4,63
50149,Happily N'Ever After (2007),2007,2.4,213
4130,Maid to Order (1987),1987,2.4,464
110773,"Haunted House 2, A (2014)",2014,2.4,111
3335,Jail Bait (1954),1954,2.4,72
5164,"Troll in Central Park, A (1994)",1994,2.4,211
87430,Green Lantern (2011),2011,2.4,3972
762,Striptease (1996),1996,2.39,10004
4758,Soul Survivors (a.k.a. The Killer Cut) (2001),2001,2.39,303
3443,Born American (1986),1986,2.39,66
6166,Dennis the Menace (1993),1993,2.39,1536
7191,Blame It on the Bellboy (1992),1992,2.39,89
47516,Material Girls (2006),2006,2.39,187
34800,Private Resort (1985),1985,2.39,56
114013,Atlas Shrugged: Who Is John Galt? (Atlas Shrugged: Part III) (2014),2014,2.39,56
3162,Simpatico (1999),1999,2.39,98
27004,From Dusk Till Dawn 3: The Hangman's Daughter (1999),1999,2.39,65
6044,Blind Date (1984),1984,2.39,116
2473,Soul Man (1986),1986,2.39,1311
121115,Tarzan (2013),2013,2.39,55
5305,Return of the Killer Tomatoes! (1988),1988,2.39,343
5754,"Hand, The (1981)",1981,2.39,160
244,Gumby: The Movie (1995),1995,2.39,306
49205,"Return, The (2006)",2006,2.39,137
6298,Malibu's Most Wanted (2003),2003,2.39,575
178355,Killing Gunther (2017),2017,2.39,91
6958,"Haunted Mansion, The (2003)",2003,2.39,1204
4657,Rude Awakening (1989),1989,2.39,86
3833,"Brain That Wouldn't Die, The (1962)",1962,2.39,362
5538,"Care Bears Movie, The (1985)",1985,2.39,411
93980,"Three Stooges, The (2012)",2012,2.39,166
7005,King Ralph (1991),1991,2.39,657
5342,Nomads (1986),1986,2.39,67
42285,"Dentist, The (1996)",1996,2.39,107
2119,Maximum Overdrive (1986),1986,2.39,1480
2740,"Kindred, The (1986)",1986,2.39,80
4120,Hunk (1987),1987,2.39,53
26465,D.C. Cab (1983),1983,2.39,79
6687,My Boss's Daughter (2003),2003,2.39,588
5761,"Legend of the Lone Ranger, The (1981)",1981,2.39,70
1992,Child's Play 2 (1990),1990,2.39,1486
127315,Alien Outpost (2014),2014,2.38,65
27618,"Sound of Thunder, A (2005)",2005,2.38,372
74698,Tooth Fairy (2010),2010,2.38,739
4565,American Ninja (1985),1985,2.38,649
5211,"Nude Bomb, The (1980)",1980,2.38,179
1882,Godzilla (1998),1998,2.38,9403
87,Dunston Checks In (1996),1996,2.38,1076
3673,Benji the Hunted (1987),1987,2.38,252
3956,Lost Souls (2000),2000,2.38,633
90939,11-11-11 (11-11-11: The Prophecy) (2011),2011,2.38,62
3024,Piranha (1978),1978,2.38,1118
4676,Troop Beverly Hills (1989),1989,2.38,843
5309,Three Men and a Little Lady (1990),1990,2.38,1575
8760,Side Out (1990),1990,2.38,57
429,Cabin Boy (1994),1994,2.38,1552
3946,Get Carter (2000),2000,2.38,1293
8815,Exorcist: The Beginning (2004),2004,2.38,769
5212,"Octagon, The (1980)",1980,2.38,177
2448,Virus (1999),1999,2.38,1545
5513,Martin Lawrence Live: Runteldat (2002),2002,2.38,136
4156,Company Man (2000),2000,2.38,68
63992,Twilight (2008),2008,2.37,8882
88356,"Smurfs, The (2011)",2011,2.37,836
4635,Pink Cadillac (1989),1989,2.37,429
867,Carpool (1996),1996,2.37,345
6624,Agent Cody Banks (2003),2003,2.37,1311
110899,Rage (2014),2014,2.37,95
65,Bio-Dome (1996),1996,2.37,5248
61401,"Spirit, The (2008)",2008,2.37,850
176603,The Snowman (2017),2017,2.37,321
74484,Bitch Slap (2009),2009,2.37,133
155832,Yoga Hosers (2015),2015,2.37,117
5458,Like Mike (2002),2002,2.37,545
5884,Chopper Chicks in Zombietown (1989),1989,2.37,77
2392,Jack Frost (1998),1998,2.37,1874
100083,Movie 43 (2013),2013,2.37,844
91104,"Twilight Saga: Breaking Dawn - Part 1, The (2011)",2011,2.37,2703
8903,"Terror, The (1963)",1963,2.37,114
1538,"Second Jungle Book: Mowgli & Baloo, The (1997)",1997,2.37,129
2218,Juno and the Paycock (1930),1930,2.37,53
4899,Black Knight (2001),2001,2.37,1368
2552,My Boyfriend's Back (1993),1993,2.37,317
272483,The Bubble (2022),2022,2.37,98
80026,Tekken (2010),2010,2.37,211
7448,Envy (2004),2004,2.37,738
33644,Dominion: Prequel to the Exorcist (2005),2005,2.37,192
3393,Date with an Angel (1987),1987,2.37,233
1977,Friday the 13th Part IV: The Final Chapter (1984),1984,2.37,1569
5887,Another You (1991),1991,2.37,60
96629,Deathstalker (1983),1983,2.37,75
187713,211 (2018),2018,2.37,60
31221,Elektra (2005),2005,2.37,2317
3331,My Tutor (1983),1983,2.37,213
2036,Blank Check (1994),1994,2.37,1271
97470,Catch .44 (2011),2011,2.37,78
2855,Nightmares (1983),1983,2.37,115
4485,Casual Sex? (1988),1988,2.36,295
48596,"Marine, The (2006)",2006,2.36,309
3884,"Crew, The (2000)",2000,2.36,256
4949,Invasion U.S.A. (1985),1985,2.36,241
3991,102 Dalmatians (2000),2000,2.36,2114
289295,Meg 2: The Trench (2023),2023,2.36,80
6158,"Jungle Book 2, The (2003)",2003,2.36,403
564,Chasers (1994),1994,2.36,363
78772,"Twilight Saga: Eclipse, The (2010)",2010,2.36,4060
2525,Alligator (1980),1980,2.36,830
5210,"Burial Ground (a.k.a. Zombie Horror) (a.k.a. Zombie 3) (Notti del Terrore, Le) (1981)",1981,2.36,78
5557,Slap Her... She's French (a.k.a. She Gets What She Wants) (2002),2002,2.36,92
8822,"Unidentified Flying Oddball (a.k.a. Spaceman and King Arthur, The) (a.k.a. Spaceman in King Arthur's Court, A) (1979)",1979,2.36,53
90751,"Son of No One, The (2011)",2011,2.36,59
133141,Barbie: The Princess & The Popstar (2012),2012,2.36,52
84621,Mirrors 2 (2010),2010,2.36,83
104076,"Smurfs 2, The (2013)",2013,2.36,304
53999,Captivity (2007),2007,2.36,228
99787,"Haunted House, A (2013)",2013,2.36,221
31422,Are We There Yet? (2005),2005,2.36,611
45852,See No Evil (2006),2006,2.35,227
4127,"Like Father, Like Son (1987)",1987,2.35,337
174585,Transformers: The Last Knight (2017),2017,2.35,839
3343,And God Created Woman (1988),1988,2.35,215
6295,Chasing Papi (a.k.a. Papi Chulo) (2003),2003,2.35,92
82854,Gulliver's Travels (2010),2010,2.35,896
216881,Capone (2020),2020,2.35,78
2992,Rawhead Rex (1986),1986,2.35,220
4735,Ghosts of Mars (2001),2001,2.35,1709
8118,Delta Force 2 (Delta Force 2: The Colombian Connection) (1990),1990,2.35,118
3238,Eye of the Beholder (1999),1999,2.35,1267
7313,Fire Birds (1990),1990,2.35,155
57520,One Missed Call (2008),2008,2.35,312
2914,Molly (1999),1999,2.35,134
110295,"Legend of Hercules, The (2014)",2014,2.35,227
4368,Dr. Dolittle 2 (2001),2001,2.35,2604
273131,Firestarter (2022),2022,2.35,56
49013,"Santa Clause 3: The Escape Clause, The (2006)",2006,2.35,625
5310,Transylvania 6-5000 (1985),1985,2.35,412
2149,House II: The Second Story (1987),1987,2.35,716
2498,My Favorite Martian (1999),1999,2.34,999
2835,Chill Factor (1999),1999,2.34,497
5462,"Crocodile Hunter: Collision Course, The (2002)",2002,2.34,435
65802,Paul Blart: Mall Cop (2009),2009,2.34,1816
78174,Sex and the City 2 (2010),2010,2.34,912
94444,Feast III: The Happy Finish (2009),2009,2.34,51
7369,Scooby-Doo 2: Monsters Unleashed (2004),2004,2.34,1388
3520,How to Stuff a Wild Bikini (1965),1965,2.34,140
1849,Prince Valiant (1997),1997,2.34,54
71,Fair Game (1995),1995,2.34,1341
6725,Sgt. Pepper's Lonely Hearts Club Band (1978),1978,2.34,329
7723,Good Guys Wear Black (1978),1978,2.34,63
143275,Ronaldo (2015),2015,2.34,69
46337,Garfield: A Tail of Two Kitties (2006),2006,2.34,599
3694,"Toxic Avenger, Part II, The (1989)",1989,2.34,423
113769,"Pyramid, The (2014)",2014,2.34,150
241032,Tom & Jerry (2021),2021,2.34,125
430,Calendar Girl (1993),1993,2.34,265
285,Beyond Bedlam (1993),1993,2.34,84
5564,Swimfan (2002),2002,2.34,821
5652,Claire of the Moon (1992),1992,2.34,59
5424,Harvard Man (2001),2001,2.34,149
33158,xXx: State of the Union (2005),2005,2.34,1452
6835,Alien Contamination (1980),1980,2.34,62
2854,Don't Look in the Basement! (1973),1973,2.34,80
4580,Cyborg (1989),1989,2.34,679
1973,"Freddy's Dead: The Final Nightmare (Nightmare on Elm Street Part 6: Freddy's Dead, A) (1991)",1991,2.34,1644
6485,Rugrats Go Wild! (2003),2003,2.34,364
4493,Critters 2: The Main Course (1988),1988,2.34,434
1606,Kull the Conqueror (1997),1997,2.34,902
3646,Big Momma's House (2000),2000,2.33,3632
78467,Jonah Hex (2010),2010,2.33,562
219848,Tesla (2020),2020,2.33,72
5718,Carbon Copy (1981),1981,2.33,84
5639,Godzilla's Revenge (Gojira-Minira-Gabara: Oru Kaijû Daishingeki) (All Monsters Attack) (1969),1969,2.33,144
44972,Scary Movie 4 (2006),2006,2.33,2434
1592,Air Bud (1997),1997,2.33,1629
1869,Black Dog (1998),1998,2.33,484
3325,"Next Best Thing, The (2000)",2000,2.33,940
2456,"Fly II, The (1989)",1989,2.33,1982
7724,Steel Dawn (1987),1987,2.33,89
222611,Cuties (2020),2020,2.33,62
44399,"Shaggy Dog, The (2006)",2006,2.33,330
3190,Supernova (2000),2000,2.33,1166
4807,Spring Break (1983),1983,2.33,161
2701,Wild Wild West (1999),1999,2.33,13691
144426,Clockstoppers (2002),2002,2.33,64
6631,Man's Best Friend (1993),1993,2.33,125
230807,We Can Be Heroes (2021),2021,2.33,52
3054,Pokémon: The First Movie (1998),1998,2.33,1974
3299,Hanging Up (2000),2000,2.33,902
244906,Spiral: From the Book of Saw (2021),2021,2.33,175
4748,3 Ninjas (1992),1992,2.33,1161
692,Solo (1996),1996,2.32,931
75425,Survival of the Dead (2009),2009,2.32,197
26792,Sidekicks (1992),1992,2.32,131
3322,3 Strikes (2000),2000,2.32,74
1105,Children of the Corn IV: The Gathering (1996),1996,2.32,945
747,"Stupids, The (1996)",1996,2.32,1111
5048,Snow Dogs (2002),2002,2.32,921
148652,The Ridiculous 6 (2015),2015,2.32,449
5126,"Deadly Mantis, The (1957)",1957,2.32,93
2979,Body Shots (1999),1999,2.32,324
2982,"Guardian, The (1990)",1990,2.32,217
77665,Marmaduke (2010),2010,2.32,153
3975,Lucky Numbers (2000),2000,2.32,531
2886,"Adventures of Elmo in Grouchland, The (1999)",1999,2.32,414
3149,Diamonds (1999),1999,2.32,58
50703,"Secret, The (2006)",2006,2.32,204
4527,"Night in the Life of Jimmy Reardon, A (1988)",1988,2.32,170
72407,"Twilight Saga: New Moon, The (2009)",2009,2.32,4038
473,In the Army Now (1994),1994,2.32,1449
4265,Driven (2001),2001,2.32,1402
2487,"Blood, Guts, Bullets and Octane (1998)",1998,2.31,108
62788,Lost Boys: The Tribe (2008),2008,2.31,126
3432,Death Wish 3 (1985),1985,2.31,506
4588,Eddie and the Cruisers II: Eddie Lives! (1989),1989,2.31,144
4691,Def-Con 4 (1985),1985,2.31,112
71821,Shorts (2009),2009,2.31,64
1445,McHale's Navy (1997),1997,2.31,1333
2715,"Velocity of Gary, The (1998)",1998,2.31,130
2566,Doug's 1st Movie (1999),1999,2.31,319
4162,See Spot Run (2001),2001,2.31,234
4142,Left Behind: The Movie (2000),2000,2.31,540
168060,Rings (2017),2017,2.31,219
182835,The 15:17 to Paris (2018),2018,2.31,146
201739,Wounds (2019),2019,2.31,70
1439,Meet Wally Sparks (1997),1997,2.31,355
7359,Walk Like a Man (1987),1987,2.31,80
5815,Half Past Dead (2002),2002,2.31,242
126,"NeverEnding Story III, The (1994)",1994,2.3,1482
6249,Boat Trip (2003),2003,2.3,479
6204,"Meteor Man, The (1993)",1993,2.3,270
42172,Kevin & Perry Go Large (2000),2000,2.3,66
27327,Mimic 2 (2001),2001,2.3,86
256325,The Kissing Booth 3 (2021),2021,2.3,68
8137,"Wasp Woman, The (1959)",1959,2.3,68
4516,Johnny Be Good (1988),1988,2.3,304
8892,Basket Case 3: The Progeny (1992),1992,2.3,70
146926,400 Days (2015),2015,2.3,92
7174,Teacher's Pet (2004),2004,2.3,77
2465,Deadly Friend (1986),1986,2.3,283
6560,Loose Cannons (1990),1990,2.3,109
70697,G-Force (2009),2009,2.3,592
34643,"Three Stooges Meet Hercules, The (1962)",1962,2.3,52
73462,Ernest Goes to School (1994),1994,2.3,79
111856,7500 (2014),2014,2.3,59
1336,Body Parts (1991),1991,2.3,467
3716,Fatal Beauty (1987),1987,2.3,231
8658,Zandalee (1991),1991,2.3,76
56176,Alvin and the Chipmunks (2007),2007,2.29,1665
8722,Two of a Kind (1983),1983,2.29,63
211391,Downhill (2020),2020,2.29,75
81270,My Soul to Take (2010),2010,2.29,127
6557,Born to Be Wild (1995),1995,2.29,67
5592,Monster in the Closet (1986),1986,2.29,55
1972,"Nightmare on Elm Street 5: The Dream Child, A (1989)",1989,2.29,1709
2298,Strangeland (1998),1998,2.29,187
5979,Attack of the Crab Monsters (1957),1957,2.29,71
82095,Skyline (2010),2010,2.29,837
7289,"Silent Night, Bloody Night (1973)",1973,2.29,66
5160,Night of the Zombies (a.k.a. Hell of the Living Dead) (Virus) (1980),1980,2.29,73
4094,Critical Condition (1987),1987,2.29,94
4397,Cannonball Run II (1984),1984,2.29,670
5213,"Oh, God! Book II (1980)",1980,2.29,318
5331,Vulgar (2000),2000,2.29,77
4249,Kingdom Come (2001),2001,2.28,86
74864,Road Trip: Beer Pong (2009),2009,2.28,109
201476,Drunk Parents (2019),2019,2.28,51
4158,Monkeybone (2001),2001,2.28,1128
184987,A Wrinkle in Time (2018),2018,2.28,422
171727,The Irony of Fate. The Sequel (2007),2007,2.28,53
61354,College (2008),2008,2.28,122
43022,Hellraiser: Hellseeker (2002),2002,2.28,122
3031,Repossessed (1990),1990,2.28,412
4986,Silent Rage (1982),1982,2.28,110
255,"Jerky Boys, The (1995)",1995,2.28,1070
59014,Superhero Movie (2008),2008,2.28,855
1497,Double Team (1997),1997,2.28,867
5136,Wendigo (2001),2001,2.28,166
85268,Scooby-Doo! The Mystery Begins (2009),2009,2.28,131
71372,Hellraiser: Deader (2005),2005,2.28,106
502,"Next Karate Kid, The (1994)",1994,2.28,3889
5442,V. I. Warshawski (1991),1991,2.28,426
1979,Friday the 13th Part VI: Jason Lives (1986),1986,2.28,1466
1855,Krippendorf's Tribe (1998),1998,2.28,832
3797,"In Crowd, The (2000)",2000,2.28,284
2614,Chopping Mall (a.k.a. Killbots) (1986),1986,2.28,429
148888,Zoolander 2 (2016),2016,2.28,811
3313,Class Reunion (1982),1982,2.27,111
3595,Held Up (1999),1999,2.27,66
103547,Vile (2011) ,2011,2.27,55
2412,Rocky V (1990),1990,2.27,4186
63458,Critters 4 (1991),1991,2.27,81
183353,Proud Mary (2018),2018,2.27,61
1839,My Giant (1998),1998,2.27,551
3710,Action Jackson (1988),1988,2.27,813
1863,Major League: Back to the Minors (1998),1998,2.27,1082
4651,Renegades (1989),1989,2.27,71
102880,After Earth (2013),2013,2.27,1804
151501,Exposed (2016),2016,2.27,77
2878,Hell Night (1981),1981,2.27,237
185425,The Titan (2018),2018,2.27,207
7281,"Scream, Blacula, Scream! (1973)",1973,2.27,81
1976,Friday the 13th Part 3: 3D (1982),1982,2.26,1685
152515,Cabin Fever (2016),2016,2.26,87
4215,Revenge of the Nerds II: Nerds in Paradise (1987),1987,2.26,1133
126420,American Heist (2015),2015,2.26,57
92938,Ghost Rider: Spirit of Vengeance (2012),2012,2.26,1099
7378,Johnson Family Vacation (2004),2004,2.26,120
3239,Isn't She Great? (2000),2000,2.26,210
61398,"Mother of Tears: The Third Mother (Terza madre, La) (2007)",2007,2.26,63
66066,"Grudge 3, The (2009)",2009,2.26,186
176351,The Vault (2017),2017,2.26,71
2777,Cobra (1925),1925,2.26,79
193,Showgirls (1995),1995,2.26,8144
194797,Godzilla: Eater of Stars (2018),2018,2.26,58
239256,Prisoners of the Ghostland (2021),2021,2.26,72
3953,Dr. T and the Women (2000),2000,2.26,1433
189819,Escape Plan 2: Hades (2018),2018,2.26,160
121330,Altitude (2010),2010,2.25,51
6771,Dorm Daze (National Lampoon Presents Dorm Daze) (2003),2003,2.25,124
169,Free Willy 2: The Adventure Home (1995),1995,2.25,3514
58291,College Road Trip (2008),2008,2.25,192
7259,You Got Served (2004),2004,2.25,357
5053,Blankman (1994),1994,2.25,552
1383,Adrenalin: Fear the Rush (1996),1996,2.25,149
3804,H.O.T.S. (1979),1979,2.25,159
634,Theodore Rex (1995),1995,2.25,354
5183,He Knows You're Alone (a.k.a. Blood Wedding) (1980),1980,2.25,60
6174,Kinjite: Forbidden Subjects (1989),1989,2.25,62
208295,Playing with Fire (2019),2019,2.25,50
190979,Siberia (2018),2018,2.25,62
62586,"American Carol, An (2008)",2008,2.25,97
4669,Stepfather II (1989),1989,2.25,162
6903,Lipstick (1976),1976,2.25,55
3286,Snow Day (2000),2000,2.24,925
2380,Police Academy 3: Back in Training (1986),1986,2.24,3109
2548,"Rage: Carrie 2, The (1999)",1999,2.24,913
1986,Halloween 5: The Revenge of Michael Myers (1989),1989,2.24,1135
65740,Revenge of the Nerds IV: Nerds in Love (1994),1994,2.24,78
8967,Seed of Chucky (Child's Play 5) (2004),2004,2.24,610
3563,"Crow: Salvation, The (2000)",2000,2.24,496
257953,He's All That (2021),2021,2.24,68
4637,Red Scorpion (1989),1989,2.24,244
43558,Big Momma's House 2 (2006),2006,2.24,758
5832,Left Behind II: Tribulation Force (2002),2002,2.24,166
870,Gone Fishin' (1997),1997,2.24,492
8782,Thunderbirds (2004),2004,2.24,311
44759,Basic Instinct 2 (2006),2006,2.24,589
3961,Ghoulies (1985),1985,2.24,568
4204,Losin' It (1983),1983,2.24,162
258671,Cinderella (2021),2021,2.24,80
3392,She-Devil (1989),1989,2.24,1094
91831,"Devil Inside, The (2012)",2012,2.24,172
8372,Garfield: The Movie (2004),2004,2.24,2157
7353,Clifford (1994),1994,2.23,166
6057,Biker Boyz (2003),2003,2.23,249
3401,Baby... Secret of the Lost Legend (1985),1985,2.23,595
52551,Redline (2007),2007,2.23,50
160112,Cell (2016),2016,2.23,182
60463,Dark Floors (2008),2008,2.23,64
6348,Breakin' 2: Electric Boogaloo (1984),1984,2.23,206
168408,Boo! A Madea Halloween (2016),2016,2.23,71
5939,"Man Who Saves the World, The (Dünyayi Kurtaran Adam) (1982)",1982,2.22,67
169814,The Assignment (2016),2016,2.22,56
2748,Allan Quatermain and the Lost City of Gold (1987),1987,2.22,976
3064,Poison Ivy: New Seduction (1997),1997,2.22,476
3722,American Virgin (2000),2000,2.22,61
4254,Crocodile Dundee in Los Angeles (2001),2001,2.22,2059
6153,Zapped! (1982),1982,2.22,321
1456,"Pest, The (1997)",1997,2.22,585
2315,Bride of Chucky (Child's Play 4) (1998),1998,2.22,2163
49282,Deck the Halls (2006),2006,2.22,288
54270,Skinwalkers (2007),2007,2.22,131
2422,"Karate Kid, Part III, The (1989)",1989,2.22,4032
7921,"Devil's Rain, The (1975)",1975,2.22,67
4143,Valentine (2001),2001,2.21,787
5369,Big Bad Mama (1974),1974,2.21,84
4592,"Experts, The (1989)",1989,2.21,77
1750,Star Kid (1997),1997,2.21,366
3391,Who's That Girl? (1987),1987,2.21,712
94480,The Scorpion King: Rise of a Warrior (2008),2008,2.21,165
52279,Are We Done Yet? (2007),2007,2.21,260
26686,Ghost Dad (1990),1990,2.21,292
44238,Leprechaun 2 (1994),1994,2.21,145
8265,Frogs (1972),1972,2.21,109
4104,Ernest Goes to Camp (1987),1987,2.2,1140
2549,Wing Commander (1999),1999,2.2,1735
5584,Ernest Goes to Jail (1990),1990,2.2,573
204132,Secret Obsession (2019),2019,2.2,55
3662,Puppet Master III: Toulon's Revenge (1991),1991,2.2,356
245812,Thunder Force (2021),2021,2.2,246
519,RoboCop 3 (1993),1993,2.2,5284
4413,Village of the Giants (1965),1965,2.2,53
68519,S. Darko (S. Darko: A Donnie Darko Tale) (2009),2009,2.2,262
26741,Mannequin 2: On the Move (1991),1991,2.2,79
3440,Teenage Mutant Ninja Turtles III (1993),1993,2.2,2243
31431,Boogeyman (2005),2005,2.2,535
397,"Fear, The (1995)",1995,2.19,100
7170,My Baby's Daddy (2004),2004,2.19,54
108243,Devil's Due (2014),2014,2.19,62
118248,Dying of the Light (2014),2014,2.19,57
2256,Parasite (1982),1982,2.19,149
1433,The Machine (1994),1994,2.19,68
3754,"Adventures of Rocky and Bullwinkle, The (2000)",2000,2.19,1812
5278,Fraternity Vacation (1985),1985,2.19,66
104760,Getaway (2013),2013,2.19,93
152055,Pandemic (2016),2016,2.19,64
2113,Graveyard Shift (Stephen King's Graveyard Shift) (1990),1990,2.19,584
5585,Ernest Scared Stupid (1991),1991,2.19,566
3058,"Ape, The (1940)",1940,2.18,73
265148,Morbius (2022),2022,2.18,397
132377,Outcast (2014),2014,2.18,64
2196,Knock Off (1998),1998,2.18,358
136800,Robot Overlords (2014),2014,2.18,56
183457,Day of the Dead: Bloodline (2018),2018,2.18,54
6574,Eve of Destruction (1991),1991,2.17,126
5598,Surf Ninjas (1993),1993,2.17,238
3821,Nutty Professor II: The Klumps (2000),2000,2.17,4089
5694,Staying Alive (1983),1983,2.17,503
4340,"Animal, The (2001)",2001,2.17,2520
5539,Care Bears Movie II: A New Generation (1986),1986,2.17,199
7345,Agent Cody Banks 2: Destination London (2004),2004,2.17,525
69469,Garfield's Pet Force (2009),2009,2.17,50
52715,Kickin It Old Skool (2007),2007,2.17,115
166020,Dog Eat Dog (2016),2016,2.17,65
5456,Wagons East (1994),1994,2.17,225
133747,Monsters: Dark Continent (2014),2014,2.17,60
3933,"Killer Shrews, The (1959)",1959,2.17,166
6628,Hot Dog... The Movie (1984),1984,2.16,167
31724,Pauly Shore Is Dead (2003),2003,2.16,161
5432,Hero and the Terror (1988),1988,2.16,67
4255,Freddy Got Fingered (2001),2001,2.16,2105
1562,Batman & Robin (1997),1997,2.16,11686
71374,Hellraiser: Hellworld (2005),2005,2.16,137
3908,Urban Legends: Final Cut (2000),2000,2.16,1261
70366,"Silent Night, Deadly Night Part 2 (1987)",1987,2.16,72
5998,Doppelganger (1993),1993,2.15,110
7117,Leprechaun (1993),1993,2.15,618
50440,Primeval (2007),2007,2.15,124
2568,"Mod Squad, The (1999)",1999,2.15,1514
158428,Alvin and the Chipmunks: The Road Chip (2015),2015,2.15,102
8701,Dr. Jekyll and Ms. Hyde (1995),1995,2.15,109
6740,Bingo (1991),1991,2.15,83
1720,Time Tracers (1995),1995,2.15,57
2514,Pet Sematary II (1992),1992,2.15,1120
27685,Bring It On Again (2004),2004,2.15,321
60363,Zombie Strippers! (2008),2008,2.15,276
36531,Venom (2005),2005,2.15,130
175485,Death Note (2017),2017,2.15,616
2450,Howard the Duck (1986),1986,2.14,4104
44494,Son of the Pink Panther (1993),1993,2.14,126
2164,Surf Nazis Must Die (1987),1987,2.14,240
4944,Empire of the Ants (1977),1977,2.14,157
226588,I Am Greta (2020),2020,2.14,65
4512,Hot to Trot (1988),1988,2.14,163
5841,Return to the Blue Lagoon (1991),1991,2.14,586
77427,"Human Centipede, The (First Sequence) (2009)",2009,2.14,1159
2053,"Honey, I Blew Up the Kid (1992)",1992,2.14,4997
66,Lawnmower Man 2: Beyond Cyberspace (1996),1996,2.13,2415
34530,Deuce Bigalow: European Gigolo (2005),2005,2.13,1057
5140,"Bad News Bears Go to Japan, The (1978)",1978,2.13,244
6996,Highlander II: The Quickening (1991),1991,2.13,1434
4839,Death Ship (1980),1980,2.13,103
122902,Fantastic Four (2015),2015,2.13,1696
145028,Jem and the Holograms (2015),2015,2.13,58
3768,Braddock: Missing in Action III (1988),1988,2.13,389
85399,"Big Mommas: Like Father, Like Son (2011)",2011,2.13,152
2381,Police Academy 4: Citizens on Patrol (1987),1987,2.13,3011
2265,Nothing But Trouble (1991),1991,2.13,792
1867,Tarzan and the Lost City (1998),1998,2.13,266
1988,Prom Night II (1987),1987,2.13,339
1862,Species II (1998),1998,2.13,2301
3767,Missing in Action 2: The Beginning (1985),1985,2.12,492
59306,Prom Night (2008),2008,2.12,317
8363,Soul Plane (2004),2004,2.12,443
3488,"Hideous Sun Demon, The (1959)",1959,2.12,77
54768,Daddy Day Camp (2007),2007,2.12,216
2798,Problem Child (1990),1990,2.12,1899
4502,Ernest Saves Christmas (1988),1988,2.12,829
167842,Death Race 2050 (2017),2017,2.12,58
135643,The Disappointments Room (2015),2015,2.12,72
5962,Body of Evidence (1993),1993,2.12,447
7175,Torque (2004),2004,2.12,418
50147,Black Christmas (2006),2006,2.12,276
2338,I Still Know What You Did Last Summer (1998),1998,2.12,4787
126405,The Adventures of André and Wally B. (1984),1984,2.12,52
4831,Can't Stop the Music (1980),1980,2.11,127
4096,"Curse, The (a.k.a. The Farm) (1987)",1987,2.11,53
1993,Child's Play 3 (1991),1991,2.11,1196
85295,Scooby-Doo! Curse of the Lake Monster (2010),2010,2.11,89
3877,Supergirl (1984),1984,2.11,1334
224545,American Pie Presents: Girls' Rules (2020),2020,2.11,68
470,House Party 3 (1994),1994,2.11,472
180435,Jeepers Creepers 3 (2017),2017,2.11,89
101997,Scary Movie 5 (Scary MoVie) (2013),2013,2.11,447
2720,Inspector Gadget (1999),1999,2.11,4691
5729,Endless Love (1981),1981,2.1,173
2903,Psycho III (1986),1986,2.1,807
4100,Disorderlies (1987),1987,2.1,214
8687,Orgy of the Dead (1965),1965,2.1,50
5323,Jason X (2002),2002,2.1,1435
1499,Anaconda (1997),1997,2.1,6943
210469,Like a Boss (2020),2020,2.1,57
59295,Expelled: No Intelligence Allowed (2008),2008,2.1,166
737,Barb Wire (1996),1996,2.1,4695
5476,Halloween: Resurrection (Halloween 8) (2002),2002,2.1,878
1886,I Got the Hook Up (1998),1998,2.09,85
5597,Suburban Commando (1991),1991,2.09,347
1984,Halloween III: Season of the Witch (1982),1982,2.09,1360
96510,"Apparition, The (2012)",2012,2.09,76
4845,Corky Romano (2001),2001,2.09,880
3799,Pokémon the Movie 2000 (2000),2000,2.09,1384
1980,Friday the 13th Part VII: The New Blood (1988),1988,2.09,1255
91671,Alvin and the Chipmunks: Chipwrecked (2011),2011,2.09,294
278640,Pinocchio (2022),2022,2.08,77
89427,Shark Night 3D (2011),2011,2.08,95
4483,Caddyshack II (1988),1988,2.08,794
129250,Superfast! (2015),2015,2.08,55
31553,Double Dragon (1994),1994,2.08,220
4123,Ishtar (1987),1987,2.08,561
8380,Father Hood (1993),1993,2.08,62
170289,Species III (2004),2004,2.08,62
53453,Starcrash (a.k.a. Star Crash) (1978),1978,2.08,87
2461,Leatherface: Texas Chainsaw Massacre III (1990),1990,2.08,480
1978,Friday the 13th Part V: A New Beginning (1985),1985,2.08,1354
2534,Avalanche (1978),1978,2.08,114
39400,"Fog, The (2005)",2005,2.08,589
3695,"Toxic Avenger Part III: The Last Temptation of Toxie, The (1989)",1989,2.08,357
546,Super Mario Bros. (1993),1993,2.08,6169
203393,Escape Plan: The Extractors (2019),2019,2.08,77
3774,House Party 2 (1991),1991,2.08,347
34170,C.H.O.M.P.S. (1979),1979,2.08,52
5306,Return to Horror High (1987),1987,2.08,78
4044,Breaker! Breaker! (1977),1977,2.07,67
57326,In the Name of the King: A Dungeon Siege Tale (2008),2008,2.07,405
2153,"Avengers, The (1998)",1998,2.07,2974
60649,Space Chimps (2008),2008,2.07,220
139056,I'll Always Know What You Did Last Summer (2006),2006,2.07,60
65738,Revenge of the Nerds III: The Next Generation (1992),1992,2.07,91
39408,Left Behind: World at War (2005),2005,2.07,84
5691,Jason Goes to Hell: The Final Friday (1993),1993,2.06,690
3997,Dungeons & Dragons (2000),2000,2.06,2477
1681,Mortal Kombat: Annihilation (1997),1997,2.06,2520
5482,"Country Bears, The (2002)",2002,2.06,261
121781,Stuart Little 3: Call of the Wild (2005),2005,2.06,50
3689,Porky's II: The Next Day (1983),1983,2.06,979
4268,Town & Country (2001),2001,2.06,236
6566,Spy Kids 3-D: Game Over (2003),2003,2.06,1549
125916,Fifty Shades of Grey (2015),2015,2.06,2014
4566,American Ninja 2: The Confrontation (1987),1987,2.06,303
4494,Critters 3 (1991),1991,2.06,321
7701,Look Who's Talking Too (1990),1990,2.06,1865
4652,"Return of Swamp Thing, The (1989)",1989,2.06,241
5471,Perfect (1985),1985,2.05,157
55292,"Comebacks, The (2007)",2007,2.05,115
5546,976-EVIL (1989),1989,2.05,188
1996,Poltergeist III (1988),1988,2.05,1211
44844,Phat Girlz (2006),2006,2.05,60
3690,Porky's Revenge (1985),1985,2.05,802
4852,Bones (2001),2001,2.05,252
2244,"Allnighter, The (1987)",1987,2.05,95
4576,C.H.U.D. II - Bud the Chud (1989),1989,2.05,97
42053,Dirty Love (2005),2005,2.05,77
4138,My Demon Lover (1987),1987,2.04,124
47810,"Wicker Man, The (2006)",2006,2.04,1215
5543,"Swarm, The (1978)",1978,2.04,207
286,Nemesis 2: Nebula (1995),1995,2.04,111
7725,On Deadly Ground (1994),1994,2.04,362
3945,Digimon: The Movie (2000),2000,2.04,585
26764,Captain America (1990),1990,2.04,106
73042,Alvin and the Chipmunks: The Squeakquel (2009),2009,2.04,607
4630,No Holds Barred (1989),1989,2.04,220
1170,Best of the Best 3: No Turning Back (1995),1995,2.04,169
167740,The Bye Bye Man (2017),2017,2.03,150
1326,Amityville II: The Possession (1982),1982,2.03,631
2536,"Concorde: Airport '79, The (1979)",1979,2.03,340
33966,Cop and ½ (1993),1993,2.03,147
6794,Beethoven's 2nd (1993),1993,2.03,1149
132157,Paul Blart: Mall Cop 2 (2015),2015,2.03,441
270720,Texas Chainsaw Massacre (2022),2022,2.03,112
83177,Yogi Bear (2010),2010,2.03,250
96448,Piranha 3DD (a.k.a. Piranha DD) (2012),2012,2.03,215
3433,Death Wish 4: The Crackdown (1987),1987,2.02,321
180093,Singularity (2017),2017,2.02,66
5523,"Adventures of Pluto Nash, The (2002)",2002,2.02,889
5609,Ballistic: Ecks vs. Sever (2002),2002,2.02,779
122908,Inhumans (2018),2018,2.02,66
1878,Woo (1998),1998,2.01,149
33685,"Honeymooners, The (2005)",2005,2.01,75
27793,Starship Troopers 2: Hero of the Federation (2004),2004,2.01,545
4686,Weekend at Bernie's II (1993),1993,2.01,1099
3026,Slaughterhouse (1987),1987,2.01,88
33681,"Adventures of Sharkboy and Lavagirl 3-D, The (2005)",2005,2.01,665
8839,"Mangler, The (1995)",1995,2.01,145
3001,"Suburbans, The (1999)",1999,2.01,82
27473,American Psycho II: All American Girl (2002),2002,2.0,211
30883,Fat Albert (2004),2004,2.0,383
3434,Death Wish 5: The Face of Death (1994),1994,2.0,256
2643,Superman IV: The Quest for Peace (1987),1987,2.0,3654
6685,Marci X (2003),2003,2.0,61
5880,Extreme Ops (2002),2002,2.0,109
2965,"Omega Code, The (1999)",1999,2.0,436
5864,"Tarzan, the Ape Man (1981)",1981,2.0,180
3973,Book of Shadows: Blair Witch 2 (2000),2000,1.99,1654
2754,Deadtime Stories (1987),1987,1.99,82
8138,Attack of the Giant Leeches (1959),1959,1.99,82
4412,"Thing with Two Heads, The (1972)",1972,1.99,158
2537,Beyond the Poseidon Adventure (1979),1979,1.99,294
1490,B*A*P*S (1997),1997,1.99,338
4471,Arthur 2: On the Rocks (1988),1988,1.99,460
2152,Air Bud: Golden Receiver (1998),1998,1.98,793
1602,Leave It to Beaver (1997),1997,1.98,456
66639,Street Fighter: The Legend of Chun-Li (2009),2009,1.98,225
2828,Dudley Do-Right (1999),1999,1.98,1025
8847,Graffiti Bridge (1990),1990,1.98,59
6951,"Cat in the Hat, The (2003)",2003,1.98,1696
5857,So Fine (1981),1981,1.98,57
6208,Teenagers from Outer Space (1959),1959,1.98,111
69227,Ernest Rides Again (1993),1993,1.98,62
6152,"Yor, the Hunter from the Future (1983)",1983,1.98,103
5452,Look Who's Talking Now (1993),1993,1.98,2465
1381,Grease 2 (1982),1982,1.97,3823
3663,Puppet Master 4 (1993),1993,1.97,252
5045,Galaxina (1980),1980,1.97,82
215525,Artemis Fowl (2020),2020,1.97,228
33168,Jiminy Glick in La La Wood (2004),2004,1.97,59
46865,Little Man (2006),2006,1.97,602
58315,"Love Guru, The (2008)",2008,1.96,925
3939,Slumber Party Massacre II (1987),1987,1.96,192
181,Mighty Morphin Power Rangers: The Movie (1995),1995,1.96,2924
6099,Megaforce (1982),1982,1.96,89
51520,Teen Wolf Too (1987),1987,1.96,138
56,Kids of the Round Table (1995),1995,1.96,74
89002,Spy Kids: All the Time in the World in 4D (2011),2011,1.96,377
32666,National Lampoon's Lady Killers (National Lampoon's Gold Diggers) (2003),2003,1.96,71
206702,Doom: Annihilation (2019),2019,1.96,81
61267,Fly Me to the Moon (2008),2008,1.96,91
2382,Police Academy 5: Assignment: Miami Beach (1988),1988,1.95,2512
57041,Santa Claus Conquers the Martians (1964),1964,1.95,102
4567,American Ninja 3: Blood Hunt (1989),1989,1.95,199
4749,3 Ninjas Kick Back (1994),1994,1.95,668
5735,Faces of Death (1978),1978,1.95,323
8830,Anacondas: The Hunt for the Blood Orchid (2004),2004,1.95,793
80617,Cats & Dogs: The Revenge of Kitty Galore (2010),2010,1.94,195
8676,Fist of the North Star (1995),1995,1.94,95
98381,Hellraiser: Revelations (2011),2011,1.94,66
5443,Juwanna Mann (2002),2002,1.94,296
3958,Billy Jack Goes to Washington (1977),1977,1.93,136
1853,"Alan Smithee Film: Burn Hollywood Burn, An (1997)",1997,1.93,169
2452,"Gate II: Trespassers, The (1990)",1990,1.93,110
195165,Holmes and Watson (2018),2018,1.93,259
3941,Sorority House Massacre (1986),1986,1.93,131
210331,Black Christmas (2019),2019,1.93,55
1335,Blood Beach (1981),1981,1.93,229
5195,"Zombie Lake (Lac des morts vivants, Le) (Zombies Lake) (Lake of the Living Dead, The) (1981)",1981,1.92,60
149186,Fifty Shades of Black (2016),2016,1.92,100
61818,"Crow, The: Wicked Prayer (2005)",2005,1.92,84
31555,Mac and Me (1988),1988,1.92,207
1556,Speed 2: Cruise Control (1997),1997,1.92,5893
1998,Exorcist II: The Heretic (1977),1977,1.92,1154
77820,Furry Vengeance (2010),2010,1.92,122
3666,Retro Puppet Master (Puppet Master 7) (1999),1999,1.92,120
6013,Kangaroo Jack (2003),2003,1.91,1081
6995,Hercules in New York (1970),1970,1.91,280
2515,Children of the Corn II: The Final Sacrifice (1993),1993,1.91,498
393,Street Fighter (1994),1994,1.91,2611
6577,Kickboxer 2: The Road Back (1991),1991,1.91,168
3931,"Giant Gila Monster, The (1959)",1959,1.9,188
5587,"Hills Have Eyes Part II, The (1985)",1985,1.9,115
63540,Beverly Hills Chihuahua (2008),2008,1.9,372
5106,Crossroads (2002),2002,1.9,1153
138798,Joe Dirt 2: Beautiful Loser (2015),2015,1.9,58
175673,The Life and Death of John Gotti (2017),2017,1.89,71
4985,Sheena (1984),1984,1.89,205
3667,Rent-A-Cop (1988),1988,1.89,139
53004,Delta Farce (2007),2007,1.89,166
4507,Fresh Horses (1988),1988,1.89,55
4598,Going Overboard (1989),1989,1.89,159
136305,Sharknado 3: Oh Hell No! (2015),2015,1.89,139
1822,Meet the Deedles (1998),1998,1.89,185
253618,Space Jam: A New Legacy (2021),2021,1.88,286
66808,Far Cry (2008),2008,1.88,99
115414,Left Behind (2014),2014,1.88,185
1707,Home Alone 3 (1997),1997,1.88,3635
32627,Rhinestone (1984),1984,1.88,131
121129,The Hungover Games (2014),2014,1.88,81
6325,"Real Cancun, The (2003)",2003,1.88,226
3820,Thomas and the Magic Railroad (2000),2000,1.87,213
5501,"Master of Disguise, The (2002)",2002,1.87,1039
1389,Jaws 3-D (1983),1983,1.87,2149
3665,Curse of the Puppet Master (Puppet Master 6: The Curse) (1998),1998,1.86,184
118300,Home Alone: The Holiday Heist (2012),2012,1.86,72
4124,Jaws: The Revenge (1987),1987,1.86,1407
5556,FearDotCom (a.k.a. Fear.com) (a.k.a. Fear Dot Com) (2002),2002,1.86,714
80350,Vampires Suck (2010),2010,1.86,435
5248,Smokey and the Bandit III (1983),1983,1.86,387
4875,On the Line (2001),2001,1.86,109
4514,Howling IV: The Original Nightmare (1988),1988,1.85,155
1981,Friday the 13th Part VIII: Jason Takes Manhattan (1989),1989,1.85,1426
4398,Speed Zone! (a.k.a. Cannonball Run III) (1989),1989,1.85,263
4241,Pokémon 3: The Movie (2001),2001,1.85,759
50806,Norbit (2007),2007,1.85,1009
2799,Problem Child 2 (1991),1991,1.85,1256
44243,Leprechaun 4: In Space (1997),1997,1.85,97
26828,Mr. Nanny (1993),1993,1.85,147
184315,Hellraiser: Judgment (2018),2018,1.85,50
1731,Mr. Magoo (1997),1997,1.85,895
2383,Police Academy 6: City Under Siege (1989),1989,1.85,2324
78893,"Last Airbender, The (2010)",2010,1.85,2036
5094,Rollerball (2002),2002,1.85,1074
6352,Lambada (1990),1990,1.85,120
5374,Devil Doll (1964),1964,1.84,64
2816,Iron Eagle II (1988),1988,1.84,985
43926,Doogal (2006),2006,1.84,91
2807,Universal Soldier: The Return (1999),1999,1.84,1390
54274,I Know Who Killed Me (2007),2007,1.84,267
3564,"Flintstones in Viva Rock Vegas, The (2000)",2000,1.83,1786
3268,Stop! Or My Mom Will Shoot (1992),1992,1.83,2046
57223,D-War (Dragon Wars) (2007),2007,1.83,291
141131,Guardians (2016),2016,1.83,112
3463,Last Resort (National Lampoon's Last Resort) (1994),1994,1.82,74
172289,George of the Jungle 2 (2003),2003,1.82,51
7133,Metalstorm: The Destruction of Jared-Syn (1983),1983,1.82,65
1328,"Amityville Curse, The (1990)",1990,1.82,272
8387,Police Academy: Mission to Moscow (1994),1994,1.82,1122
3664,Puppet Master 5: The Final Chapter (1994),1994,1.82,240
44729,Larry the Cable Guy: Health Inspector (2006),2006,1.82,217
8747,Uncle Sam (1997),1997,1.82,57
810,Kazaam (1996),1996,1.82,2085
4750,3 Ninjas Knuckle Up (1995),1995,1.81,492
1760,Spice World (1997),1997,1.81,2970
92058,"Human Centipede II (Full Sequence), The (2011)",2011,1.81,434
1679,Chairman of the Board (1998),1998,1.8,200
7292,Best Defense (1984),1984,1.8,138
2974,Bats (1999),1999,1.8,657
8666,Catwoman (2004),2004,1.8,2969
190287,Slender Man (2018),2018,1.79,110
158254,Kindergarten Cop 2 (2016),2016,1.79,59
2516,Children of the Corn III (1994),1994,1.78,437
76119,Extreme Movie (2008),2008,1.78,69
3041,Meatballs Part II (1984),1984,1.78,483
1324,Amityville: Dollhouse (1996),1996,1.78,241
5779,Piranha II: The Spawning (1981),1981,1.78,207
183815,The Open House (2018),2018,1.78,129
2368,King Kong Lives (1986),1986,1.78,438
2462,Texas Chainsaw Massacre: The Next Generation (a.k.a. The Return of the Texas Chainsaw Massacre) (1994),1994,1.77,652
186955,Deep Blue Sea 2 (2018),2018,1.76,55
6482,Dumb and Dumberer: When Harry Met Lloyd (2003),2003,1.76,2233
3166,Brenda Starr (1989),1989,1.76,87
5701,Up the Academy (1980),1980,1.75,55
2655,Howling II: Your Sister Is a Werewolf (1985),1985,1.75,326
5675,Swept Away (2002),2002,1.75,306
1322,Amityville 1992: It's About Time (1992),1992,1.74,296
3942,Sorority House Massacre II (1990),1990,1.74,126
7189,"Car 54, Where Are You? (1994)",1994,1.74,84
92448,Bucky Larson: Born to Be a Star (2011),2011,1.74,55
161918,Sharknado 4: The 4th Awakens (2016),2016,1.73,81
58146,Witless Protection (2008),2008,1.73,103
3940,Slumber Party Massacre III (1990),1990,1.73,122
1595,Free Willy 3: The Rescue (1997),1997,1.72,991
175475,The Emoji Movie (2017),2017,1.71,314
26157,Manos: The Hands of Fate (1966),1966,1.71,153
6899,Alien from L.A. (1988),1988,1.71,89
4425,Howling III: The Marsupials (1987),1987,1.71,225
1325,Amityville: A New Generation (1993),1993,1.7,280
42721,BloodRayne (2005),2005,1.7,551
3572,Carnosaur (1993),1993,1.7,391
79166,Creepshow 3 (2006),2006,1.7,51
170046,Amy Schumer: The Leather Special (2017),2017,1.69,90
2887,Simon Sez (1999),1999,1.69,135
2555,Baby Geniuses (1999),1999,1.68,1535
3437,Cool as Ice (1991),1991,1.68,179
89281,Birdemic: Shock and Terror (2010),2010,1.68,204
3043,Meatballs 4 (1992),1992,1.68,230
4781,Megiddo: The Omega Code 2 (2001),2001,1.68,81
2817,Aces: Iron Eagle III (1992),1992,1.67,722
68965,Dance Flick (2009),2009,1.66,98
8811,Yu-Gi-Oh! (2004),2004,1.65,312
2449,"Garbage Pail Kids Movie, The (1987)",1987,1.65,337
73829,Mega Shark vs. Giant Octopus (2009),2009,1.64,138
208207,Cats (2019),2019,1.63,305
1599,Steel (1997),1997,1.63,607
1323,Amityville 3-D (1983),1983,1.63,442
57532,Meet the Spartans (2008),2008,1.63,1139
3962,Ghoulies II (1987),1987,1.63,293
2386,Jerry Springer: Ringmaster (1998),1998,1.62,603
43919,Date Movie (2006),2006,1.62,1086
90890,Jack and Jill (2011),2011,1.62,733
6827,It's Pat (1994),1994,1.61,371
3042,Meatballs III (1987),1987,1.61,402
2818,Iron Eagle IV (1995),1995,1.61,465
241784,Cosmic Sin (2021),2021,1.6,51
133824,The Human Centipede III (Final Sequence) (2015),2015,1.59,144
1739,3 Ninjas: High Noon On Mega Mountain (1998),1998,1.59,661
54268,Who's Your Caddy? (2007),2007,1.59,51
84312,Home Alone 4 (2002),2002,1.59,428
1989,Prom Night III: The Last Kiss (1989),1989,1.59,192
225918,Jiu Jitsu (2020),2020,1.58,58
8290,Mitchell (1975),1975,1.57,90
5734,Faces of Death 2 (1981),1981,1.57,209
3593,Battlefield Earth (2000),2000,1.57,5010
5356,"Giant Spider Invasion, The (1975)",1975,1.56,88
7244,"Beast of Yucca Flats, The (1961)",1961,1.55,86
4051,Horrors of Spider Island (Ein Toter Hing im Netz) (1960),1960,1.55,67
5700,The Pumaman (1980),1980,1.53,76
54290,Bratz: The Movie (2007),2007,1.53,253
3390,Shanghai Surprise (1986),1986,1.53,237
67867,Dragonball Evolution (2009),2009,1.51,745
4125,Leonard Part 6 (1987),1987,1.5,473
5736,Faces of Death 3 (1985),1985,1.49,201
151313,Norm of the North (2016),2016,1.49,56
88572,Fred: The Movie (2010),2010,1.49,50
6371,Pokémon Heroes (2003),2003,1.49,411
5672,Pokemon 4 Ever (a.k.a. Pokémon 4: The Movie) (2002),2002,1.48,581
31424,Alone in the Dark (2005),2005,1.48,611
3573,Carnosaur 2 (1995),1995,1.47,170
1990,Prom Night IV: Deliver Us From Evil (1992),1992,1.47,156
50798,Epic Movie (2007),2007,1.46,1492
95796,Anaconda: The Offspring (2008),2008,1.46,52
1495,Turbo: A Power Rangers Movie (1997),1997,1.43,770
5647,Ernest Goes to Africa (1997),1997,1.41,235
135216,The Star Wars Holiday Special (1978),1978,1.4,248
5740,Faces of Death: Fact or Fiction? (1999),1999,1.39,125
5737,Faces of Death 4 (1990),1990,1.38,177
5738,Faces of Death 5 (1996),1996,1.36,153
171729,The Best Movie (2008),2008,1.35,50
6872,"House of the Dead, The (2003)",2003,1.34,558
3574,Carnosaur 3: Primal Species (1996),1996,1.32,145
5739,Faces of Death 6 (1996),1996,1.28,172
61348,Disaster Movie (2008),2008,1.25,715
121103,Justin Bieber: Never Say Never (2011),2011,1.24,63
31698,Son of the Mask (2005),2005,1.22,832
6587,Gigli (2003),2003,1.2,838
1826,Barney's Great Adventure (1998),1998,1.2,440
145096,Barbie & Her Sisters in the Great Puppy Adventure (2015),2015,1.18,72
4775,Glitter (2001),2001,1.13,757
6483,From Justin to Kelly (2003),2003,1.01,472
8859,SuperBabies: Baby Geniuses 2 (2004),2004,0.87,257
